scheme,mukim,district,lat,lon,geo_level,matched
(P/L 2256) TMN MERU MAS/TMN MERU AMAN,KAPAR,Klang,,,none,
(P/L 4346)TMN TOK MUDA,KAPAR,Klang,3.1412055,101.341985,road,"Jalan Sagu 6D/KU14, Kapar, Klang City, Klang, Selangor, 42200, Malaysia"
1 DESA RESIDENCE,MUKIM KUALA LUMPUR,Kuala Lumpur,3.1055218,101.692142,scheme,"1 Desa Residence, Taman Desa, Kuala Lumpur, Malaysia"
1 HARMONIS,SETAPAK,Gombak,3.2343681,101.7158197,scheme,"1 Harmonis, Gombak, Selayang Municipal Council, Gombak, Selangor, Malaysia"
1 PETALING,MUKIM PETALING,Kuala Lumpur,3.0723451,101.6960623,scheme,"1, Jalan Sri Petaling 2, Zone F, Sri Petaling, Kuala Lumpur, 57000, Malaysia"
1 RAZAK MANSION,MUKIM KUALA LUMPUR,Kuala Lumpur,3.1078294,101.7034376,scheme,"1 Razak Mansion, Bandar Tun Razak, Seputeh, Kuala Lumpur, Malaysia"
1 SENTUL,MUKIM SETAPAK,Kuala Lumpur,3.1848238,101.7085127,scheme,"Lorong Chan Chin Mooi 1, Kampung Puah Seberang, Kuala Lumpur, 53200, Malaysia"
10 MON'T KIARA,MUKIM BATU,Kuala Lumpur,,,none,
10 MONT KIARA,MUKIM BATU,Kuala Lumpur,3.1700936,101.6560894,scheme,"10 Mont Kiara, 4, Mont Kiara, Kuala Lumpur, 50480, Malaysia"
10 RESIDENSI-SEKSYEN 17 SHAH ALAM,BANDAR SHAH ALAM,Petaling,,,none,
100 D KG. LOMBONG,KELANG,Klang,2.9702331,101.5602773,scheme,"Kampung Lombong, Shah Alam, Klang, Selangor, Malaysia"
100 RESIDENSI,MUKIM SETAPAK,Kuala Lumpur,3.1997518,101.7114333,scheme,"100 Residency, Setapak, Kampung Padang Balang, Kuala Lumpur, Malaysia"
1080 RESIDENCE,KAJANG,Hulu Langat,3.0199427,101.8130153,scheme,"1080 Residence, Kajang Municipal Council, Hulu Langat, Selangor, Malaysia"
11 MONT KIARA,MUKIM BATU,Kuala Lumpur,3.1689735,101.6551111,scheme,"11 Mont Kiara, Mont Kiara, Kuala Lumpur, 50480, Malaysia"
18 MADGE,KUALA LUMPUR TOWN CENTRE,Kuala Lumpur,3.1581948,101.7281188,scheme,"18 Madge Onsen Suite, Kampung Datuk Keramat, Kuala Lumpur, Malaysia"
1A STONOR APT (CONLAY COURT),KUALA LUMPUR TOWN CENTRE,Kuala Lumpur,,,none,
2 HAMPSHIRE,KUALA LUMPUR TOWN CENTRE,Kuala Lumpur,3.1620683,101.7163062,scheme,"2 Hampshire, 10, Kampung Paya, Kampung Datuk Keramat, Kuala Lumpur, 50450, Malaysia"
20 TREE WEST,BANDAR HULU KELANG,Gombak,,,none,
20 TREE WEST,HULU KLANG,Gombak,3.1801164,101.7588674,road,"Jalan 1, Taman Sri Ukay, Bukit Antarabangsa, Ulu Kelang, Ampang Jaya Municipal Council, Gombak, Selangor, 54200, Malaysi"
20 TREES (P/L 500 DAN 501),BANDAR HULU KELANG,Gombak,3.2184878,101.7529729,scheme,"20 Trees, Ulu Kelang, Ampang Jaya Municipal Council, Gombak, Selangor, Malaysia"
20 TREES (P/L 500 DAN 501),HULU KLANG,Gombak,3.2184878,101.7529729,scheme,"20 Trees, Ulu Kelang, Ampang Jaya Municipal Council, Gombak, Selangor, Malaysia"
228 SELAYANG,BANDAR SELAYANG,Gombak,3.2546869,101.6539761,scheme,"Selayang.18 Residences, Bandar Baru Selayang, Batu Caves, Selayang Municipal Council, Gombak, Selangor, Malaysia"
28 GREEN VIEW RESIDENCE @ SG PELEK,SEPANG,Sepang,2.6501174,101.7146744,road,"Jalan Perdana 10/1, Taman Perdana, Sungai Pelek, Sepang, Selangor, 45950, Malaysia"
28 MONT KIARA,MUKIM BATU,Kuala Lumpur,3.1737554,101.6522389,scheme,"28 Mont'Kiara (MK28), Mont Kiara, Kuala Lumpur, Malaysia"
28 RESIDENCE @ TAMAN ORKID SALAK TINGGI,DENGKIL,Sepang,,,none,
280 PARK HOMES CONDOMINIUM-PUCHONG PRIMA,PETALING,Petaling,,,none,
288 RESIDENCES,MUKIM PETALING,Kuala Lumpur,3.0810836,101.6878498,scheme,"288 Residences, Kuchai Lama, Kuala Lumpur, Malaysia"
288 RESIDENCY,MUKIM SETAPAK,Kuala Lumpur,3.1969203,101.7075293,scheme,"288 Residency, Jalan Semarak Api, Diamond Square, Kampung Puah, Kampung Padang Balang, Kuala Lumpur, 53000, Malaysia"
"3 RESIDEN, MELAWATI",MUKIM SETAPAK,Kuala Lumpur,3.2215124,101.735654,scheme,"3 Residen Condominium, Jalan 6/4, Desa Melawati, Wangsa Maju, Kuala Lumpur, 53100, Malaysia"
"39,LINGKUNGAN U-THANT",MUKIM AMPANG,Kuala Lumpur,3.1479213,101.7339317,scheme,"39, Lingkungan U-Thant, Taman U-Thant, Ampang Hilir, Kampung Pandan, Kuala Lumpur, 55000, Malaysia"
6 CAPSQUARE,KUALA LUMPUR TOWN CENTRE,Kuala Lumpur,3.1539543,101.7000029,scheme,"6Capsquare Condominium, 6, Persiaran Capsquare, Kampung Paya, Kampung Cendana, Kuala Lumpur, 50100, Malaysia"
633 RESIDENCY,KUALA LUMPUR TOWN CENTRE,Kuala Lumpur,3.1333236,101.6929951,scheme,"633 Residency, Brickfields, Kuala Lumpur, Malaysia"
7 THREE SEVEN RESIDENCE,CHERAS,Hulu Langat,,,none,
8 PETALING,MUKIM PETALING,Kuala Lumpur,3.0737389,101.690921,scheme,"8, Jalan Sri Petaling 15, Zone F, Sri Petaling, Kuala Lumpur, 57000, Malaysia"
9 MADGE,KUALA LUMPUR TOWN CENTRE,Kuala Lumpur,3.1571537,101.7269964,scheme,"9 Madge, Kampung Datuk Keramat, Kuala Lumpur, Malaysia"
9INE SG PUTIH HILL CHERAS,HULU LANGAT,Hulu Langat,,,none,
A'MARINE SUNWAY SOUTH QUAY- PJS 9,BDR SUNWAY,Petaling,,,none,
ABADI INDAH APARTMENT,MUKIM KUALA LUMPUR,Kuala Lumpur,3.095701,101.6866912,scheme,"Apartment Abadi Indah, Kuchai Lama, Kuala Lumpur, Malaysia"
ABADI VILLA,MUKIM KUALA LUMPUR,Kuala Lumpur,3.0957795,101.6835234,scheme,"Abadi Villa Condominium, Kuchai Lama, Kuala Lumpur, Malaysia"
ABLELINK SQUARE,KELANG,Klang,,,none,
AC4,MUKIM PETALING,Kuala Lumpur,3.1434549,101.6977498,scheme,"Petaling Street, Bukit Bintang, Kuala Lumpur, 50000, Malaysia"
ACACIA SPRINGS,PEKAN KUANG,Gombak,,,none,
ADMIRAL PARK,CHERAS,Hulu Langat,3.040101,101.7925009,road,"Jalan SL 1/4, Bandar Mahkota Cheras, Kajang Municipal Council, Hulu Langat, Selangor, 43000, Malaysia"
AIRA RESIDENCE,MUKIM KUALA LUMPUR,Kuala Lumpur,3.1547853,101.6585518,scheme,"AIRA Residence, Damansara Heights, Kuala Lumpur, Malaysia"
"AKASIA APARTMENT, SEKSYEN 32",KELANG,Klang,,,none,
AKASIA APARTMENT-BDR SETIA ALAM,BUKIT RAJA,Petaling,,,none,
AKASIA-PUSAT BANDAR PUCHONG,PEKAN KINRARA,Petaling,,,none,
AL AMEEN RESIDENCE,DENGKIL,Sepang,,,none,
ALAM BUDIMAN,BUKIT RAJA,Petaling,3.1426249,101.4793776,scheme,"Taman Alam Budiman, Section U10, Shah Alam, Petaling, Selangor, Malaysia"
ALAM D16 RESIDENCY,BANDAR SHAH ALAM,Petaling,,,none,
ALAM IMPIAN,KELANG,Klang,3.02384,101.5117943,scheme,"Setia Alam Impian, Section 35, Shah Alam, Klang, Selangor, 40470, Malaysia"
ALAM MUTIARA,IJOK,Kuala Selangor,,,none,
ALAM PALMA HEIGHTS (P/LOT 2405),CHERAS,Hulu Langat,,,none,
"ALAM PERDANA, IJOK",IJOK,Kuala Selangor,,,none,
ALAM PURI 51,MUKIM BATU,Kuala Lumpur,3.2080215,101.6741637,scheme,"Alam Puri Condominium, Kampung Medan Wira Utama, Kuala Lumpur, 51200, Malaysia"
ALAM SARI BANGI,PEKAN KG SUNGAI TANGKAS,Hulu Langat,2.9185562,101.8084271,scheme,"Jalan Alam Sari, Serene Heights, Kampung Batu Tiga, Bangi Lama, Kajang Municipal Council, Hulu Langat, Selangor, 43600, "
ALAM SARI BANGI,SEMENYIH,Hulu Langat,2.9186717,101.8083433,scheme,"Jalan Alam Sari, Serene Heights, Kampung Batu Tiga, Bangi Lama, Kajang Municipal Council, Hulu Langat, Selangor, 43600, "
ALAM SENTOSA,DENGKIL,Sepang,2.9187726,101.7529783,scheme,"Alam Sentosa, Sepang, Selangor, Malaysia"
ALAM SURIA,IJOK,Kuala Selangor,3.235432,101.4070553,scheme,"Taman Alam Suria, Puncak Alam, Kuala Selangor, Selangor, 42300, Malaysia"
ALAM SURIA,JERAM,Kuala Selangor,3.235432,101.4070553,scheme,"Taman Alam Suria, Puncak Alam, Kuala Selangor, Selangor, 42300, Malaysia"
"ALAM SURIA, PUNCAK ALAM",IJOK,Kuala Selangor,3.235432,101.4070553,scheme,"Taman Alam Suria, Puncak Alam, Kuala Selangor, Selangor, 42300, Malaysia"
"ALAM SURIA, PUNCAK ALAM",JERAM,Kuala Selangor,3.235432,101.4070553,scheme,"Taman Alam Suria, Puncak Alam, Kuala Selangor, Selangor, 42300, Malaysia"
ALAM SUTERA,MUKIM PETALING,Kuala Lumpur,3.0526499,101.6627318,scheme,"Alam Sutera, Bukit Jalil, Kuala Lumpur, Malaysia"
ALIX RESIDENCE (RESIDENSI DUTAMAS),MUKIM BATU,Kuala Lumpur,,,none,
ALMASPURI,MUKIM BATU,Kuala Lumpur,3.169707,101.6520935,scheme,"Almaspuri, Mont Kiara, Kuala Lumpur, Malaysia"
ALMIRA 28 @ SUTERA DAMANSARA,PEKAN BARU SG BULUH,Petaling,,,none,
ALORA MEDITERRANEAN APARTMENT,BANDAR SHAH ALAM,Klang,3.0308206,101.5382834,scheme,"MEDITERRANEAN ALORA APARTMENT ii, Jalan Damai 25/60, Section 25, Taman Sri Muda, Shah Alam, Klang, Selangor, 40400, Mala"
"ALORA MEDITERRANEAN APARTMENT, SRI MUDA",BANDAR SHAH ALAM,Klang,3.0308206,101.5382834,scheme,"MEDITERRANEAN ALORA APARTMENT ii, Jalan Damai 25/60, Section 25, Taman Sri Muda, Shah Alam, Klang, Selangor, 40400, Mala"
ALPHA VILLA,MUKIM SETAPAK,Kuala Lumpur,3.2007911,101.7356838,scheme,"Alpha Villa Apartment, 12, Jalan 2/27A, Wangsa Maju, Kuala Lumpur, 53300, Malaysia"
ALTITUDE 236,MUKIM PETALING,Kuala Lumpur,3.0761085,101.7355434,scheme,"Altitude 236 Condominium, Bandar Tun Razak, Cheras, Kuala Lumpur, 56000, Malaysia"
ALUNAN BAYU- SEKSYEN 24 SHAH ALAM,BANDAR SHAH ALAM,Petaling,3.0393785,101.5209994,scheme,"Alunan Bayu, Pangsapuri PKNS Seksyen 24 Shah Alam, Section 24, Shah Alam, Petaling, Selangor, Malaysia"
AMADESA RESORT,MUKIM PETALING,Kuala Lumpur,3.0845023,101.7025481,scheme,"Amadesa Resort Condo, Jalan 2/125, Desa Petaling, Bandar Tun Razak, Salak South, Kuala Lumpur, 57100, Malaysia"
AMAN HEIGHTS-TMN BKT SERDANG SEK 5,PETALING,Petaling,3.0261013,101.6926025,scheme,"Aman Heights Condominium, Jalan Bersatu, Taman Bukit Serdang Seksyen 5, Bukit Serdang, Seri Kembangan, Subang Jaya City "
AMAN KIARA,MUKIM BATU,Kuala Lumpur,3.1659054,101.6475795,scheme,"Aman Kiara, Mont Kiara, Kuala Lumpur, Malaysia"
AMAN RIA RESIDENCE-PUCHONG,BDR SUNWAY,Petaling,,,none,
AMAN RIA RESIDENCE-PUCHONG,PETALING,Petaling,,,none,
AMAN SARI (SEK. 8 KINRARA),PEKAN KINRARA,Petaling,3.0561607,101.6336849,scheme,"Aman Sari, 18, Bukit Tandang, Puchong, Subang Jaya City Council, Petaling, Selangor, Malaysia"
AMAN SERENIA,DENGKIL,Sepang,2.8527831,101.7051097,scheme,"Serenia Aman, Serenia City, Kampung Ampar Tenang, Dengkil, Sepang, Selangor, 43900, Malaysia"
AMAN SURIA DAMANSARA,BDR SAUJANA,Petaling,3.1224561,101.5975543,scheme,"Aman Suria, PJU 1, Ara Damansara, Petaling Jaya, Petaling, Selangor, Malaysia"
AMAN SURIA DAMANSARA,PEKAN CHEMPAKA,Petaling,3.1224561,101.5975543,scheme,"Aman Suria, PJU 1, Ara Damansara, Petaling Jaya, Petaling, Selangor, Malaysia"
AMANDARI KONDO,MUKIM BATU,Kuala Lumpur,,,none,
AMANSIARA,RAWANG,Gombak,3.2731797,101.6486042,scheme,"Taman Amansiara, Selayang Municipal Council, Gombak, Selangor, 48000, Malaysia"
AMARIN KIARA,MUKIM BATU,Kuala Lumpur,3.1684091,101.6442433,scheme,"Amarin Kiara, Sri Hartamas, Kuala Lumpur, Malaysia"
AMARIN WICKHAM,MUKIM AMPANG,Kuala Lumpur,,,none,
AMAYA SAUJANA - U2 SUBANG AIRPORT,BDR SAUJANA,Petaling,,,none,
"AMAZING HEIGHTS APARTMENT, SG UDANG",KELANG,Klang,,,none,
"AMAZING HEIGHTS APARTMENT, SG. UDANG",KELANG,Klang,,,none,
AMBANG BOTANIC,BANDAR KELANG,Klang,2.989241,101.4561624,scheme,"Ambang Botanic 2, Bandar Botanic, Klang City, Klang, Selangor, 41200, Malaysia"
AMBANG BOTANIC,KELANG,Klang,2.989241,101.4561624,scheme,"Ambang Botanic 2, Bandar Botanic, Klang City, Klang, Selangor, 41200, Malaysia"
AMBANG SURIA,JERAM,Kuala Selangor,3.2423226,101.3975943,scheme,"Ambang Suria, Bandar Puncak Alam, Kuala Selangor, Selangor, 42300, Malaysia"
AMBER 1@BUKIT SENTOSA,BANDAR KEPONG,Gombak,,,none,
AMBER HILL,BANDAR HULU KELANG,Gombak,3.216637,101.7542312,scheme,"Amber Hill Melawati, Ulu Kelang, Ampang Jaya Municipal Council, Gombak, Selangor, Malaysia"
AMCORP SERVICED SUITES,BANDAR PETALING JAYA,Petaling,,,none,
AMEERA RESIDENCE-SS2 P.JAYA,BANDAR PETALING JAYA,Petaling,,,none,
AMEERA RESIDENCE-SS2 P.JAYA,PEKAN BARU SG BULUH,Petaling,,,none,
AMERIN RESIDENCE,PEKAN KAJANG,Hulu Langat,,,none,
AMPANG 971 CONDO,MUKIM AMPANG,Kuala Lumpur,,,none,
AMPANG JAYA,BANDAR HULU KELANG,Gombak,3.1276087,101.7538639,scheme,"Ampang Jaya Municipal Council, Hulu Langat, Selangor, 55300, Malaysia"
AMPANG JAYA,HULU KLANG,Gombak,3.1915128,101.7601012,scheme,"Malaysia Transformer Manufacturing Sdn Bhd, Jalan AU 3/1, Bukit Antarabangsa, Ulu Kelang, Ampang Jaya Municipal Council,"
AMPANG PRIMA CONDOMINIUM,BANDAR AMPANG,Hulu Langat,3.1441389,101.7655823,scheme,"Ampang Prima Condominium, Pandan Indah, Ampang, Ampang Jaya Municipal Council, Hulu Langat, Selangor, Malaysia"
AMPANG PUTRA RESIDENCY,BANDAR AMPANG,Hulu Langat,3.1507964,101.7510477,scheme,"Ampang Putra Residency, Kampung Pandan Dalam, Ampang, Ampang Jaya Municipal Council, Hulu Langat, Selangor, Malaysia"
AMPANG TUDOR COURT,HULU KLANG,Gombak,,,none,
AMPANG UTAMA,AMPANG,Hulu Langat,3.1538721,101.7539761,scheme,"Taman Ampang Utama, Kampung Pandan Dalam, Ampang, Ampang Jaya Municipal Council, Hulu Langat, Selangor, Malaysia"
AMPANG UTAMA,BANDAR AMPANG,Hulu Langat,3.1538721,101.7539761,scheme,"Taman Ampang Utama, Kampung Pandan Dalam, Ampang, Ampang Jaya Municipal Council, Hulu Langat, Selangor, Malaysia"
AMPANGPURI CONDOMINIUM,KUALA LUMPUR TOWN CENTRE,Kuala Lumpur,3.1625763,101.7382413,scheme,"Ampangpuri Condominium, Ampang Hilir, Kampung Datuk Keramat, Kuala Lumpur, Malaysia"
AMPERSAND,KUALA LUMPUR TOWN CENTRE,Kuala Lumpur,3.1515012,101.7187679,scheme,"Ampersand, Bukit Bintang, Kuala Lumpur, Malaysia"
AMVERTON GREENS @ BUKIT RIMAU,KELANG,Klang,,,none,
"AMVERTON GREENS, BUKIT RIMAU",KELANG,Klang,,,none,
AMVERTON HILLS SUNGAI BULOH,SUNGAI BULUH,Petaling,3.2113994,101.5299569,scheme,"Amverton Hills, Section U17, Sungai Buloh, Shah Alam, Petaling, Selangor, Malaysia"
AMVERTON PARK,KELANG,Klang,2.9806738,101.5290902,scheme,"Amverton Park, Section 32, Shah Alam, Klang, Selangor, Malaysia"
ANDALUCIA,MUKIM KUALA LUMPUR,Kuala Lumpur,3.1068705,101.6622464,scheme,"Andalucia, 6, Pantai Dalam, Kuala Lumpur, 59200, Malaysia"
ANDAMAN UKAY,HULU KLANG,Gombak,3.1934651,101.7681075,scheme,"Taman Andaman Ukay, Bukit Antarabangsa, Ulu Kelang, Ampang Jaya Municipal Council, Gombak, Selangor, Malaysia"
ANDORRA APARTMENT,BANDAR SHAH ALAM,Klang,3.0260054,101.5364407,scheme,"Apartment Andorra, Persiaran Budiman, Section 25, Taman Sri Muda, Shah Alam, Klang, Selangor, 40400, Malaysia"
"ANDORRA APARTMENT, SRI MUDA",BANDAR SHAH ALAM,Klang,3.0260054,101.5364407,scheme,"Apartment Andorra, Persiaran Budiman, Section 25, Taman Sri Muda, Shah Alam, Klang, Selangor, 40400, Malaysia"
ANG SENG MANSION,KUALA LUMPUR TOWN CENTRE,Kuala Lumpur,,,none,
ANGGERIK VILLA,BANDAR BATU 18 SEMENYIH,Hulu Langat,2.9759147,101.8209459,scheme,"Anggerik Villa II, Kajang Technology City, Semenyih, Kajang Municipal Council, Hulu Langat, Selangor, 43500, Malaysia"
ANGGERIK VILLA,KAJANG,Hulu Langat,2.9759147,101.8209459,scheme,"Anggerik Villa II, Kajang Technology City, Semenyih, Kajang Municipal Council, Hulu Langat, Selangor, 43500, Malaysia"
ANGGERIK VILLA,SEMENYIH,Hulu Langat,2.9759147,101.8209459,scheme,"Anggerik Villa II, Kajang Technology City, Semenyih, Kajang Municipal Council, Hulu Langat, Selangor, 43500, Malaysia"
"ANGGERIK,TERATAI & ORKID-PUCHONG PRIMA",PEKAN PUCHONG PERDANA,Petaling,,,none,
ANGGUNPURI CONDO,MUKIM BATU,Kuala Lumpur,,,none,
ANGKASA CONDOMINIUM,MUKIM PETALING,Kuala Lumpur,3.0795715,101.7306497,scheme,"Angkasa Condominium, Cheras, Kuala Lumpur, Malaysia"
ANGKASA IMPIAN,KUALA LUMPUR TOWN CENTRE,Kuala Lumpur,3.1458597,101.7063788,scheme,"Angkasa Impian, 20, Bukit Bintang, Kuala Lumpur, Malaysia"
ANGKUPURI,MUKIM BATU,Kuala Lumpur,3.1702769,101.6521534,scheme,"Angkupuri, 20, Mont Kiara, Kuala Lumpur, Malaysia"
ANGSA APT,MUKIM BATU,Kuala Lumpur,,,none,
ANJALI NORTH KIARA,MUKIM BATU,Kuala Lumpur,3.1839071,101.6527868,scheme,"Anjali North Kiara, Segambut, Kepong, Kuala Lumpur, Malaysia"
ANJUNG RESIDENCE,BANDAR KAJANG,Hulu Langat,,,none,
ANJUNG TIARA,MUKIM BATU,Kuala Lumpur,3.1827863,101.6448291,scheme,"Anjung Tiara, Kepong, Kuala Lumpur, Malaysia"
ANJUNG VILLA,KUALA LUMPUR TOWN CENTRE,Kuala Lumpur,3.1849881,101.6986332,scheme,"Anjung Villa Condominium, 47, Kampung Chubadak Hilir, Kuala Lumpur, Malaysia"
ANTAH TOWER,MUKIM BATU,Kuala Lumpur,3.1798099,101.673578,scheme,"Antah Tower, Kampung Kasipillay, Kuala Lumpur, Malaysia"
ANYAMAN RESIDENCE,MUKIM PETALING,Kuala Lumpur,3.0707851,101.7076195,scheme,"Anyaman Residence, Sungai Besi, Kuala Lumpur, Malaysia"
APARTMENT ABDULLAH HUKUM,KUALA LUMPUR TOWN CENTRE,Kuala Lumpur,3.1221222,101.6762415,scheme,"Abdullah Hukum Apartments, Bangsar, Kuala Lumpur, Malaysia"
APARTMENT BAIDURI-SEK. 7 SHAH ALAM,BANDAR SHAH ALAM,Petaling,,,none,
APARTMENT BNM - FASA 38 (FASA 3C),BANDAR SUBANG JAYA,Petaling,,,none,
APARTMENT LILI PETALING (RUMAWIP),MUKIM PETALING,Kuala Lumpur,,,none,
APARTMENT RANTAU PANJANG,KAPAR,Klang,3.0696075,101.411827,scheme,"Apartment Rantau Panjang, Jalan Rantau Panjang, Taman Klang Utama, Klang City, Klang, Selangor, 42100, Malaysia"
APARTMENT SERI PELANGI,BANDAR KELANG,Klang,,,none,
"APARTMENT SRI BAYU, BDR ARMADA PUTRA",KELANG,Klang,2.9815219,101.3428393,scheme,"Apartment Sri Bayu, Persiaran Pelabuhan Barat, Bandar Armada Putra, Klang City, Klang, Selangor, 42920, Malaysia"
"APARTMENT TROPIKA, BDR BUKIT TINGGI",PEKAN PENDAMARAN,Klang,,,none,
"APT SRI BAYU@CASUARINA, BDR ARMADA PUTRA",KELANG,Klang,,,none,
ARA DAMANSARA,DAMANSARA,Petaling,3.1084172,101.5866485,scheme,"Ara Damansara, Jalan PJU 1A/44, PJU 1A, Ara Damansara, Petaling Jaya, Petaling, Selangor, 47302, Malaysia"
ARA HILL RESORT CONDOMINIUM,DAMANSARA,Petaling,,,none,
ARAGREENS-ARA DAMANSARA,DAMANSARA,Petaling,3.1208697,101.5782374,scheme,"Aragreens Residences, Jalan PJU 1A/3, PJU 1A, Ara Damansara, Petaling Jaya, Petaling, Selangor, 47301, Malaysia"
ARATA TIJANI CONDO,KUALA LUMPUR TOWN CENTRE,Kuala Lumpur,,,none,
ARAVILLE,MUKIM KUALA LUMPUR,Kuala Lumpur,3.1385155,101.6643501,scheme,"Araville, Bangsar, Kuala Lumpur, Malaysia"
ARCADIA APARTMENT - USJ 11,PEKAN SUBANG JAYA,Petaling,,,none,
ARENA GREEN,MUKIM PETALING,Kuala Lumpur,3.0540654,101.6883344,scheme,"Arena Green Apartment, Maju Expressway, Technology Park Malaysia, Bukit Jalil, Kuala Lumpur, 57000, Malaysia"
ARMANEE CONDOMINIUM-D'SARA DAMAI,SUNGAI BULUH,Petaling,,,none,
ARMANEE TERRACE CONDOMINIUM-PJU 8,SUNGAI BULUH,Petaling,3.172562,101.6035762,scheme,"Armanee Terrace Condominium, PJU 8, Damansara Perdana (PJU 8), Petaling Jaya, Petaling, Selangor, Malaysia"
ARMANNA KONDOMINIUM PRIMA INDAH,KELANG,Klang,,,none,
ASCOTTE BOULEVARD,SEMENYIH,Hulu Langat,2.9243936,101.8607814,scheme,"Ascotte Boulevard, Jalan Bandar Rinching 5-6, Kampung Rinching Hulu, Semenyih, Kajang Municipal Council, Hulu Langat, Se"
ASEANA PUTERI KONDO - BDR PUTERI PUCHONG,PETALING,Petaling,,,none,
ASEANA VILLA THE RESIDENCE,MUKIM BATU,Kuala Lumpur,,,none,
ASIAVILLE (BUKIT ANTARABANGSA),BANDAR HULU KELANG,Gombak,,,none,
ASIAVILLE (BUKIT ANTARABANGSA),HULU KLANG,Gombak,3.1919566,101.7752972,road,"Jalan Mulia 2/1, Taman Bukit Mulia, Bukit Antarabangsa, Ulu Kelang, Ampang Jaya Municipal Council, Gombak, Selangor, 542"
ASPIRE RESIDENCE (CYBERJAYA),BANDAR CYBERJAYA,Sepang,2.8965112,101.636764,scheme,"Aspire Residence, Persiaran Aspirasi, Laman View, Cyber 10, Cyberjaya, Sepang, Selangor, 63300, Malaysia"
ASPIRE RESIDENCE (CYBERJAYA),DENGKIL,Sepang,2.8965112,101.636764,scheme,"Aspire Residence, Persiaran Aspirasi, Laman View, Cyber 10, Cyberjaya, Sepang, Selangor, 63300, Malaysia"
ASTAKA HEIGHTS APARTMENTS,MUKIM KUALA LUMPUR,Kuala Lumpur,,,none,
ASTANA GEMILANG,BANDAR SELAYANG,Gombak,3.2594702,101.6941617,scheme,"Astana Gemilang, Batu Caves, Selayang Municipal Council, Gombak, Selangor, Malaysia"
ASTANA LUMAYAN KONDOMINIUM,MUKIM KUALA LUMPUR,Kuala Lumpur,,,none,
ASTANA PUTRA - TMN BUKIT RAHMAN PUTRA,PEKAN BARU SG BULUH,Petaling,,,none,
ASTERIA APARTMENT @ BANDAR PARKLAND,KELANG,Klang,,,none,
ATHENAEUM (BUKIT ANTARABANGSA),BANDAR HULU KELANG,Gombak,,,none,
ATHENAEUM (BUKIT ANTARABANGSA),HULU KLANG,Gombak,3.1830049,101.7664847,road,"Jalan Wangsa 5A, Taman Wangsa Ukay, Bukit Antarabangsa, Ulu Kelang, Ampang Jaya Municipal Council, Gombak, Selangor, 542"
ATMOSFERA CONDOMINIUM - BDR PCHG JAYA,PEKAN PUCHONG JAYA,Petaling,,,none,
AURA RESIDENCE @ PRESINT 8,BANDAR PUTRAJAYA,Putrajaya,2.9362164,101.6822573,scheme,"Aura Residence, Precinct 8, Putrajaya, Malaysia"
AVANT COURT,MUKIM PETALING,Kuala Lumpur,3.0771041,101.6594391,scheme,"Avant Court, Overseas Union Garden, Kuala Lumpur, Malaysia"
AVANTI RESIDENCES-U17 SG.BULOH,SUNGAI BULUH,Petaling,,,none,
AVENS RESIDENCE,DENGKIL,Sepang,2.9040377,101.7623706,scheme,"Avens Residence, Southville City, Sepang, Selangor, Malaysia"
AVENUE APARTMENT,MUKIM PETALING,Kuala Lumpur,,,none,
AVILLA KONDOMINIUM - BDR PUCHONG JAYA,PEKAN KINRARA,Petaling,,,none,
AWANAPURI,MUKIM KUALA LUMPUR,Kuala Lumpur,,,none,
AZELIA RESIDENCE-BDR SRI DAMANSARA,BDR SRI DAMANSARA,Petaling,3.19816,101.6162246,scheme,"Azelia Residence, PJU 9, Bandar Sri Damansara, Petaling Jaya, Petaling, Selangor, 52200, Malaysia"
BAM VILLAS,MUKIM AMPANG,Kuala Lumpur,,,none,
BAMBOO GARDEN,MUKIM BATU,Kuala Lumpur,3.1945379,101.6762975,scheme,"Bamboo Garden, Batu, Kuala Lumpur, Malaysia"
BANDAR BARU AMPANG,BANDAR AMPANG,Hulu Langat,3.1380674,101.7697583,scheme,"Masjid Bandar Baru Ampang, Jalan Wawasan, Taman Sri Watan, Kampung Sri Taman Baru, Ampang, Ampang Jaya Municipal Council"
BANDAR BARU KUNDANG,BANDAR KUNDANG,Gombak,3.285231,101.5123033,scheme,"Bandar Baru Kundang, Kundang, Selayang Municipal Council, Gombak, Selangor, Malaysia"
BANDAR BARU SALAK,BARU BARU SALAK TINGGI,Sepang,2.8115945,101.7378632,scheme,"Budaya Malaysia, Lorong Warisan, Medan 88, Kampung Giching Hulu, Bandar Baru Salak Tinggi, Sepang, Selangor, 43900, Mala"
BANDAR BARU SELAYANG,BANDAR SELAYANG,Gombak,3.2606729,101.6537404,scheme,"Majlis Peperiksaan Malaysia, Persiaran 1, Puncak Templer, Bandar Baru Selayang, Batu Caves, Selayang Municipal Council, "
BANDAR BARU SELAYANG,BATU,Gombak,3.2560158,101.657264,scheme,"Bandar Baru Selayang, Batu Caves, Selayang Municipal Council, Gombak, Selangor, Malaysia"
BANDAR BARU SELAYANG SG TUA,BANDAR SELAYANG,Gombak,3.2628092,101.6773518,scheme,"Petronas Taman Bandar Baru, Jalan Sungai Tua, Batu Caves, Selayang Municipal Council, Gombak, Selangor, 68100, Malaysia"
BANDAR BARU SELAYANG SG TUA,BATU,Gombak,3.2628092,101.6773518,scheme,"Petronas Taman Bandar Baru, Jalan Sungai Tua, Batu Caves, Selayang Municipal Council, Gombak, Selangor, 68100, Malaysia"
BANDAR BARU SENTUL,KUALA LUMPUR TOWN CENTRE,Kuala Lumpur,3.1839781,101.6989502,scheme,"SK Bandar Baru Sentul, Jalan 1A/48A, Perumahan Awam Sri Perak, Kampung Chubadak Hilir, Kuala Lumpur, 51000, Malaysia"
BANDAR BARU SRI PETALING,MUKIM PETALING,Kuala Lumpur,3.0671058,101.686137,scheme,"Bandar Baru Sri Petaling (Barat), Jalan Radin, Sri Petaling, Kuala Lumpur, 57000, Malaysia"
BANDAR BARU WANGSA MAJU,MUKIM SETAPAK,Kuala Lumpur,3.1974417,101.7238824,road,"Jalan Usahawan Industrial Area, Setapak, Kuala Lumpur, Malaysia"
BANDAR BARU WANGSA MAJU,MUKIM ULU KELANG,Kuala Lumpur,3.2029774,101.748462,road,"Jalan AU 5D/1, Taman Permata, Ulu Kelang, Ampang Jaya Municipal Council, Gombak, Selangor, 53300, Malaysia"
BANDAR BARU WANGSA MAJU SEK 1,MUKIM SETAPAK,Kuala Lumpur,,,none,
BANDAR BARU WANGSA MAJU SEK 10,MUKIM SETAPAK,Kuala Lumpur,,,none,
BANDAR BARU WANGSA MAJU SEK 2,MUKIM SETAPAK,Kuala Lumpur,,,none,
BANDAR BARU WANGSA MAJU SEK 4,MUKIM SETAPAK,Kuala Lumpur,,,none,
BANDAR BARU WANGSA MAJU SEKSYEN 2,MUKIM SETAPAK,Kuala Lumpur,,,none,
BANDAR BKT MAHKOTA BANGI,BERANANG,Hulu Langat,2.8800309,101.8111295,scheme,"SMK Bandar Bukit Mahkota, Bukit Mahkota, Bangi Lama, Kajang Municipal Council, Hulu Langat, Selangor, Malaysia"
BANDAR BUKIT MAHKOTA BANGI,BERANANG,Hulu Langat,2.8800309,101.8111295,scheme,"SMK Bandar Bukit Mahkota, Bukit Mahkota, Bangi Lama, Kajang Municipal Council, Hulu Langat, Selangor, Malaysia"
BANDAR BUKIT PUCHONG,DENGKIL,Sepang,2.9720086,101.6226011,scheme,"Bandar Bukit Puchong 2, Kampung Pulau Meranti, Sepang, Selangor, Malaysia"
BANDAR COUNTRY HOMES,BANDAR KUNDANG,Gombak,3.3291022,101.5326883,scheme,"Bandar Country Homes, Selayang Municipal Council, Gombak, Selangor, 48000, Malaysia"
BANDAR COUNTRY HOMES,BANDAR RAWANG,Gombak,3.3166987,101.5367589,scheme,"Pos Malaysia, Jalan Anggun City 1, Anggun City, Sungai Bakau, Selayang Municipal Council, Gombak, Selangor, 48000, Malay"
BANDAR COUNTRY HOMES,RAWANG,Gombak,3.3166987,101.5367589,scheme,"Pos Malaysia, Jalan Anggun City 1, Anggun City, Sungai Bakau, Selayang Municipal Council, Gombak, Selangor, 48000, Malay"
BANDAR DAMAI PERDANA,CHERAS,Hulu Langat,3.047418,101.7386035,scheme,"Bandar Damai Perdana, Cheras, Kajang Municipal Council, Hulu Langat, Selangor, 56000, Malaysia"
BANDAR DAMAI PERDANA,PEKAN CHERAS,Hulu Langat,3.047418,101.7386035,scheme,"Bandar Damai Perdana, Cheras, Kajang Municipal Council, Hulu Langat, Selangor, 56000, Malaysia"
BANDAR DAMANSARA PERDANA,PEKAN BARU SG BULUH,Petaling,3.1956275,101.6087604,scheme,"Amanah Ikhtiar Malaysia, Persiaran Perdana, PJU 9, Bandar Sri Damansara, Petaling Jaya, Petaling, Selangor, 52200, Malay"
BANDAR DAMANSARA PERDANA,SUNGAI BULUH,Petaling,3.1956275,101.6087604,scheme,"Amanah Ikhtiar Malaysia, Persiaran Perdana, PJU 9, Bandar Sri Damansara, Petaling Jaya, Petaling, Selangor, 52200, Malay"
BANDAR HILLPARK,IJOK,Kuala Selangor,3.2109242,101.4635865,scheme,"Bandar Hillpark, Kuala Selangor, Selangor, 42300, Malaysia"
BANDAR MAHKOTA CHERAS,CHERAS,Hulu Langat,3.0533703,101.7894289,scheme,"Bandar Mahkota Cheras, 46, Jalan Temenggung 13/9, Cheras, Kajang Municipal Council, Hulu Langat, Selangor, 43200, Malays"
BANDAR MAHKOTA CHERAS,HULU LANGAT,Hulu Langat,3.0568568,101.7898004,scheme,"Bandar Mahkota Cheras, Kajang Municipal Council, Hulu Langat, Selangor, Malaysia"
BANDAR MENJALARA (DESA SERI MAHKOTA),MUKIM BATU,Kuala Lumpur,3.1941339,101.6272283,scheme,"Menjalara City, Kepong, Kuala Lumpur, 52200, Malaysia"
BANDAR METRO PUCHONG,PEKAN DESA PUCHONG,Petaling,3.0306316,101.6063308,scheme,"Persiaran Bandar Metro Puchong, Puchong, Subang Jaya City Council, Petaling, Selangor, 47160, Malaysia"
BANDAR METRO PUCHONG,PETALING,Petaling,3.0306316,101.6063308,scheme,"Persiaran Bandar Metro Puchong, Puchong, Subang Jaya City Council, Petaling, Selangor, 47160, Malaysia"
BANDAR NUSA RHU,BUKIT RAJA,Petaling,,,none,
BANDAR NUSAPUTRA,DENGKIL,Sepang,2.9352684,101.6144183,scheme,"Bandar Nusaputra, Sepang, Selangor, Malaysia"
BANDAR PERANGINAN SERI MORIB,MORIB,Kuala Langat,,,none,
"BANDAR PERANGINAN SERI MORIB, BANTING",MORIB,Kuala Langat,2.7574468,101.4607443,road,"Jalan Ketingting 1, Riviera, Morib Bay Resort City, Kampung Tali Air, Banting, Kuala Langat, Selangor, Malaysia"
BANDAR PINGGIRAN CYBER,DENGKIL,Sepang,,,none,
BANDAR PUTERA 2,KELANG,Klang,2.9692362,101.5068622,scheme,"Bandar Putera 2, Klang City, Klang, Selangor, Malaysia"
BANDAR PUTERI,PETALING,Petaling,3.0169466,101.6129342,scheme,"Bandar Puteri, Jalan Puchong, Puchong Perdana, Puchong, Subang Jaya City Council, Petaling, Selangor, 47160, Malaysia"
BANDAR RINCHING,SEMENYIH,Hulu Langat,2.9303421,101.8498888,scheme,"Bandar Rinching, Semenyih, Kajang Municipal Council, Hulu Langat, Selangor, 43700, Malaysia"
BANDAR SAUJANA PUTRA 3,TANJUNG 12,Kuala Langat,2.9676721,101.562384,scheme,"Bandar Saujana Putra 3, Kampung Lombong, Kampung Jaya Sepakat, Kuala Langat, Selangor, Malaysia"
BANDAR SENTUL UTAMA,MUKIM SETAPAK,Kuala Lumpur,,,none,
BANDAR SERI PUTRA,KAJANG,Hulu Langat,2.8856164,101.7794781,scheme,"Bandar Seri Putra, Bangi Lama, Kajang Municipal Council, Hulu Langat, Selangor, Malaysia"
BANDAR SETIA ALAM,BDR GLENMARIE,Petaling,3.0938569,101.45338,scheme,"SK Bandar Setia Alam (Barat), Persiaran Setia Prima, Section U13, Setia Alam, Shah Alam, Petaling, Selangor, 41050, Mala"
BANDAR SETIA ALAM,BUKIT RAJA,Petaling,3.0938569,101.45338,scheme,"SK Bandar Setia Alam (Barat), Persiaran Setia Prima, Section U13, Setia Alam, Shah Alam, Petaling, Selangor, 41050, Mala"
BANDAR SG LONG (RESIDENSI LAVENDER),CHERAS,Hulu Langat,3.0392198,101.794142,scheme,"China-Malaysia Institute of Science and Technology Innovation, Sungai Long Road, Bandar Sungai Long, Kajang Municipal Co"
BANDAR SIERRA PUCHONG,DENGKIL,Sepang,2.969517,101.6542291,scheme,"16 Sierra, Kampung Pulau Meranti, Sepang, Selangor, Malaysia"
BANDAR SIERRA PUCHONG (BURWOOD),DENGKIL,Sepang,2.969517,101.6542291,scheme,"16 Sierra, Kampung Pulau Meranti, Sepang, Selangor, Malaysia"
BANDAR SIERRA PUCHONG (ODORA PARKHOMES),DENGKIL,Sepang,2.969517,101.6542291,scheme,"16 Sierra, Kampung Pulau Meranti, Sepang, Selangor, Malaysia"
BANDAR SUNGAI LONG,BANDAR CHERAS,Hulu Langat,3.0516738,101.7878392,scheme,"DAP Cawangan Bandar Mahkota Cheras & Sungai Long, Jalan Temenggung 9/9, Cheras, Kajang Municipal Council, Hulu Langat, S"
BANDAR SUNGAI LONG,CHERAS,Hulu Langat,3.0392198,101.794142,scheme,"China-Malaysia Institute of Science and Technology Innovation, Sungai Long Road, Bandar Sungai Long, Kajang Municipal Co"
BANDAR SUNGAI LONG (FOREST GREEN PARK),BANDAR CHERAS,Hulu Langat,3.0516738,101.7878392,scheme,"DAP Cawangan Bandar Mahkota Cheras & Sungai Long, Jalan Temenggung 9/9, Cheras, Kajang Municipal Council, Hulu Langat, S"
BANDAR SUNWAY - PJS 7/15,BDR SUNWAY,Petaling,3.0699817,101.6078922,scheme,"Sunway City, PJS 11, Sunway City, Puchong, Subang Jaya City Council, Petaling, Selangor, Malaysia"
BANDAR SUNWAY SEMENYIH,SEMENYIH,Hulu Langat,2.9699571,101.8418482,scheme,"Bandar Sunway Semenyih, Semenyih, Kajang Municipal Council, Hulu Langat, Selangor, 43500, Malaysia"
BANDAR TASIK KESUMA,BERANANG,Hulu Langat,2.9130855,101.8690781,scheme,"Kelab Rukun Tetangga Bandar Tasik Kesuma Fasa 4, Jalan Kesuma 4C, Fasa 4, Bandar Tasik Kesuma, Bandar Tasik Kesuma, Kamp"
BANDAR TASIK PUTERI,BANDAR KUNDANG,Gombak,3.2854191,101.4737974,scheme,"Bandar Tasik Puteri, Selayang Municipal Council, Gombak, Selangor, 45620, Malaysia"
BANDAR TASIK PUTERI,BANDAR RAWANG,Gombak,3.2870706,101.473452,scheme,"SMK Bandar Tasik Puteri, Jalan 7A/3, Medan Puteri, Bandar Tasik Puteri, Selayang Municipal Council, Gombak, Selangor, 48"
BANDAR TASIK PUTERI,RAWANG,Gombak,3.2870706,101.473452,scheme,"SMK Bandar Tasik Puteri, Jalan Puteri, Blok 14 Maple, Bandar Tasik Puteri, Selayang Municipal Council, Gombak, Selangor,"
BANDAR TASIK SELATAN,MUKIM PETALING,Kuala Lumpur,3.0713552,101.7052594,scheme,"Bandar Tasik Selatan, Sungai Besi Expressway, Taman Castlefield, Sungai Besi, Kuala Lumpur, 57100, Malaysia"
BANDAR TEKNOLOGI KAJANG,BANDAR BATU 18 SEMENYIH,Hulu Langat,2.9692095,101.8233769,scheme,"Kajang Technology City, Semenyih, Kajang Municipal Council, Hulu Langat, Selangor, 43500, Malaysia"
BANDAR TEKNOLOGI KAJANG,SEMENYIH,Hulu Langat,2.9692095,101.8233769,scheme,"Kajang Technology City, Semenyih, Kajang Municipal Council, Hulu Langat, Selangor, 43500, Malaysia"
BANDAR TROPICANA AMAN,DENGKIL,Sepang,,,none,
BANDAR TROPICANA AMAN,TANJUNG 12,Kuala Langat,,,none,
BANDAR TUN ABD RAZAK (KAMPUNG KONGGO),MUKIM KUALA LUMPUR,Kuala Lumpur,3.0967306,101.7240424,road,"Jalan Jaya 7, Bandar Tun Razak, Cheras, Kuala Lumpur, 56000, Malaysia"
BANDAR TUN ABD RAZAK (KG KONGGO),MUKIM KUALA LUMPUR,Kuala Lumpur,3.0847059,101.7193198,road,"Jalan Ikhlas, Bandar Tun Razak, Cheras, Kuala Lumpur, 56000, Malaysia"
BANDAR TUN HUSSEIN ONN,BANDAR CHERAS,Hulu Langat,3.0486592,101.7750236,scheme,"Bandar Tun Hussein Onn, Cheras–Kajang Expressway, Cheras, Kajang Municipal Council, Hulu Langat, Selangor, 43200, Malays"
BANDAR TUN HUSSEIN ONN,CHERAS,Hulu Langat,3.0486592,101.7750236,scheme,"Bandar Tun Hussein Onn, Cheras–Kajang Expressway, Cheras, Kajang Municipal Council, Hulu Langat, Selangor, 43000, Malays"
BANDARAYA PETALING,KUALA LUMPUR TOWN CENTRE,Kuala Lumpur,3.055182,101.6917305,scheme,"Kuala Lumpur Sports City, Jalan Inovasi 1, Technology Park Malaysia, Bukit Jalil, Kuala Lumpur, 57000, Malaysia"
BANDARAYA PETALING,MUKIM KUALA LUMPUR,Kuala Lumpur,3.055182,101.6917305,scheme,"Kuala Lumpur Sports City, Jalan Merah Caga, Sri Petaling, Kuala Lumpur, 57000, Malaysia"
BANDARAYA PETALING,MUKIM PETALING,Kuala Lumpur,3.055182,101.6917305,scheme,"Kuala Lumpur Sports City, Jalan Merah Caga, Taman Sri Endah, Sri Petaling, Kuala Lumpur, 57000, Malaysia"
BANGI AVENUE,KAJANG,Hulu Langat,2.8990175,101.7928757,scheme,"Bangi Avenue, Bangi Lama, Kajang Municipal Council, Hulu Langat, Selangor, Malaysia"
BANGI GOLF RESORT,KAJANG,Hulu Langat,2.9513888,101.7724307,scheme,"Bangi Golf Resort, 1, Persiaran Bandar, Bandar Baru Bangi, Kajang Municipal Council, Hulu Langat, Selangor, 43650, Malay"
BANGI VISTA,PEKAN BANGI LAMA,Hulu Langat,2.9455434,101.7850829,scheme,"Vista Bangi, Kampung Sungai Tangkas, Kajang Municipal Council, Hulu Langat, Selangor, Malaysia"
BANGSAR AMAN,MUKIM KUALA LUMPUR,Kuala Lumpur,3.1372242,101.6767408,scheme,"Bangsar Aman Condominium, Bangsar, Kuala Lumpur, Malaysia"
BANGSAR BARU,MUKIM KUALA LUMPUR,Kuala Lumpur,3.1306147,101.6713137,scheme,"Bangsar Baru, Bangsar, Kuala Lumpur, Malaysia"
BANGSAR HEIGHTS,KUALA LUMPUR TOWN CENTRE,Kuala Lumpur,3.1234461,101.6709328,scheme,"Bangsar Heights, Bangsar, Kuala Lumpur, Malaysia"
BANGSAR INDAH,MUKIM KUALA LUMPUR,Kuala Lumpur,3.1398352,101.6737556,scheme,"Bangsar Indah Condominium, Bangsar, Kuala Lumpur, Malaysia"
BANGSAR PARK,MUKIM KUALA LUMPUR,Kuala Lumpur,3.132677,101.6733357,scheme,"Bangsar Park, Bangsar, Kuala Lumpur, 59000, Malaysia"
BANGSAR PEAK,MUKIM KUALA LUMPUR,Kuala Lumpur,3.1400299,101.6661729,scheme,"Bangsar Peak, Bangsar, Kuala Lumpur, Malaysia"
BANGSAR PERMAI,KUALA LUMPUR TOWN CENTRE,Kuala Lumpur,3.1264606,101.6743981,scheme,"Bangsar Permai, Bangsar, Kuala Lumpur, Malaysia"
BANGSAR PUTERI,MUKIM KUALA LUMPUR,Kuala Lumpur,3.1422693,101.6622878,scheme,"Bangsar Puteri, Bangsar, Kuala Lumpur, Malaysia"
BANGSAR RIA TOWNHOUSE,MUKIM KUALA LUMPUR,Kuala Lumpur,,,none,
BANJARIA COURT,BANDAR SELAYANG,Gombak,3.2351836,101.7003132,scheme,"Banjaria Court, Gombak, Selayang Municipal Council, Gombak, Selangor, Malaysia"
BATANG BERJUNTAI,PEKAN SIMPANG TIGA IJOK,Kuala Selangor,3.378008,101.4102245,scheme,"Bestari Jaya, Kuala Selangor, Selangor, 45600, Malaysia"
"BATU 11, JALAN BANDAR LAMA",TELOK PANGLIMA GARANG,Kuala Langat,2.8795384,101.4494625,scheme,"Jalan Bandar Lama, Kampung Sawah, Kampung Bandar, Kuala Langat, Selangor, 42960, Malaysia"
BATU BELAH,KAPAR,Klang,3.0696243,101.4390782,scheme,"Taman Batu Belah, Klang City, Klang, Selangor, Malaysia"
BATU CAVES CENTREPOINT,BANDAR SELAYANG,Gombak,,,none,
BATU HOUSING,MUKIM BATU,Kuala Lumpur,3.2037029,101.6739589,road,"Jalan 4/45A, Kok Lian Garden, Batu, Kuala Lumpur, 51200, Malaysia"
BATU VIEW GARDEN,MUKIM BATU,Kuala Lumpur,,,none,
BAYU (TAMAN MERANTI AMAN / DAMAI),DENGKIL,Sepang,2.8733626,101.6498764,scheme,"KITA Bayu, KITA @ Cybersouth, Cybersouth City, Dengkil, Sepang, Selangor, Malaysia"
BAYU ANGKASA,MUKIM KUALA LUMPUR,Kuala Lumpur,3.1382663,101.6632177,scheme,"Bayu Angkasa, Bangsar, Kuala Lumpur, Malaysia"
BAYU APARTMENT - DAMANSARA DAMAI,SUNGAI BULUH,Petaling,3.1953331,101.5863254,scheme,"Apartment Bayu Park, Jalan PJU 10/4A, Damansara Damai, PJU 10, Petaling Jaya, Petaling, Selangor, 47830, Malaysia"
BAYU DAMANSARA,PEKAN BARU SG BULUH,Petaling,3.2015151,101.5840525,scheme,"Bayu Damansara PJU 10, PJU 10, Petaling Jaya, Petaling, Selangor, Malaysia"
BAYU DAMANSARA,SUNGAI BULUH,Petaling,3.2015151,101.5840525,scheme,"Bayu Damansara PJU 10, PJU 10, Petaling Jaya, Petaling, Selangor, Malaysia"
BAYU HEIGHT/(GITA BAYU),KAJANG,Hulu Langat,3.0053346,101.7342693,road,"Jalan Bayu 7, Gita Bayu, Kajang Municipal Council, Hulu Langat, Selangor, 43400, Malaysia"
BAYU HEIGHT/(GITA BAYU),PEKAN KAJANG,Hulu Langat,,,none,
BAYU HEIGHTS,PEKAN KAJANG,Hulu Langat,3.0120587,101.7339872,scheme,"Bayu Heights, Balakong, Cheras, Kajang Municipal Council, Hulu Langat, Selangor, Malaysia"
BAYU KEMENSAH,HULU KLANG,Gombak,3.2191928,101.7634711,scheme,"Bayu Kemensah, Kampung Kemensah, Ulu Kelang, Ampang Jaya Municipal Council, Gombak, Selangor, Malaysia"
BAYU SEGAR,MUKIM KUALA LUMPUR,Kuala Lumpur,3.0926233,101.7448556,scheme,"Bayu Segar, Taman Cheras, Cheras, Kuala Lumpur, 56100, Malaysia"
BAYU SEJAHTERA,BANDAR HULU KELANG,Gombak,,,none,
BAYU TASIK CONDOMINIUM,MUKIM KUALA LUMPUR,Kuala Lumpur,3.1044182,101.7114086,scheme,"Bayu Tasik Condominium, Jalan Sri Permaisuri 6, Bandar Sri Permaisuri, Cheras, Kuala Lumpur, 51020, Malaysia"
"BAYU VILLA APARTMENT, BAYU PERDANA",BANDAR KELANG,Klang,,,none,
"BAYU VILLA APARTMENT, BAYU PERDANA",KELANG,Klang,,,none,
BAYVIEW COURT,MUKIM PETALING,Kuala Lumpur,3.0717382,101.64841,scheme,"Bayview Court ID, Jalan Seri Sentosa 8, Taman Sri Manja, PJS 3, Petaling Jaya South, Kuala Lumpur, Petaling, Selangor, 4"
BB WANGSA MAJU TOWNHOUSE,MUKIM ULU KELANG,Kuala Lumpur,,,none,
BBK CONDOMINIUM,KAPAR,Klang,3.0613712,101.4689312,scheme,"BBK Condominium, Klang City, Klang, Selangor, Malaysia"
BDR ARMADA PUTRA,KELANG,Klang,2.9797619,101.3479255,scheme,"Bandar Armada Putra, Klang City, Klang, Selangor, 42920, Malaysia"
BDR BARU AMPANG,AMPANG,Hulu Langat,3.139329,101.7699691,scheme,"Flat Bandar Baru Ampang, Ampang, Ampang Jaya Municipal Council, Hulu Langat, Selangor, Malaysia"
BDR BARU AMPANG,BANDAR AMPANG,Hulu Langat,3.1380674,101.7697583,scheme,"Masjid Bandar Baru Ampang, Jalan Wawasan, Taman Sri Watan, Kampung Sri Taman Baru, Ampang, Ampang Jaya Municipal Council"
BDR BARU AMPANG (GLADDEN COURT),BANDAR AMPANG,Hulu Langat,3.1380674,101.7697583,scheme,"Masjid Bandar Baru Ampang, Jalan Wawasan, Taman Sri Watan, Kampung Sri Taman Baru, Ampang, Ampang Jaya Municipal Council"
BDR BARU AMPANG (SYMPHONY COURT),BANDAR AMPANG,Hulu Langat,3.1380674,101.7697583,scheme,"Masjid Bandar Baru Ampang, Jalan Wawasan, Taman Sri Watan, Kampung Sri Taman Baru, Ampang, Ampang Jaya Municipal Council"
BDR BARU KLANG,KAPAR,Klang,3.0616002,101.4652968,scheme,"Klang New Town, Klang City, Klang, Selangor, Malaysia"
BDR BARU KUALA SELANGOR,BANDAR KUALA SELANGOR,Kuala Selangor,3.3250565,101.2599221,scheme,"Bandar Baru Kuala Selangor, Bandar Malawati, Kuala Selangor, Selangor, 45000, Malaysia"
BDR BARU SG BULOH,PEKAN BARU SG BULUH,Petaling,3.2124277,101.5654579,scheme,"Bandar Baru Sungai Buloh, Section U20, Sungai Buloh, Shah Alam, Petaling, Selangor, Malaysia"
BDR BARU SG BULOH,SUNGAI BULUH,Petaling,3.2124277,101.5654579,scheme,"Bandar Baru Sungai Buloh, Section U20, Sungai Buloh, Shah Alam, Petaling, Selangor, Malaysia"
BDR BARU SG. BULOH-FASA 2 & 4,PEKAN BARU SG BULUH,Petaling,,,none,
BDR BARU SG. BULOH-FASA 2 & 4,SUNGAI BULUH,Petaling,,,none,
BDR BARU SRI DAMANSARA,BDR SRI DAMANSARA,Petaling,3.1956041,101.6073261,scheme,"Sekolah Kebangsaan Bandar Baru Sri Damansara 2, Persiaran Perdana, PJU 9, Bandar Sri Damansara, Petaling Jaya, Petaling,"
BDR BARU SRI DAMANSARA,SUNGAI BULUH,Petaling,3.1956041,101.6073261,scheme,"Sekolah Kebangsaan Bandar Baru Sri Damansara 2, Persiaran Perdana, PJU 9, Bandar Sri Damansara, Petaling Jaya, Petaling,"
BDR BESTARI @ CANARY GARDEN,KELANG,Klang,,,none,
BDR BESTARI/CANARY GARDEN,KELANG,Klang,,,none,
BDR BESTARI@CANARY GARDEN,KELANG,Klang,,,none,
BDR BKT PUCHONG-JLN BP 1/2,PETALING,Petaling,2.9874154,101.633221,scheme,"2, Jalan BP 1/9, Bandar Bukit Puchong 1, Bandar Bukit Puchong, Subang Jaya City Council, Petaling, Selangor, 47100, Mala"
"BDR BOTANIC, KLANG",KELANG,Klang,2.9881477,101.4399293,scheme,"Bandar Botanic, Klang City, Klang, Selangor, Malaysia"
BDR BUKIT PUCHONG,PETALING,Petaling,2.9849052,101.6260162,scheme,"Bandar Bukit Puchong, Subang Jaya City Council, Petaling, Selangor, 47100, Malaysia"
BDR BUKIT PUCHONG (ANDIRA PARK),DENGKIL,Sepang,2.9720086,101.6226011,scheme,"Bandar Bukit Puchong 2, Kampung Pulau Meranti, Sepang, Selangor, Malaysia"
BDR BUKIT RAJA,KAPAR,Klang,3.0852015,101.437697,scheme,"Bandar Bukit Raja, Klang City, Klang, Selangor, Malaysia"
BDR BUKIT TINGGI,KAPAR,Klang,2.9933052,101.4459046,scheme,"Bandar Bukit Tinggi, Jalan Langat, Ambang Botanic 2, Klang City, Klang, Selangor, 41200, Malaysia"
BDR BUKIT TINGGI,KELANG,Klang,3.0088272,101.4261091,scheme,"Flat Bandar Bukit Tinggi, Bandar Bukit Tinggi 1, Bandar Bukit Tinggi, Port Klang, Klang City, Klang, Selangor, Malaysia"
BDR BUKIT TINGGI,PEKAN PENDAMARAN,Klang,2.9933052,101.4459046,scheme,"Bandar Bukit Tinggi, Jalan Langat, Ambang Botanic 2, Klang City, Klang, Selangor, 41200, Malaysia"
BDR DAMAI PERDANA,CHERAS,Hulu Langat,3.047418,101.7386035,scheme,"Bandar Damai Perdana, Cheras, Kajang Municipal Council, Hulu Langat, Selangor, 56000, Malaysia"
BDR DAMAI PERDANA,PEKAN CHERAS,Hulu Langat,3.047418,101.7386035,scheme,"Bandar Damai Perdana, Cheras, Kajang Municipal Council, Hulu Langat, Selangor, 56000, Malaysia"
BDR DAMAI PERDANA (DAMAI HILLPARK),CHERAS,Hulu Langat,3.047418,101.7386035,scheme,"Bandar Damai Perdana, Cheras, Kajang Municipal Council, Hulu Langat, Selangor, 56000, Malaysia"
BDR DAMAI PERDANA 2,CHERAS,Hulu Langat,3.047418,101.7386035,scheme,"Bandar Damai Perdana, Cheras, Kajang Municipal Council, Hulu Langat, Selangor, 56000, Malaysia"
BDR DAMAI PERDANA 2,PEKAN CHERAS,Hulu Langat,3.047418,101.7386035,scheme,"Bandar Damai Perdana, Cheras, Kajang Municipal Council, Hulu Langat, Selangor, 56000, Malaysia"
BDR HILLPARK,IJOK,Kuala Selangor,3.2109242,101.4635865,scheme,"Bandar Hillpark, Kuala Selangor, Selangor, 42300, Malaysia"
BDR KLANG SELATAN,BANDAR KELANG,Klang,2.9697119,101.6264408,scheme,"Sekolah Rendah Agama Bandar Bukit Puchong, South Klang Valley Expressway, Bandar Bukit Puchong 2, Kampung Pulau Meranti,"
BDR MAHKOTA BANTING (BROOKLANDS),TANJUNG 12,Kuala Langat,2.8261957,101.5679693,scheme,"Bandar Mahkota Banting, Kuala Langat, Selangor, Malaysia"
BDR MAHKOTA CHERAS,AMPANG,Hulu Langat,3.0568568,101.7898004,scheme,"Bandar Mahkota Cheras, Kajang Municipal Council, Hulu Langat, Selangor, Malaysia"
BDR MAHKOTA CHERAS,CHERAS,Hulu Langat,3.0533703,101.7894289,scheme,"Bandar Mahkota Cheras, 46, Jalan Temenggung 13/9, Cheras, Kajang Municipal Council, Hulu Langat, Selangor, 43200, Malays"
BDR MAHKOTA CHERAS,HULU LANGAT,Hulu Langat,3.0568568,101.7898004,scheme,"Bandar Mahkota Cheras, Kajang Municipal Council, Hulu Langat, Selangor, Malaysia"
BDR MAHKOTA CHERAS (MAHKOTA GARDEN),CHERAS,Hulu Langat,3.0533703,101.7894289,scheme,"Bandar Mahkota Cheras, 46, Jalan Temenggung 13/9, Cheras, Kajang Municipal Council, Hulu Langat, Selangor, 43200, Malays"
BDR MAHKOTA CHERAS (MAHKOTA GARDEN),PEKAN CHERAS,Hulu Langat,3.0568568,101.7898004,scheme,"Bandar Mahkota Cheras, Kajang Municipal Council, Hulu Langat, Selangor, Malaysia"
BDR MAHKOTA CHERAS (THE I-RESIDENCE),CHERAS,Hulu Langat,3.0533703,101.7894289,scheme,"Bandar Mahkota Cheras, 46, Jalan Temenggung 13/9, Cheras, Kajang Municipal Council, Hulu Langat, Selangor, 43200, Malays"
BDR MAHKOTA CHERAS(THE I RESIDENCE),CHERAS,Hulu Langat,3.0533703,101.7894289,scheme,"Bandar Mahkota Cheras, 46, Jalan Temenggung 13/9, Cheras, Kajang Municipal Council, Hulu Langat, Selangor, 43200, Malays"
BDR PARKLANDS,KELANG,Klang,2.970428,101.4544937,scheme,"Bandar Parklands (Bandar Bukit Tinggi 3), Bandar Bukit Tinggi, Klang City, Klang, Selangor, Malaysia"
BDR PINGGIRAN SUBANG,PEKAN BARU SUBANG,Petaling,3.1597915,101.5490912,scheme,"Bandar Pinggiran Subang, Section U5, Shah Alam, Petaling, Selangor, Malaysia"
BDR PINGGIRAN SUBANG,SUNGAI BULUH,Petaling,3.1597915,101.5490912,scheme,"Bandar Pinggiran Subang, Section U5, Shah Alam, Petaling, Selangor, Malaysia"
BDR PINGGIRAN SUBANG - MENTARI,PEKAN KINRARA,Petaling,,,none,
BDR PINGGIRAN SUBANG - MENTARI,SUNGAI BULUH,Petaling,,,none,
BDR PROTON,KELANG,Klang,,,none,
BDR PUCHONG JAYA,PEKAN DESA PUCHONG,Petaling,3.052802,101.6240609,scheme,"Bandar Puchong Jaya, Puchong, Subang Jaya City Council, Petaling, Selangor, 47170, Malaysia"
BDR PUCHONG JAYA,PEKAN KINRARA,Petaling,3.052802,101.6240609,scheme,"Bandar Puchong Jaya, Puchong, Subang Jaya City Council, Petaling, Selangor, 47170, Malaysia"
BDR PUCHONG JAYA,PEKAN PUCHONG JAYA,Petaling,3.052802,101.6240609,scheme,"Bandar Puchong Jaya, Puchong, Subang Jaya City Council, Petaling, Selangor, 47170, Malaysia"
BDR PUCHONG JAYA,PETALING,Petaling,3.052802,101.6240609,scheme,"Bandar Puchong Jaya, Puchong, Subang Jaya City Council, Petaling, Selangor, 47170, Malaysia"
BDR PUTERA 2,KELANG,Klang,2.9692362,101.5068622,scheme,"Bandar Putera 2, Klang City, Klang, Selangor, Malaysia"
"BDR PUTERA 2, KLANG",KELANG,Klang,2.9692362,101.5068622,scheme,"Bandar Putera 2, Klang City, Klang, Selangor, Malaysia"
"BDR PUTERA, KLANG",KELANG,Klang,2.9885456,101.4951698,scheme,"Bandar Putera, Klang City, Klang, Selangor, Malaysia"
BDR PUTERI BANGI,BERANANG,Hulu Langat,2.8768762,101.7922201,scheme,"Bandar Puteri Bangi, Bangi Lama, Kajang Municipal Council, Hulu Langat, Selangor, 43000, Malaysia"
"BDR PUTERI, KLANG",KELANG,Klang,2.9840385,101.4685711,scheme,"Bandar Puteri, Shah Alam Expressway, Klang City, Klang, Selangor, 41200, Malaysia"
BDR RINCHING,SEMENYIH,Hulu Langat,2.9303421,101.8498888,scheme,"Bandar Rinching, Semenyih, Kajang Municipal Council, Hulu Langat, Selangor, 43700, Malaysia"
BDR RINCING,SEMENYIH,Hulu Langat,2.9280703,101.8549758,road,"Jalan 1/7C, Bandar Rinching, Semenyih, Kajang Municipal Council, Hulu Langat, Selangor, 43700, Malaysia"
BDR SAUJANA PUTRA,TANJUNG 12,Kuala Langat,2.9522477,101.5797643,scheme,"Bandar Saujana Putra, Kuala Langat, Selangor, 42610, Malaysia"
BDR SERI COALFIELDS,IJOK,Kuala Selangor,3.2441796,101.4815966,scheme,"Bandar Seri Coalfields, Kuala Selangor, Selangor, 47000, Malaysia"
BDR SERI EHSAN,TANJUNG 12,Kuala Langat,2.7711307,101.6278555,scheme,"Bandar Seri Ehsan, Bukit Changgang, Banting, Kuala Langat, Selangor, 42700, Malaysia"
BDR SERI PUTRA,KAJANG,Hulu Langat,2.8856164,101.7794781,scheme,"Bandar Seri Putra, Bangi Lama, Kajang Municipal Council, Hulu Langat, Selangor, Malaysia"
BDR SERI PUTRA,PEKAN BANGI LAMA,Hulu Langat,2.8856164,101.7794781,scheme,"Bandar Seri Putra, Bangi Lama, Kajang Municipal Council, Hulu Langat, Selangor, Malaysia"
BDR SG LONG,BANDAR CHERAS,Hulu Langat,3.0516738,101.7878392,scheme,"DAP Cawangan Bandar Mahkota Cheras & Sungai Long, Jalan Temenggung 9/9, Cheras, Kajang Municipal Council, Hulu Langat, S"
BDR SG LONG,BANDAR ULU LANGAT,Hulu Langat,3.0392198,101.794142,scheme,"China-Malaysia Institute of Science and Technology Innovation, Sungai Long Road, Bandar Sungai Long, Kajang Municipal Co"
BDR SG LONG,CHERAS,Hulu Langat,3.0392198,101.794142,scheme,"China-Malaysia Institute of Science and Technology Innovation, Sungai Long Road, Bandar Sungai Long, Kajang Municipal Co"
BDR SG LONG (FOREST GREEN PARK),BANDAR CHERAS,Hulu Langat,3.0516738,101.7878392,scheme,"DAP Cawangan Bandar Mahkota Cheras & Sungai Long, Jalan Temenggung 9/9, Cheras, Kajang Municipal Council, Hulu Langat, S"
BDR SG LONG (GARDEN PARK),CHERAS,Hulu Langat,3.0392198,101.794142,scheme,"China-Malaysia Institute of Science and Technology Innovation, Sungai Long Road, Bandar Sungai Long, Kajang Municipal Co"
BDR SG LONG (GREEN ACRE PARK),BANDAR CHERAS,Hulu Langat,3.0516738,101.7878392,scheme,"DAP Cawangan Bandar Mahkota Cheras & Sungai Long, Jalan Temenggung 9/9, Cheras, Kajang Municipal Council, Hulu Langat, S"
BDR SG LONG (HAZEL),BANDAR CHERAS,Hulu Langat,3.0516738,101.7878392,scheme,"DAP Cawangan Bandar Mahkota Cheras & Sungai Long, Jalan Temenggung 9/9, Cheras, Kajang Municipal Council, Hulu Langat, S"
BDR SG LONG (RESIDENSI ALSTONIA),CHERAS,Hulu Langat,3.0392198,101.794142,scheme,"China-Malaysia Institute of Science and Technology Innovation, Sungai Long Road, Bandar Sungai Long, Kajang Municipal Co"
BDR SG LONG (SCOT PINE CONDOMINIUM),BANDAR CHERAS,Hulu Langat,3.0516738,101.7878392,scheme,"DAP Cawangan Bandar Mahkota Cheras & Sungai Long, Jalan Temenggung 9/9, Cheras, Kajang Municipal Council, Hulu Langat, S"
BDR SG LONG (SUTERA PINES),CHERAS,Hulu Langat,3.0392198,101.794142,scheme,"China-Malaysia Institute of Science and Technology Innovation, Sungai Long Road, Bandar Sungai Long, Kajang Municipal Co"
BDR SG. EMAS,PEKAN SUNGAI MANGGIS,Kuala Langat,2.8187891,101.5330053,scheme,"Bandar Sungai Emas, Teluk Datok, Kuala Langat, Selangor, Malaysia"
"BDR SRI D'SARA-CEMARA,CEMPAKA & MERANTI",BDR SRI DAMANSARA,Petaling,,,none,
"BDR SRI D'SARA-CEMARA,CEMPAKA & MERANTI",SUNGAI BULUH,Petaling,,,none,
BDR SRI PUTRA,KAJANG,Hulu Langat,2.8879861,101.7926352,scheme,"Klinik Kesihatan Bandar Sri Putra, Jalan Seri Putra 1/2, Bandar Seri Putra, Bangi Lama, Kajang Municipal Council, Hulu L"
BDR SRI PUTRA,PEKAN BANGI LAMA,Hulu Langat,2.8879861,101.7926352,scheme,"Klinik Kesihatan Bandar Sri Putra, Jalan Seri Putra 1/2, Bandar Seri Putra, Bangi Lama, Kajang Municipal Council, Hulu L"
BDR SULTAN SULEIMAN,BANDAR SHAH ALAM,Klang,3.0312145,101.3793513,scheme,"Bandar Sultan Suleiman, Port Klang, Klang City, Klang, Selangor, 41250, Malaysia"
BDR SULTAN SULEIMAN,KAPAR,Klang,3.0312145,101.3793513,scheme,"Bandar Sultan Suleiman, Port Klang, Klang City, Klang, Selangor, 41250, Malaysia"
BDR SUNWAY PJS 7,BDR SUNWAY,Petaling,3.066528,101.6023947,scheme,"Mecha Malaysia, 57, Jalan PJS 11/7, PJS 11, Sunway City, Puchong, Subang Jaya City Council, Petaling, Selangor, 46150, M"
BDR SUNWAY PJS 7,DAMANSARA,Petaling,3.066528,101.6023947,scheme,"Mecha Malaysia, 57, Jalan PJS 11/7, PJS 11, Sunway City, Puchong, Subang Jaya City Council, Petaling, Selangor, 46150, M"
BDR SUNWAY PJS 7,PEKAN PENAGA,Petaling,3.066528,101.6023947,scheme,"Mecha Malaysia, 57, Jalan PJS 11/7, PJS 11, Sunway City, Puchong, Subang Jaya City Council, Petaling, Selangor, 46150, M"
BDR SUNWAY PJS 8,BDR SUNWAY,Petaling,3.0781049,101.6131359,scheme,"Accretech (Malaysia) Sdn. Bhd., Jalan PJS 8/18, Dataran Mentari, PJS 8, Sunway City, Petaling Jaya, Petaling, Selangor, "
BDR SUNWAY PJS 8 - MAKMUR,BDR SUNWAY,Petaling,,,none,
BDR SUNWAY SEMENYIH,SEMENYIH,Hulu Langat,2.9699571,101.8418482,scheme,"Bandar Sunway Semenyih, Semenyih, Kajang Municipal Council, Hulu Langat, Selangor, 43500, Malaysia"
BDR TASIK KESUMA,BERANANG,Hulu Langat,2.9130855,101.8690781,scheme,"Kelab Rukun Tetangga Bandar Tasik Kesuma Fasa 4, Jalan Kesuma 4C, Fasa 4, Bandar Tasik Kesuma, Bandar Tasik Kesuma, Kamp"
BDR TEKNOLOGI,BANDAR BATU 18 SEMENYIH,Hulu Langat,2.9692095,101.8233769,scheme,"Kajang Technology City, Semenyih, Kajang Municipal Council, Hulu Langat, Selangor, 43500, Malaysia"
BDR TEKNOLOGI,DENGKIL,Sepang,,,none,
BDR TEKNOLOGI,SEMENYIH,Hulu Langat,2.9692095,101.8233769,scheme,"Kajang Technology City, Semenyih, Kajang Municipal Council, Hulu Langat, Selangor, 43500, Malaysia"
BDR TEKNOLOGI KAJANG,BANDAR BATU 18 SEMENYIH,Hulu Langat,2.9692095,101.8233769,scheme,"Kajang Technology City, Semenyih, Kajang Municipal Council, Hulu Langat, Selangor, 43500, Malaysia"
BDR TEKNOLOGI KAJANG,SEMENYIH,Hulu Langat,2.9692095,101.8233769,scheme,"Kajang Technology City, Semenyih, Kajang Municipal Council, Hulu Langat, Selangor, 43500, Malaysia"
BDR TUN HUSSEIN ONN,BANDAR CHERAS,Hulu Langat,3.0486592,101.7750236,scheme,"Bandar Tun Hussein Onn, Cheras–Kajang Expressway, Cheras, Kajang Municipal Council, Hulu Langat, Selangor, 43200, Malays"
BDR TUN HUSSEIN ONN,CHERAS,Hulu Langat,3.0486592,101.7750236,scheme,"Bandar Tun Hussein Onn, Cheras–Kajang Expressway, Cheras, Kajang Municipal Council, Hulu Langat, Selangor, 43000, Malays"
BDR UTAMA DAMANSARA,BANDAR PETALING JAYA,Petaling,3.136394,101.6289669,scheme,"The Bible Society of Malaysia, 2, Jalan SS 20/10, Damansara Kim, SS 20, Bandar Utama, Petaling Jaya, Petaling, Selangor,"
BDR UTAMA DAMANSARA,SUNGAI BULUH,Petaling,3.1444803,101.6101668,scheme,"Bandar Utama, Petaling Jaya, Petaling, Selangor, 47800, Malaysia"
BELAIAN BAYU SEK.24 SHAH ALAM,BANDAR SHAH ALAM,Petaling,,,none,
BELAIR APARTMENT,MUKIM KUALA LUMPUR,Kuala Lumpur,,,none,
BELIMBING HEIGHTS - SG. BESI,PEKAN BARU SG BESI,Petaling,,,none,
BELLEVUE@CYBERSOUTH,DENGKIL,Sepang,,,none,
BELVEDERE,KUALA LUMPUR TOWN CENTRE,Kuala Lumpur,,,none,
BENNINGTON RESIDENSE,MUKIM SETAPAK,Kuala Lumpur,,,none,
BERINGIN RESIDENCE TOWNHOUSE,MUKIM KUALA LUMPUR,Kuala Lumpur,3.1512259,101.6629646,road,"Jalan Beringin, Damansara Heights, Kuala Lumpur, 50490, Malaysia"
BERJAYA INDUSTRIAL PARK,KELANG,Klang,,,none,
"BERJAYA PARK, SEK. 32, SHAH ALAM",KELANG,Klang,2.9850775,101.5172745,scheme,"Berjaya Park, Section 32, Shah Alam, Klang, Selangor, Malaysia"
BESTARI JAYA,PEKAN BATANG BERJUNTAI,Kuala Selangor,3.378008,101.4102245,scheme,"Bestari Jaya, Kuala Selangor, Selangor, 45600, Malaysia"
BEVERLY HEIGHTS,BANDAR HULU KELANG,Gombak,3.1912102,101.7643671,scheme,"Beverly Heights, Bukit Antarabangsa, Ulu Kelang, Ampang Jaya Municipal Council, Gombak, Selangor, Malaysia"
BGN SRI LEMPAH,MUKIM KUALA LUMPUR,Kuala Lumpur,,,none,
BINTANG MAS CONDOMINIUM,MUKIM KUALA LUMPUR,Kuala Lumpur,,,none,
BISTARI CONDO,KUALA LUMPUR TOWN CENTRE,Kuala Lumpur,,,none,
BK 2 - PERUMAHAN KINRARA,PEKAN KINRARA,Petaling,,,none,
BK 2 - PERUMAHAN KINRARA,PETALING,Petaling,3.0532614,101.6403739,road,"Jalan BK 2/7, Bandar Kinrara 2, Bandar Kinrara, Puchong, Subang Jaya City Council, Petaling, Selangor, 47180, Malaysia"
BK 3 - PERUMAHAN KINRARA,PEKAN KINRARA,Petaling,,,none,
BK 4 - PERUMAHAN KINRARA,PEKAN KINRARA,Petaling,,,none,
BK 4 - PERUMAHAN KINRARA,PETALING,Petaling,3.0380154,101.6394627,road,"Jalan BK 4/10, Bandar Kinrara 4, Bandar Kinrara, Puchong, Subang Jaya City Council, Petaling, Selangor, 47180, Malaysia"
BK 5 - PERUMAHAN KINRARA,PEKAN KINRARA,Petaling,,,none,
BK 5 - PERUMAHAN KINRARA,PETALING,Petaling,3.0451587,101.6433642,road,"Jalan BK 5/3, Bandar Kinrara 5, Bandar Kinrara, Puchong, Subang Jaya City Council, Petaling, Selangor, 47180, Malaysia"
BK 6 - PERUMAHAN KINRARA,PEKAN KINRARA,Petaling,,,none,
BK 7 - PERUMAHAN KINRARA,PEKAN KINRARA,Petaling,,,none,
BK 8 - PERUMAHAN KINRARA,PEKAN KINRARA,Petaling,,,none,
BK 9 - PERUMAHAN KINRARA,PEKAN KINRARA,Petaling,,,none,
BKT AMPANG PERMAI,BANDAR AMPANG,Hulu Langat,3.1220573,101.7838894,scheme,"Bukit Ampang Permai, Kampung Indah Permai, Ampang, Ampang Jaya Municipal Council, Hulu Langat, Selangor, 43100, Malaysia"
BKT CHANGGANG,TANJUNG 12,Kuala Langat,2.8124693,101.6393918,scheme,"Bukit Changgang, Banting, Kuala Langat, Selangor, 64000, Malaysia"
BKT GITA BAYU,KAJANG,Hulu Langat,3.0084575,101.7341161,road,"Jalan Bayu 8/1, Gita Bayu, Kajang Municipal Council, Hulu Langat, Selangor, 43400, Malaysia"
BLU CONSTELLATION,PEKAN KAJANG,Hulu Langat,3.0204625,101.7271848,scheme,"Blu Constellation, Kajang Municipal Council, Hulu Langat, Selangor, Malaysia"
BLUE BOY MANSION,KUALA LUMPUR TOWN CENTRE,Kuala Lumpur,3.1452166,101.7059141,scheme,"Blue Boy Mansion, Bukit Bintang, Kuala Lumpur, Malaysia"
BOLTON INDUSTRIAL PARK,BANDAR SELAYANG,Gombak,,,none,
BOTANIQA RESIDENCE,BDR PETALING JAYA SELATAN,Petaling,3.0766484,101.6513732,scheme,"BotaniQa Residence, Jalan PJS 1/52, Taman Petaling Utama, PJS 1, Petaling Jaya South, Petaling Jaya, Petaling, Selangor,"
BOULEVARD SUBANG JAYA-SS12 JAYA,BDR SUNWAY,Petaling,3.0785608,101.6020837,scheme,"Boulevard Subang Jaya, SS 12, Pusat Bandar Subang Jaya, Subang Jaya City Council, Petaling, Selangor, 47500, Malaysia"
BOULVARD RESIDENCE-PJU 6 KAYU ARA,PEKAN KAYU ARA,Petaling,,,none,
BOUNGAINVILLA,KUALA LUMPUR TOWN CENTRE,Kuala Lumpur,,,none,
BOUNGAINVILLA,MUKIM BATU,Kuala Lumpur,,,none,
BRUNSFIELD APARTMENT,BANDAR SHAH ALAM,Petaling,,,none,
BRUNSFIELD EMBASSYVIEW,KUALA LUMPUR TOWN CENTRE,Kuala Lumpur,3.1596,101.733503,scheme,"Brunsfield Embassyview, Ampang Hilir, Kampung Datuk Keramat, Kuala Lumpur, Malaysia"
BT 4.5 JLN AMPANG,AMPANG,Hulu Langat,3.15388,101.7553282,road,"Jalan 5, Taman Ampang Utama, Kampung Pandan Dalam, Ampang, Ampang Jaya Municipal Council, Hulu Langat, Selangor, 68000, "
BT 4.5 JLN AMPANG,BANDAR AMPANG,Hulu Langat,,,none,
BUDIMAN VALLEY,BUKIT RAJA,Petaling,3.1838025,101.4577425,scheme,"Budiman Valley, Section U15, Shah Alam, Petaling, Selangor, Malaysia"
BUKIT AMPANG PERMAI,BANDAR AMPANG,Hulu Langat,3.1220573,101.7838894,scheme,"Bukit Ampang Permai, Kampung Indah Permai, Ampang, Ampang Jaya Municipal Council, Hulu Langat, Selangor, 43100, Malaysia"
BUKIT ANGGERIK,MUKIM CHERAS,Kuala Lumpur,3.0606716,101.7477983,scheme,"Taman Bukit Anggerik, Bandar Damai Perdana, Cheras, Kuala Lumpur, Malaysia"
BUKIT ASA (TMN SERI BAHTERA),MUKIM KUALA LUMPUR,Kuala Lumpur,3.1031961,101.7366785,road,"Jalan Sekuci, Taman Sri Bahtera, Taman Cheras, Cheras, Kuala Lumpur, 56100, Malaysia"
BUKIT BANDARAYA AREA B,MUKIM KUALA LUMPUR,Kuala Lumpur,3.1438767,101.6699177,road,"Jalan Pudina, Bangsar, Kuala Lumpur, 59000, Malaysia"
BUKIT BANDARAYA AREA C,MUKIM KUALA LUMPUR,Kuala Lumpur,3.13254,101.6618215,road,"Jalan Medang Tanduk, Bukit Bandaraya, Bangsar, Kuala Lumpur, 59100, Malaysia"
BUKIT BANDARAYA AREA F,MUKIM KUALA LUMPUR,Kuala Lumpur,3.138467,101.667518,road,"Jalan Bangkung, Taman Bandaraya, Kuala Lumpur, 59000, Malaysia"
BUKIT BANDARAYA SHAH ALAM,BUKIT RAJA,Petaling,3.0959074,101.4920104,scheme,"Bukit Bandaraya, Section U11, Shah Alam, Petaling, Selangor, Malaysia"
BUKIT DESA CONDOMINIUM,MUKIM KUALA LUMPUR,Kuala Lumpur,3.1114067,101.6865122,scheme,"Bukit Desa Condominium, Seputeh, Kuala Lumpur, Malaysia"
BUKIT GEMBIRA,MUKIM PETALING,Kuala Lumpur,3.0829281,101.6881474,scheme,"Pasar Malam Taman Bukit Gembira, Jalan Riangria, Kuchai Lama, Kuala Lumpur, 58100, Malaysia"
BUKIT GITA BAYU,PEKAN KAJANG,Hulu Langat,,,none,
BUKIT HATAMAS,HULU LANGAT,Hulu Langat,3.0956386,101.7663513,scheme,"Taman Bukit Hatamas 3, Taman Segar Perdana, Cheras, Kajang Municipal Council, Hulu Langat, Selangor, Malaysia"
BUKIT INDAH,MUKIM PETALING,Kuala Lumpur,3.055142,101.6594246,scheme,"Jalan Bukit Jalil Indah 1, Bandar Kinrara, Kuala Lumpur, Petaling, Selangor, 47180, Malaysia"
BUKIT INTAN PETALING,MUKIM PETALING,Kuala Lumpur,3.0659086,101.7017518,scheme,"Taman Bukit Intan, Sri Petaling, Kuala Lumpur, 57000, Malaysia"
BUKIT JALIL,MUKIM PETALING,Kuala Lumpur,3.0581312,101.6922194,scheme,"Bukit Jalil, Jalan Merah Caga, Sri Petaling, Kuala Lumpur, 57000, Malaysia"
"BUKIT JELUTONG, SHAH ALAM",DAMANSARA,Petaling,3.1001724,101.5374534,scheme,"Jelutong Hill, Shah Alam, Petaling, Selangor, Malaysia"
BUKIT KIARA RESIDENCES,MUKIM KUALA LUMPUR,Kuala Lumpur,3.1525911,101.6452572,scheme,"Bukit Kiara Residences, Sri Hartamas, Kuala Lumpur, Malaysia"
BUKIT KUANG PERDANA,RAWANG,Gombak,3.2581966,101.5429431,scheme,"Syabas Bukit Tadun Balancing Tank, Jalan BKP 3, Taman Bukit Kuang Perdana, Kuang, Selayang Municipal Council, Gombak, Se"
BUKIT KUDA HEIGHT,BANDAR KELANG,Klang,,,none,
BUKIT MAS APARTMENT,MUKIM SETAPAK,Kuala Lumpur,,,none,
BUKIT MEWAH (TMN SERI BAHTERA),MUKIM KUALA LUMPUR,Kuala Lumpur,3.1029624,101.7376843,road,"Jalan Payang 2, Taman Sri Bahtera, Taman Cheras, Cheras, Kuala Lumpur, 56100, Malaysia"
BUKIT OUG,MUKIM PETALING,Kuala Lumpur,3.0767866,101.6800631,scheme,"POS MALAYSIA, Jalan Perisa 2, Taman Bukit Indah, Overseas Union Garden, Kuala Lumpur, 58200, Malaysia"
BUKIT OUG TOWNHOUSE,MUKIM PETALING,Kuala Lumpur,3.0603476,101.6656272,scheme,"Bukit OUG Townhouse, Overseas Union Garden, Kuala Lumpur, Malaysia"
BUKIT RIMAU,KELANG,Klang,3.0077334,101.5308959,scheme,"Bukit Rimau, Shah Alam Expressway, Section 31, Shah Alam, Klang, Selangor, 40460, Malaysia"
BUKIT ROBSON CONDO,KUALA LUMPUR TOWN CENTRE,Kuala Lumpur,,,none,
BUKIT SANDARAN,BUKIT RAJA,Petaling,,,none,
BUKIT SAUJANA,IJOK,Kuala Selangor,3.2035855,101.4758258,scheme,"Bukit Saujana, Bandar Saujana Utama, Kuala Selangor, Selangor, Malaysia"
BUKIT SEGAMBUT,MUKIM BATU,Kuala Lumpur,3.1973116,101.6799313,scheme,"Ho Association of Malaysia, 129, Jalan Bukit Berapit, Bamboo Garden, Segambut, Kampung Padang Balang, Kuala Lumpur, 5120"
BUKIT SEGAMBUT APARTMENT,MUKIM BATU,Kuala Lumpur,3.1829241,101.6493809,scheme,"Bukit Segambut Apartment, Segambut, Kepong, Kuala Lumpur, Malaysia"
BUKIT SEPUTEH,MUKIM KUALA LUMPUR,Kuala Lumpur,3.1170924,101.6857179,scheme,"Jalan Bukit Seputeh, Seputeh Heights, Seputeh, Kuala Lumpur, 50614, Malaysia"
BUKIT SERDANG LIGHT INDUSTRY PARK,PEKAN SERDANG,Petaling,,,none,
BUKIT SERDANG LIGHT INDUSTRY PARK,PETALING,Petaling,,,none,
BUKIT SERDANG SEK. 4,PEKAN SERDANG,Petaling,3.0391368,101.6931926,scheme,"Taman Bukit Serdang Seksyen 10, Bukit Serdang, Seri Kembangan, Subang Jaya City Council, Petaling, Selangor, Malaysia"
BUKIT SUPREME APARTMENT,MUKIM KUALA LUMPUR,Kuala Lumpur,3.0985198,101.7476463,scheme,"Bukit Supreme Apartment, Taman Cheras, Cheras, Kuala Lumpur, 56100, Malaysia"
BUKIT WANGSA MAS,MUKIM SETAPAK,Kuala Lumpur,,,none,
CAHAYA HEIGHTS,BUKIT RAJA,Petaling,,,none,
CAHAYA VILLA RESIDENCE,BUKIT RAJA,Petaling,,,none,
CAHAYA VILLA RESIDENCE,PETALING,Petaling,,,none,
CALEDONIA,IJOK,Kuala Selangor,3.2945759,101.4357646,scheme,"Caledonia, Ijok, Kuala Selangor, Selangor, Malaysia"
CALISA RESIDENCE (TAMAN MAS SEPANG),DENGKIL,Sepang,2.9756013,101.5826363,scheme,"Calisa Residence, Jalan Dagang Mas 3, Sepang, Selangor, 41700, Malaysia"
CAMELLIA RESIDENCE @ BANDAR TASIK KESUMA,BERANANG,Hulu Langat,,,none,
CAMERON TOWER -SEK.5 PETALING JAYA,BANDAR PETALING JAYA,Petaling,,,none,
CASA DAMANSARA-SS2 P.JAYA,BANDAR PETALING JAYA,Petaling,,,none,
CASA DESA CONDOMINIUM,MUKIM KUALA LUMPUR,Kuala Lumpur,3.0971025,101.6792626,scheme,"Casa Desa Condominium, Taman Desa, Kuala Lumpur, Malaysia"
CASA ELITA,MUKIM KUALA LUMPUR,Kuala Lumpur,3.116618,101.6839353,scheme,"Casa Elita, Seputeh, Kuala Lumpur, Malaysia"
CASA GEMILANG (SG PUSU),SETAPAK,Gombak,,,none,
CASA GREEN (KONDOMINIUM CASA GREEN),CHERAS,Hulu Langat,3.0572631,101.76082,scheme,"Casa Green, Cheras, Kajang Municipal Council, Hulu Langat, Selangor, Malaysia"
CASA GREEN (KONDOMINIUM CASA GREEN),PEKAN CHERAS,Hulu Langat,3.0572631,101.76082,scheme,"Casa Green, Cheras, Kajang Municipal Council, Hulu Langat, Selangor, Malaysia"
CASA GREEN @ CYBERSOUTH,DENGKIL,Sepang,2.8696054,101.6541988,scheme,"Casa Green, KITA @ Cybersouth, Cybersouth City, Dengkil, Sepang, Selangor, Malaysia"
CASA GREEN BUKIT JALIL,MUKIM PETALING,Kuala Lumpur,3.0646643,101.6639493,scheme,"Casa Green, 7, Overseas Union Garden, Kuala Lumpur, 58200, Malaysia"
CASA IDAMAN,MUKIM BATU,Kuala Lumpur,3.2049594,101.681665,scheme,"Casa Idaman, 5, Kampung Sri Batu, Kampung Padang Balang, Kuala Lumpur, 51100, Malaysia"
CASA INDAH 1&2 (D'SARA INDAH RST)-PJU 3,PEKAN BARU SG BULUH,Petaling,3.1490897,101.5895265,scheme,"Casa Indah 1 Condominium, PJU 3, Petaling Jaya, Petaling, Selangor, Malaysia"
CASA JASMINE - RSKU,BUKIT RAJA,Petaling,,,none,
CASA KIARA CONDOMINIUM,MUKIM BATU,Kuala Lumpur,,,none,
CASA KIARA II,MUKIM BATU,Kuala Lumpur,3.1689447,101.64631,scheme,"Casa Kiara II, Mont Kiara, Kuala Lumpur, Malaysia"
CASA LIMINI,KUALA LUMPUR TOWN CENTRE,Kuala Lumpur,3.1199776,101.687059,scheme,"Casa Limini Bukit Robson, Seputeh, Kuala Lumpur, Malaysia"
CASA PRIMA,MUKIM BATU,Kuala Lumpur,3.2131816,101.6363604,scheme,"Casa Prima Condominium, Jalan Metro 2, Kepong Garden, Kepong, Kuala Lumpur, 52100, Malaysia"
CASA PUTERI-BDR PUTERI PUCHONG,PETALING,Petaling,3.0207894,101.6264515,scheme,"Casa Puteri Condominium, Bandar Puteri Puchong, Puchong, Subang Jaya City Council, Petaling, Selangor, Malaysia"
CASA RESIDENCE,CHERAS,Hulu Langat,3.0668646,101.7857421,scheme,"Casa Residence, Cheras, Kajang Municipal Council, Hulu Langat, Selangor, Malaysia"
CASA RESIDENZA-KOTA DAMANSARA,PEKAN BARU SG BULUH,Petaling,,,none,
CASA RIA,MUKIM AMPANG,Kuala Lumpur,3.1318054,101.7353721,scheme,"Casa Ria, Maluri, Cheras, Kuala Lumpur, Malaysia"
CASA RIANA-TMN PUNCAK JALIL,PETALING,Petaling,3.0143907,101.6746107,scheme,"Pangsapuri Casa Riana, Puncak Jalil, Seri Kembangan, Subang Jaya City Council, Petaling, Selangor, 43300, Malaysia"
CASA SUITES @ DAMANSARA INTAN,PEKAN SG PENCHALA,Petaling,3.1297043,101.6285925,scheme,"Casa Suites, Damansara Intan, Section 19, Petaling Jaya, Petaling, Selangor, 47308, Malaysia"
CASA TROPICANA-PJU 3,BDR DAMANSARA,Petaling,3.1367683,101.5948555,scheme,"Casa Tropicana, Persiaran Tropicana, Tropicana Golf & Country Resort, PJU 3, Bandar Utama, Petaling Jaya, Petaling, Sela"
CASA TROPICANA-PJU 3,DAMANSARA,Petaling,3.1367683,101.5948555,scheme,"Casa Tropicana, Persiaran Tropicana, Tropicana Golf & Country Resort, PJU 3, Bandar Utama, Petaling Jaya, Petaling, Sela"
CASA TROPIKA-PUCHONG,PETALING,Petaling,2.9980072,101.6212992,scheme,"Casa Tropika, Bandar Puchong Utama, Subang Jaya City Council, Petaling, Selangor, Malaysia"
CASA VIEW @ CYBERSOUTH,DENGKIL,Sepang,2.873645,101.6534001,scheme,"Casa View, KITA @ Cybersouth, Cybersouth City, Dengkil, Sepang, Selangor, Malaysia"
CASA VISTA CONDO,MUKIM KUALA LUMPUR,Kuala Lumpur,,,none,
CASA-DEL-SOL (BUKIT ANTARABANGSA),BANDAR HULU KELANG,Gombak,,,none,
CASAWOOD @ CYBERSOUTH,DENGKIL,Sepang,,,none,
CASCADES @ KOTA DAMANSARA,PEKAN BARU SG BULUH,Petaling,3.1549876,101.5967623,scheme,"Cascades, PJU 5, Kota Damansara, Petaling Jaya, Petaling, Selangor, Malaysia"
CASCADIUM,MUKIM KUALA LUMPUR,Kuala Lumpur,3.1411473,101.6665964,scheme,"Cascadium, Bangsar, Kuala Lumpur, Malaysia"
CASTLEFIELD GARDEN,MUKIM PETALING,Kuala Lumpur,3.0691028,101.7052838,road,"Lorong Badang 13, Zone B, Sungai Besi, Kuala Lumpur, 57000, Malaysia"
CATALINA VILLA,MUKIM AMPANG,Kuala Lumpur,,,none,
CEMARA APARTMENT,MUKIM KUALA LUMPUR,Kuala Lumpur,,,none,
CENDANA CONDO,KUALA LUMPUR TOWN CENTRE,Kuala Lumpur,,,none,
CENDANA CONDO,MUKIM KUALA LUMPUR,Kuala Lumpur,,,none,
CENGAL KONDOMINIUM,MUKIM KUALA LUMPUR,Kuala Lumpur,,,none,
CENGAL KONDOMINIUM,MUKIM ULU KELANG,Kuala Lumpur,,,none,
CENTRE COURT,MUKIM PETALING,Kuala Lumpur,3.1177139,101.6772923,scheme,"Centre Court, Mid Valley City, Seputeh, Kuala Lumpur, 50614, Malaysia"
CERIA RESIDENCE CYBERJAYA,BANDAR CYBERJAYA,Sepang,2.9171756,101.6323565,scheme,"Ceria Residence, Cyberjaya, Sepang, Selangor, Malaysia"
CERIAAN KIARA,MUKIM BATU,Kuala Lumpur,3.1693631,101.6501821,scheme,"Ceriaan Kiara, Mont Kiara, Kuala Lumpur, Malaysia"
CHANGKAT DUTA KIARA,MUKIM BATU,Kuala Lumpur,3.1710987,101.6590171,scheme,"Changkat Duta Kiara, Mont Kiara, Kuala Lumpur, 50480, Malaysia"
CHANGKAT KIARA,MUKIM BATU,Kuala Lumpur,3.1837421,101.6632938,scheme,"Changkat Kiara, Segambut, Kepong, Kuala Lumpur, Malaysia"
CHANGKAT VIEW CONDOMINIUM,MUKIM BATU,Kuala Lumpur,,,none,
"CHENGAL,KERUING,CEMPAKA-TMN DESAMINIUM",PEKAN SERDANG,Petaling,,,none,
"CHENGAL,KERUING,CEMPAKA-TMN DESAMINIUM",PETALING,Petaling,,,none,
CHERAS COURT(HULU LANGAT),PEKAN CHERAS,Hulu Langat,3.0186457,101.7643706,scheme,"Restoran Cheras Jaya Food Court, Jalan CJ 3, Taman Cheras Jaya Fasa 4, Kampung Bukit Dukung, Cheras, Kajang Municipal Co"
CHERAS HEIGHTS CONDOMINIUM (BKT CHERAS),MUKIM CHERAS,Kuala Lumpur,,,none,
CHERAS HEIGHTS CONDOMINIUM (BKT CHERAS),MUKIM KUALA LUMPUR,Kuala Lumpur,,,none,
CHERAS HEIGHTS CONDOMINIUM(BUKIT CHERAS),MUKIM CHERAS,Kuala Lumpur,,,none,
CHERAS HEIGHTS CONDOMINIUM(BUKIT CHERAS),MUKIM KUALA LUMPUR,Kuala Lumpur,,,none,
CHERAS RIA APARTMENT(TAMAN CHERAS UTAMA),MUKIM KUALA LUMPUR,Kuala Lumpur,,,none,
CHERAS UTAMA,MUKIM KUALA LUMPUR,Kuala Lumpur,3.1037901,101.749396,scheme,"Taman Cheras Utama, Taman Cheras, Cheras, Kuala Lumpur, 56100, Malaysia"
CHERAS VISTA,CHERAS,Hulu Langat,3.0679301,101.7924495,scheme,"Cheras Vista, Cheras, Kajang Municipal Council, Hulu Langat, Selangor, Malaysia"
CHERAS VISTA,HULU LANGAT,Hulu Langat,3.0679301,101.7924495,scheme,"Cheras Vista, Cheras, Kajang Municipal Council, Hulu Langat, Selangor, Malaysia"
CHOO CHENG KHAY FLAT,KUALA LUMPUR TOWN CENTRE,Kuala Lumpur,,,none,
CITA(CITI) D'SARA-SUNWAY DAMANSARA PJU 3,PEKAN BARU SG BULUH,Petaling,,,none,
CITY GARDEN,KUALA LUMPUR TOWN CENTRE,Kuala Lumpur,3.1973348,101.6678424,scheme,"City Garden, Segambut, Kepong, Kuala Lumpur, 51200, Malaysia"
CITY PARK APARTMENT,KUALA LUMPUR TOWN CENTRE,Kuala Lumpur,,,none,
CITY TOWER,KUALA LUMPUR TOWN CENTRE,Kuala Lumpur,3.1456887,101.7083006,scheme,"Wisma City Tower, 42-52, Jalan Alor, Bukit Bintang, Kuala Lumpur, 50200, Malaysia"
CLOUD VIEW TOWER,MUKIM KUALA LUMPUR,Kuala Lumpur,,,none,
CLOUDTREE RESIDENCE,CHERAS,Hulu Langat,3.0427706,101.7324579,scheme,"Cloudtree Residence, Jalan Juara, Bandar Damai Perdana, Cheras, Kajang Municipal Council, Hulu Langat, Selangor, 56000, "
CONCERTO NORTH KIARA,MUKIM BATU,Kuala Lumpur,3.1787099,101.6584859,scheme,"Concerto North Kiara, Segambut, Kepong, Kuala Lumpur, Malaysia"
CONTESSA,MUKIM KUALA LUMPUR,Kuala Lumpur,3.1368706,101.6635546,scheme,"Contessa, Bangsar, Kuala Lumpur, Malaysia"
CONTINENTAL HEIGHTS CONDO,MUKIM PETALING,Kuala Lumpur,,,none,
CONTINENTAL PARK,MUKIM PETALING,Kuala Lumpur,3.0888933,101.6816224,scheme,"Pusat Rukun Tetangga Continental Park / Happy Garden 'A' & Happy Garden 'B', Rukun 4, Taman Continental, Kuchai Lama, Ku"
CORAL COURT(PERMAI APART)-USJ1,PEKAN SUBANG JAYA,Petaling,,,none,
"COUNTRY HEIGHT PARADE, SERDANG",PEKAN BARU SG BESI,Petaling,,,none,
COUNTRY HEIGHTS,BANDAR COUNTRY HEIGHT,Hulu Langat,2.9926698,101.7414162,scheme,"Country Heights, Kajang Municipal Council, Hulu Langat, Selangor, Malaysia"
COUNTRY HEIGHTS,KAJANG,Hulu Langat,2.9926698,101.7414162,scheme,"Country Heights, Kajang Municipal Council, Hulu Langat, Selangor, Malaysia"
COUNTRY HEIGHTS,PEKAN KAJANG,Hulu Langat,2.9926698,101.7414162,scheme,"Country Heights, Kajang Municipal Council, Hulu Langat, Selangor, Malaysia"
COUNTRY HEIGHTS DAMANSARA,MUKIM BATU,Kuala Lumpur,3.1780561,101.6312206,scheme,"Country Heights Damansara, Palimbayan, Kepong, Kuala Lumpur, Malaysia"
COVA VILLA-PJU 5,PEKAN BARU SG BULUH,Petaling,3.1471592,101.5738717,scheme,"Cova Villa, PJU 5, Kota Damansara, Petaling Jaya, Petaling, Selangor, Malaysia"
COVILLEA CONDO,MUKIM PETALING,Kuala Lumpur,3.0593012,101.6848646,scheme,"Covillea Condo, Bukit Jalil, Seri Kembangan, Kuala Lumpur, 57000, Malaysia"
CRESCENT COURT,KUALA LUMPUR TOWN CENTRE,Kuala Lumpur,3.1283291,101.6826545,scheme,"Crescent Court, Brickfields, Kuala Lumpur, Malaysia"
CYBER HEIGHTS VILLA,DENGKIL,Sepang,2.9070671,101.6618038,scheme,"Cyber Heights Villa, Cyber 8, Cyberjaya, Sepang, Selangor, Malaysia"
"CYBERIA CRESCENT 2, CYBER 9",BANDAR CYBERJAYA,Sepang,,,none,
CYBERIA CRESENT 1,DENGKIL,Sepang,,,none,
CYBERIA SMARTHOMES,DENGKIL,Sepang,2.9237769,101.6390489,scheme,"Cyberia Smarthomes, Cyber 11, Cyberjaya, Sepang, Selangor, Malaysia"
CYBERJAYA,BANDAR CYBERJAYA,Sepang,2.9338908,101.6455587,scheme,"Cyberjaya, Sepang, Selangor, Malaysia"
CYBERJAYA,DENGKIL,Sepang,2.8612925,101.6902649,scheme,"Putrajaya–Cyberjaya Expressway, Kampung Lalang, Dengkil, Sepang, Selangor, 43800, Malaysia"
CYBERJAYA (CRISTAL SERIN RESIDENCE),DENGKIL,Sepang,2.8612925,101.6902649,scheme,"Putrajaya–Cyberjaya Expressway, Kampung Lalang, Dengkil, Sepang, Selangor, 43800, Malaysia"
CYBERJAYA (EVERGREEN GARDEN RESIDENCE),DENGKIL,Sepang,2.8612925,101.6902649,scheme,"Putrajaya–Cyberjaya Expressway, Kampung Lalang, Dengkil, Sepang, Selangor, 43800, Malaysia"
CYBERJAYA (GARDENVIEW RESIDENCE),DENGKIL,Sepang,2.8612925,101.6902649,scheme,"Putrajaya–Cyberjaya Expressway, Kampung Lalang, Dengkil, Sepang, Selangor, 43800, Malaysia"
CYBERJAYA (MASRECA 19),BANDAR CYBERJAYA,Sepang,2.9338908,101.6455587,scheme,"Cyberjaya, Sepang, Selangor, Malaysia"
CYBERJAYA (MASRECA 19),DENGKIL,Sepang,2.8612925,101.6902649,scheme,"Putrajaya–Cyberjaya Expressway, Kampung Lalang, Dengkil, Sepang, Selangor, 43800, Malaysia"
CYBERJAYA (MUTIARA VILLE),DENGKIL,Sepang,2.8612925,101.6902649,scheme,"Putrajaya–Cyberjaya Expressway, Kampung Lalang, Dengkil, Sepang, Selangor, 43800, Malaysia"
CYBERJAYA (PERDANA LAKE VIEW),BANDAR CYBERJAYA,Sepang,2.9338908,101.6455587,scheme,"Cyberjaya, Sepang, Selangor, Malaysia"
CYBERJAYA (PERDANA LAKE VIEW),DENGKIL,Sepang,2.8612925,101.6902649,scheme,"Putrajaya–Cyberjaya Expressway, Kampung Lalang, Dengkil, Sepang, Selangor, 43800, Malaysia"
CYBERJAYA (SHAFTSBURY),BANDAR CYBERJAYA,Sepang,2.9338908,101.6455587,scheme,"Cyberjaya, Sepang, Selangor, Malaysia"
CYBERJAYA (SHAFTSBURY),DENGKIL,Sepang,2.8612925,101.6902649,scheme,"Putrajaya–Cyberjaya Expressway, Kampung Lalang, Dengkil, Sepang, Selangor, 43800, Malaysia"
CYBERJAYA (SOLSTICE RESIDENCE),BANDAR CYBERJAYA,Sepang,2.9338908,101.6455587,scheme,"Cyberjaya, Sepang, Selangor, Malaysia"
CYBERJAYA (SYMPHONY HILLS),DENGKIL,Sepang,2.8612925,101.6902649,scheme,"Putrajaya–Cyberjaya Expressway, Kampung Lalang, Dengkil, Sepang, Selangor, 43800, Malaysia"
CYBERJAYA (VERDI SYMPHONY HILLS),DENGKIL,Sepang,2.8612925,101.6902649,scheme,"Putrajaya–Cyberjaya Expressway, Kampung Lalang, Dengkil, Sepang, Selangor, 43800, Malaysia"
CYBERJAYA(SETIA ECO GLADES@CYBER1),DENGKIL,Sepang,2.8612925,101.6902649,scheme,"Putrajaya–Cyberjaya Expressway, Kampung Lalang, Dengkil, Sepang, Selangor, 43800, Malaysia"
CYBERSOUTH,DENGKIL,Sepang,2.8720923,101.6556289,scheme,"Cybersouth City, Dengkil, Sepang, Selangor, Malaysia"
D ALAMANDA (PUDU IMPIAN IV),KUALA LUMPUR TOWN CENTRE,Kuala Lumpur,3.1014442,101.6690026,scheme,"Alamanda Residences @ Nestville, Pantai Dalam, Kuala Lumpur, Malaysia"
D IMPIAN  TROPIKA,PEKAN KAJANG,Hulu Langat,3.0165437,101.7505423,scheme,"Jalan D'Impian 2, D Impian Tropika 2, Balakong, Cheras, Kajang Municipal Council, Hulu Langat, Selangor, 43200, Malaysia"
D MAYANG,KUALA LUMPUR TOWN CENTRE,Kuala Lumpur,3.1614906,101.7173445,scheme,"D, Jalan Mayang Sari, Kampung Padang, Kampung Paya, Kampung Datuk Keramat, Kuala Lumpur, 50450, Malaysia"
D' ALPINIA,DENGKIL,Sepang,2.9780278,101.6537088,scheme,"D'Alpinia, Kampung Pulau Meranti, Sepang, Selangor, Malaysia"
D'9 BANGSAR,MUKIM KUALA LUMPUR,Kuala Lumpur,3.1387754,101.6648407,scheme,"D'9 @ Bangsar, 28, Bangsar, Kuala Lumpur, Malaysia"
D'ALPHINIA (ANDANA KONDOMINIUM),DENGKIL,Sepang,,,none,
D'ALPINIA (ANDANA TERES VILLA),DENGKIL,Sepang,2.9780278,101.6537088,scheme,"D'Alpinia, Kampung Pulau Meranti, Sepang, Selangor, Malaysia"
D'AMAN CRIMSON,BANDAR PETALING JAYA,Petaling,3.1151291,101.5917361,scheme,"D'Aman Crimson Apartments, PJU 1A, Ara Damansara, Petaling Jaya, Petaling, Selangor, Malaysia"
D'AMAN CRIMSON,DAMANSARA,Petaling,3.1151291,101.5917361,scheme,"D'Aman Crimson Apartments, PJU 1A, Ara Damansara, Petaling Jaya, Petaling, Selangor, Malaysia"
D'ANJUNG TELUK PULAI,BANDAR KELANG,Klang,,,none,
D'BRIGHTTON,MUKIM SETAPAK,Kuala Lumpur,3.1887058,101.7084007,scheme,"d'Brightton @ Titiwangsa, Kampung Puah Seberang, Kuala Lumpur, Malaysia"
D'HAVEN CONDOMINIUM,BANDAR KELANG,Klang,,,none,
D'ISLAND RESIDENCE,DENGKIL,Sepang,,,none,
D'KAYANGAN- SEK 13 SHAH ALAM,BANDAR SHAH ALAM,Petaling,3.0740564,101.537003,scheme,"Dive Buddy Malaysia, Persiaran Akuatik, D'Kayangan, Section 13, Shah Alam, Petaling, Selangor, 40675, Malaysia"
D'KIARA APARTMENT-PST BDR PUCHONG,PEKAN KINRARA,Petaling,,,none,
D'PALMA APARTMENT - PST BDR PUCHONG,PEKAN KINRARA,Petaling,,,none,
D'RAPPORT,BANDAR HULU KELANG,Gombak,3.1640457,101.741375,scheme,"D'Rapport Residence, Ulu Kelang, Ampang Jaya Municipal Council, Gombak, Selangor, Malaysia"
D'RIMBA (SEK 11 KOTA DAMANSARA),PEKAN BARU SG BULUH,Petaling,3.0092637,101.6602,scheme,"Desaminium Rimba, Taman Lestari Perdana, Putra Permai, Subang Jaya City Council, Petaling, Selangor, Malaysia"
D'SEVEN (LAGOON PERDANA),PEKAN PENAGA,Petaling,,,none,
D'SHIRE - SEK.4 KOTA D'SARA,PEKAN BARU SG BULUH,Petaling,,,none,
D'SURIA KONDOMINIUM,AMPANG,Hulu Langat,,,none,
D'SURIA KONDOMINIUM,BANDAR AMPANG,Hulu Langat,,,none,
D'VILLA - SEK.11 KOTA D'SARA,PEKAN BARU SG BULUH,Petaling,,,none,
D'VILLA - SEK.11 KOTA D'SARA,PEKAN KAYU ARA,Petaling,,,none,
DAFFODIL-TMN PUCHONG PERDANA,PEKAN PUCHONG PERDANA,Petaling,,,none,
DAHLIA @ BDR BUKIT PUCHONG,DENGKIL,Sepang,,,none,
"DAHLIA APARTMENT, SAUJANA UTAMA",IJOK,Kuala Selangor,,,none,
DAMAI 33,KUALA LUMPUR TOWN CENTRE,Kuala Lumpur,3.068951,101.7454575,scheme,"33, Jalan Damai Jasa 1, Cheras, Kuala Lumpur, 56000, Malaysia"
DAMAI SURIA,KUALA LUMPUR TOWN CENTRE,Kuala Lumpur,3.1552694,101.7302152,scheme,"Damai Suria, Kampung Datuk Keramat, Kuala Lumpur, Malaysia"
DAMAISARI,MUKIM KUALA LUMPUR,Kuala Lumpur,3.1400938,101.6615753,scheme,"Damaisari, Bangsar, Kuala Lumpur, Malaysia"
DAMANSARA DAMAI,SUNGAI BULUH,Petaling,3.199764,101.5928658,scheme,"Damansara Damai, Jalan PJU 10/10E, Damansara Damai, PJU 10, Petaling Jaya, Petaling, Selangor, 47830, Malaysia"
DAMANSARA DAMAI - HARMONI,SUNGAI BULUH,Petaling,,,none,
DAMANSARA EMAS SEK. 5 KOTA DAMANSARA,PEKAN BARU SG BULUH,Petaling,,,none,
DAMANSARA FORESTA,BDR SRI DAMANSARA,Petaling,3.1816255,101.6118104,scheme,"Damansara Foresta Condominium, PJU 9, Bandar Sri Damansara, Petaling Jaya, Petaling, Selangor, 52200, Malaysia"
DAMANSARA HEIGHTS (BKT DAMANSARA),MUKIM KUALA LUMPUR,Kuala Lumpur,3.1523954,101.6584455,scheme,"Damansara Heights, Kuala Lumpur, 50490, Malaysia"
DAMANSARA HEIGHTS (BUKIT DAMANSARA),MUKIM KUALA LUMPUR,Kuala Lumpur,3.1523954,101.6584455,scheme,"Damansara Heights, Kuala Lumpur, 50490, Malaysia"
DAMANSARA IDAMAN,PEKAN CHEMPAKA,Petaling,3.1227528,101.5942265,scheme,"Damansara Idaman, Lebuhraya NKVE, PJU 1A, Ara Damansara, Petaling Jaya, Petaling, Selangor, 47301, Malaysia"
DAMANSARA INDAH RESORT HOMES,PEKAN BARU SG BULUH,Petaling,,,none,
DAMANSARA LAGENDA,PEKAN CHEMPAKA,Petaling,3.1247778,101.5932841,scheme,"Damansara Lagenda, Jalan PJU 1A/1, PJU 1A, Ara Damansara, Petaling Jaya, Petaling, Selangor, 47410, Malaysia"
DAMANSARA VILLA,MUKIM KUALA LUMPUR,Kuala Lumpur,3.1498362,101.669527,scheme,"Damansara Villa, Taman Duta, Kuala Lumpur, Malaysia"
DANAU DESA,MUKIM KUALA LUMPUR,Kuala Lumpur,3.0995135,101.6869728,scheme,"Danau Desa, Taman Desa, Kuala Lumpur, Malaysia"
DANAU EMBUN @GAMUDA GARDEN,RAWANG,Gombak,,,none,
DANAU IDAMAN KONDO,MUKIM KUALA LUMPUR,Kuala Lumpur,3.0992009,101.6864011,scheme,"Kondominium Danau Idaman, Jalan 2/109F, Danau Desa, Taman Desa, Kuala Lumpur, 58100, Malaysia"
DANAU IMPIAN & DANAU IDAMAN,MUKIM KUALA LUMPUR,Kuala Lumpur,,,none,
DANAU KOTA,MUKIM SETAPAK,Kuala Lumpur,3.2038231,101.7187072,scheme,"Kolam Takungan Banjir Danau Kota, Setapak, Kuala Lumpur, Malaysia"
DANAU KOTA KONDOMINIUM,MUKIM SETAPAK,Kuala Lumpur,,,none,
DANAU MURNI KONDOMINIUM,MUKIM KUALA LUMPUR,Kuala Lumpur,,,none,
DANAU PERMAI,MUKIM KUALA LUMPUR,Kuala Lumpur,3.1021766,101.6884,scheme,"Danau Permai Condominium, Taman Desa, Kuala Lumpur, Malaysia"
DANAU RIA @GAMUDA GARDENS,RAWANG,Gombak,,,none,
DATARAN EMERALD,BANDAR SELAYANG,Gombak,3.2436212,101.6514991,scheme,"Emerald Avenue, Lebuhraya Selayang Kepong, Taman Sri Melati, Batu Caves, Selayang Municipal Council, Gombak, Selangor, 6"
"DATARAN OTOMOBIL, SEK. 15 SHAH ALAM",BANDAR SHAH ALAM,Petaling,3.064166,101.5327354,scheme,"Dataran Otomobil (Timur), Persiaran Selangor, Section 15, Shah Alam, Petaling, Selangor, 40200, Malaysia"
"DATARAN OTOMOBIL, SEKSYEN 15 SHAH ALAM",BANDAR SHAH ALAM,Petaling,3.064166,101.5327354,scheme,"Dataran Otomobil (Timur), Persiaran Selangor, Section 15, Shah Alam, Petaling, Selangor, 40200, Malaysia"
DATARAN PANDAN PRIMA,BANDAR AMPANG,Hulu Langat,3.1424445,101.7415948,scheme,"Dataran Pandan Prima, Kampung Pandan Dalam, Ampang, Ampang Jaya Municipal Council, Hulu Langat, Selangor, Malaysia"
DATARAN PRIMA,PEKAN CHEMPAKA,Petaling,3.1178447,101.5948827,scheme,"Dataran Prima, PJU 1, Ara Damansara, Petaling Jaya, Petaling, Selangor, Malaysia"
DATARAN UKAY,HULU KLANG,Gombak,3.1680747,101.753756,scheme,"Dataran Ukay / Pusat Akuarium MRR2, Sungai Besi–Ulu Klang Elevated Expressway, Bukit Antarabangsa, Ulu Kelang, Ampang Ja"
DATO KERAMAT HUJUNG,MUKIM AMPANG,Kuala Lumpur,,,none,
DATUK KERAMAT (AU1A),BANDAR HULU KELANG,Gombak,,,none,
DATUK KERAMAT (AU1A),HULU KLANG,Gombak,3.1772238,101.7529682,road,"Jalan AU 2C/2, Taman Desa Keramat AU2C, Taman Sri Keramat (AU 2), Bukit Antarabangsa, Ulu Kelang, Ampang Jaya Municipal "
DAUNAN WORLDWIDE @ ALAM PERDANA,IJOK,Kuala Selangor,3.2618198,101.4566334,scheme,"Persiaran Daunan Worldwide, Taman Alam Perdana, Bandar Puncak Alam, Kuala Selangor, Selangor, 42300, Malaysia"
DE BAYU SETIA ALAM,BUKIT RAJA,Petaling,3.1330897,101.4739475,scheme,"Pangsapuri De Bayu, Section U13, Setia Alam, Shah Alam, Petaling, Selangor, Malaysia"
DE CEMARA-BDR SETIA LAAM,BUKIT RAJA,Petaling,,,none,
DE CENDANA-BDR SETIA ALAM,BUKIT RAJA,Petaling,,,none,
DE KIARA APARTMENT-BDR SETIA ALAM,BUKIT RAJA,Petaling,,,none,
DE KIARA APARTMENT-BDR SETIA ALAM,PEKAN KINRARA,Petaling,,,none,
DE PALMA APARTMENT-BDR SETIA ALAM,BUKIT RAJA,Petaling,,,none,
DE ROZELLE KONDO-SEK.10 KOTA D'SAR,PEKAN BARU SG BULUH,Petaling,,,none,
DE TROPICANA,MUKIM PETALING,Kuala Lumpur,3.0865114,101.6932858,scheme,"De Tropicana, Bandar Sri Permaisuri, Kuchai Lama, Kuala Lumpur, Malaysia"
DE TROPICANA CONDOMINIUM,MUKIM PETALING,Kuala Lumpur,,,none,
DEDAUN,KUALA LUMPUR TOWN CENTRE,Kuala Lumpur,3.1585115,101.7236562,scheme,"Dedaun, 193, Kampung Datuk Keramat, Kuala Lumpur, Malaysia"
DENAI ALAM SHAH ALAM,BUKIT RAJA,Petaling,3.1635622,101.5129555,scheme,"Denai Alam, Shah Alam, Petaling, Selangor, 40800, Malaysia"
DENAI ALAM SHAH ALAM,SUNGAI BULUH,Petaling,3.1635622,101.5129555,scheme,"Denai Alam, Shah Alam, Petaling, Selangor, 40800, Malaysia"
"DENAI IMPIAN, KOTA KEMUNING",KELANG,Klang,,,none,
DENAI IMPIAN/LAGOON SUITE CONDO,KELANG,Klang,,,none,
DENAI SUTERA CONDOMINIUM,MUKIM PETALING,Kuala Lumpur,,,none,
DESA  KIARA,MUKIM KUALA LUMPUR,Kuala Lumpur,3.1331905,101.6304613,scheme,"Desa Kiara Condominium, Kuala Lumpur, Malaysia"
DESA  PARK CITY (NADIA),MUKIM BATU,Kuala Lumpur,3.2138383,101.66933,scheme,"Lake City Property Gallery, 100, Jalan Sibu, Jinjang, Kepong, Kuala Lumpur, 68100, Malaysia"
DESA 8,MUKIM KUALA LUMPUR,Kuala Lumpur,3.1075596,101.6918228,scheme,"Desa Eight, Taman Desa, Kuala Lumpur, Malaysia"
DESA ALPHA TOWNHOUSE,MUKIM BATU,Kuala Lumpur,,,none,
DESA AMAN,MUKIM KUALA LUMPUR,Kuala Lumpur,3.095552,101.7417605,scheme,"Taman Sri Desa Aman, Taman Cheras, Cheras, Kuala Lumpur, 56100, Malaysia"
DESA AMAN PURI,BANDAR KEPONG,Gombak,3.2113474,101.6169137,scheme,"Desa Aman Puri (North), Jalan Desa 1/4, Selayang Municipal Council, Gombak, Selangor, 52100, Malaysia"
DESA ANDAMAN,MUKIM SETAPAK,Kuala Lumpur,3.2022578,101.7284702,scheme,"Desa Andaman, Wangsa Maju, Kuala Lumpur, Malaysia"
DESA ANGKASA,KUALA LUMPUR TOWN CENTRE,Kuala Lumpur,3.1578116,101.7225638,scheme,"Desa Angkasa, Kampung Datuk Keramat, Kuala Lumpur, Malaysia"
DESA BAGINDA BANGI,DENGKIL,Sepang,2.8590726,101.691103,road,"Jalan 4, Taman Gemilang, Kampung Lalang, Dengkil, Sepang, Selangor, 43800, Malaysia"
DESA BAIDURI MURNI,LABU,Sepang,2.7934145,101.7254485,road,"Jalan Baiduri Murni 1, Kampung Labu Lanjut, Bandar Baru Salak Tinggi, Sepang, Selangor, 43900, Malaysia"
DESA BAKTI,MUKIM BATU,Kuala Lumpur,3.2429869,101.662842,scheme,"Taman Desa Bakti, Jalan 2/2B, Kampung Lembah Indah, Batu Caves, Kuala Lumpur, Gombak, Selangor, 68100, Malaysia"
DESA BANGSARIA,MUKIM KUALA LUMPUR,Kuala Lumpur,,,none,
DESA BANGSAWAN APARTMENT,MUKIM KUALA LUMPUR,Kuala Lumpur,3.0891835,101.7188406,scheme,"Apartment Desa Bangsawan, Jalan Budiman, Bandar Tun Razak, Cheras, Kuala Lumpur, 56000, Malaysia"
"DESA BAYUEMAS, KLANG",KELANG,Klang,,,none,
DESA BESTARI,LABU,Sepang,2.800815,101.7531072,scheme,"Taman Permainan Desa Bestari Jalan 3, Salak, Bandar Baru Salak Tinggi, Sepang, Selangor, Malaysia"
DESA BISTARI,LABU,Sepang,,,none,
DESA BISTARI,MUKIM KUALA LUMPUR,Kuala Lumpur,3.1447914,101.6589506,scheme,"Desa Bistari, Damansara Heights, Kuala Lumpur, Malaysia"
DESA BUDIMAN,HULU LANGAT,Hulu Langat,3.0591073,101.8121065,scheme,"Desa Budiman, Bandar Sungai Long, Kajang Municipal Council, Hulu Langat, Selangor, 43000, Malaysia"
DESA BUKIT BERLIAN,KAPAR,Klang,3.1785836,101.4165892,scheme,"Taman Desa Bukit Berlian, Klang City, Klang, Selangor, Malaysia"
DESA BUKIT CAHAYA,CHERAS,Hulu Langat,,,none,
DESA BUNGA RAYA,BANDAR KAJANG,Hulu Langat,2.9901091,101.7828891,scheme,"Desa Bunga Raya, Sungai Chua, Kajang Municipal Council, Hulu Langat, Selangor, 43000, Malaysia"
DESA CAHAYA,KUALA LUMPUR TOWN CENTRE,Kuala Lumpur,3.1609416,101.724648,scheme,"Desa Cahaya Condominium, Kampung Datuk Keramat, Kuala Lumpur, Malaysia"
DESA CAMELIA 1& 2,DENGKIL,Sepang,2.9459827,101.7376701,scheme,"Desa Camelia Seksyen 6, Sepang, Selangor, Malaysia"
DESA CINDAIMAS,MUKIM PETALING,Kuala Lumpur,3.0865129,101.6781353,scheme,"Desa Cindaimas Condo, Kuchai Lama, Kuala Lumpur, Malaysia"
DESA COALFIELDS,IJOK,Kuala Selangor,3.2310284,101.4889628,scheme,"Desa Coalfields, Bandar Seri Coalfields, Kuala Selangor, Selangor, 47000, Malaysia"
DESA DAHLIA,KAJANG,Hulu Langat,2.9778685,101.7603581,scheme,"Taman Desa Dahlia, Kampung Sungai Ramal Dalam, Kajang Municipal Council, Hulu Langat, Selangor, Malaysia"
DESA DAMANSARA,MUKIM KUALA LUMPUR,Kuala Lumpur,3.1529625,101.6474386,scheme,"Desa Damansara, Damansara Heights, Kuala Lumpur, Malaysia"
DESA GEMBIRA,MUKIM PETALING,Kuala Lumpur,3.0795109,101.6877118,scheme,"Desa Gembira, Kuchai Lama, Kuala Lumpur, Malaysia"
DESA GEMBIRA,PEKAN SALAK,Sepang,,,none,
DESA IDAMAN RESIDENCES-TMN PUCHONG PRIMA,PEKAN PUCHONG PERDANA,Petaling,,,none,
"DESA IDAMAN, OLAK LEMPIT",TANJUNG 12,Kuala Langat,2.8382568,101.5824071,scheme,"Taman Desa Idaman, Banting, Kuala Langat, Selangor, Malaysia"
DESA IMPIAN ALAM,SUNGAI BULUH,Petaling,3.2175729,101.5028106,scheme,"Desa Impian, Shah Alam, Petaling, Selangor, 40160, Malaysia"
DESA INDAH SUNGAI  TUA,BANDAR SELAYANG,Gombak,,,none,
DESA KARISMA,LABU,Sepang,,,none,
DESA KARUN MAS,PEKAN KAJANG,Hulu Langat,,,none,
DESA KARUNMAS,PEKAN KAJANG,Hulu Langat,3.0053344,101.7549452,scheme,"Taman Desa Karunmas, Cheras, Kajang Municipal Council, Hulu Langat, Selangor, 43000, Malaysia"
DESA KEKWA,KAJANG,Hulu Langat,2.9878823,101.7770335,scheme,"Taman Desa Kekwa, Sungai Chua, Kajang Municipal Council, Hulu Langat, Selangor, Malaysia"
DESA KEMUNING SURIA P/L 1261,KELANG,Klang,,,none,
DESA KERAMAT (AU2C),BANDAR HULU KELANG,Gombak,3.1778806,101.7535373,scheme,"Taman Desa Keramat AU2C, Taman Sri Keramat (AU 2), Bukit Antarabangsa, Ulu Kelang, Ampang Jaya Municipal Council, Gombak"
DESA KIAMBANG,KAJANG,Hulu Langat,2.9867748,101.7770682,scheme,"Taman Desa Kiambang, Sungai Chua, Kajang Municipal Council, Hulu Langat, Selangor, Malaysia"
DESA KIARA,MUKIM KUALA LUMPUR,Kuala Lumpur,3.1331905,101.6304613,scheme,"Desa Kiara Condominium, Kuala Lumpur, Malaysia"
DESA KUALA GARING,BANDAR RAWANG,Gombak,3.3384436,101.5636787,scheme,"Kampung Desa Kuala Garing, Rawang, Selayang Municipal Council, Gombak, Selangor, Malaysia"
DESA KUDALARI,KUALA LUMPUR TOWN CENTRE,Kuala Lumpur,3.1570154,101.7193993,scheme,"Desa Kudalari, 3, Kampung Datuk Keramat, Kuala Lumpur, Malaysia"
DESA KUNDANG,BANDAR KUNDANG,Gombak,3.3042952,101.522527,scheme,"Taman Desa Kundang, Selayang Municipal Council, Gombak, Selangor, Malaysia"
DESA LATANIA,KELANG,Klang,3.022154,101.484497,scheme,"Desa Latania, Section 36, Shah Alam, Klang, Selangor, Malaysia"
DESA LEMBAH PERMAI,BANDAR AMPANG,Hulu Langat,,,none,
DESA MAKMUR VILLA (P/LOT 2961),DENGKIL,Sepang,2.9379998,101.7403362,scheme,"Desa Makmur Villa, Kampung Sungai Merab Jaya, Sepang, Selangor, Malaysia"
DESA MAKMUR(DENGKIL),DENGKIL,Sepang,2.9395882,101.7417748,scheme,"Desa Makmur, Kampung Sungai Merab Jaya, Sepang, Selangor, Malaysia"
DESA MEKAR,DENGKIL,Sepang,2.9157003,101.7301594,scheme,"Desa Mekar, Kampung Desa Putra, Sepang, Selangor, Malaysia"
DESA MELAWATI,MUKIM SETAPAK,Kuala Lumpur,3.219697,101.7378728,scheme,"Desa Melawati, Wangsa Maju, Kuala Lumpur, 53100, Malaysia"
DESA MELAWATI TOWNHOUSE,MUKIM SETAPAK,Kuala Lumpur,,,none,
DESA MENTARI,BDR PETALING JAYA SELATAN,Petaling,3.0796076,101.6175484,scheme,"Desa Mentari, PJS 6, Sunway City, Petaling Jaya, Petaling, Selangor, Malaysia"
DESA MENTARI,BDR SUNWAY,Petaling,3.0796076,101.6175484,scheme,"Desa Mentari, PJS 6, Sunway City, Petaling Jaya, Petaling, Selangor, Malaysia"
DESA MERPATI,PEKAN SALAK,Sepang,,,none,
DESA MUTIARA,BANDAR KUNDANG,Gombak,3.3272675,101.5225652,scheme,"Desa Mutiara, Sungai Bakau, Selayang Municipal Council, Gombak, Selangor, Malaysia"
DESA MUTIARA SALAK (LABU),LABU,Sepang,2.785084,101.7140806,road,"Jalan 6, Kampung Labu Lanjut, Bandar Baru Salak Tinggi, Sepang, Selangor, 64000, Malaysia"
DESA PAKAR FLAT,MUKIM PETALING,Kuala Lumpur,,,none,
DESA PALMA,KUALA LUMPUR TOWN CENTRE,Kuala Lumpur,3.15743,101.7291662,scheme,"Desa Palma, Kampung Datuk Keramat, Kuala Lumpur, Malaysia"
DESA PANDAN,MUKIM AMPANG,Kuala Lumpur,3.1449727,101.7387786,scheme,"Flat Desa Pandan (Barat), Jalan Kampung Pandan, Kampung Pandan Luar, Kampung Pandan Dalam, Ampang, Kuala Lumpur, Hulu La"
DESA PANTAI FLAT,MUKIM KUALA LUMPUR,Kuala Lumpur,,,none,
DESA PARK CITY,MUKIM BATU,Kuala Lumpur,3.2138383,101.66933,scheme,"Lake City Property Gallery, 100, Jalan Sibu, Jinjang, Kepong, Kuala Lumpur, 68100, Malaysia"
DESA PARK CITY (ADIVA),MUKIM BATU,Kuala Lumpur,3.2138383,101.66933,scheme,"Lake City Property Gallery, 100, Jalan Sibu, Jinjang, Kepong, Kuala Lumpur, 68100, Malaysia"
DESA PARK CITY (ADORA),MUKIM BATU,Kuala Lumpur,3.2138383,101.66933,scheme,"Lake City Property Gallery, 100, Jalan Sibu, Jinjang, Kepong, Kuala Lumpur, 68100, Malaysia"
DESA PARK CITY (LEVENUE),MUKIM BATU,Kuala Lumpur,3.2138383,101.66933,scheme,"Lake City Property Gallery, 100, Jalan Sibu, Jinjang, Kepong, Kuala Lumpur, 68100, Malaysia"
DESA PARK CITY (RIDGEWOOD),MUKIM BATU,Kuala Lumpur,3.2138383,101.66933,scheme,"Lake City Property Gallery, 100, Jalan Sibu, Jinjang, Kepong, Kuala Lumpur, 68100, Malaysia"
DESA PARK CITY (SAFA),MUKIM BATU,Kuala Lumpur,3.2138383,101.66933,scheme,"Lake City Property Gallery, 100, Jalan Sibu, Jinjang, Kepong, Kuala Lumpur, 68100, Malaysia"
DESA PARK CITY (SOUTH LAKE),MUKIM BATU,Kuala Lumpur,3.2138383,101.66933,scheme,"Lake City Property Gallery, 100, Jalan Sibu, Jinjang, Kepong, Kuala Lumpur, 68100, Malaysia"
DESA PARK CITY (THE BREEZEWAY),MUKIM BATU,Kuala Lumpur,3.2138383,101.66933,scheme,"Lake City Property Gallery, 100, Jalan Sibu, Jinjang, Kepong, Kuala Lumpur, 68100, Malaysia"
DESA PARK CITY (ZENIA),MUKIM BATU,Kuala Lumpur,3.2138383,101.66933,scheme,"Lake City Property Gallery, 100, Jalan Sibu, Jinjang, Kepong, Kuala Lumpur, 68100, Malaysia"
DESA PARKCITY (AMELIA GARDEN HOMES),MUKIM BATU,Kuala Lumpur,3.1863832,101.6318156,scheme,"Desa ParkCity, Kepong, Kuala Lumpur, 52200, Malaysia"
DESA PARKCITY (CASAMAN),MUKIM BATU,Kuala Lumpur,3.1863832,101.6318156,scheme,"Desa ParkCity, Kepong, Kuala Lumpur, 52200, Malaysia"
DESA PARKCITY (PARK PLACE),MUKIM BATU,Kuala Lumpur,3.1863832,101.6318156,scheme,"Desa ParkCity, Kepong, Kuala Lumpur, 52200, Malaysia"
DESA PARKCITY (THE MANSIONS),MUKIM BATU,Kuala Lumpur,3.1863832,101.6318156,scheme,"Desa ParkCity, Kepong, Kuala Lumpur, 52200, Malaysia"
DESA PELANGI KONDOMINIUM,DENGKIL,Sepang,,,none,
DESA PERMAI (CHERAS),CHERAS,Hulu Langat,3.0568044,101.7977861,scheme,"Jalan Desa Permai, Cheras, Kajang Municipal Council, Hulu Langat, Selangor, 43200, Malaysia"
DESA PETALING,MUKIM PETALING,Kuala Lumpur,3.0832799,101.7042686,scheme,"Desa Petaling (Selatan), Jalan 2/125, Desa Petaling, Bandar Tun Razak, Salak South, Kuala Lumpur, 56000, Malaysia"
DESA PINGGIRAN PUTRA,DENGKIL,Sepang,2.9039411,101.7076862,scheme,"Desa Pinggiran Putra, Dengkil, Kajang Municipal Council, Selangor, Malaysia"
DESA PUTERI,BANDAR KUNDANG,Gombak,3.2844631,101.505216,scheme,"Desa Puteri, Kundang, Selayang Municipal Council, Gombak, Selangor, Malaysia"
DESA PUTRA,BANDAR SELAYANG,Gombak,,,none,
DESA PUTRA,MUKIM SETAPAK,Kuala Lumpur,3.1998277,101.7377748,scheme,"Desa Putra Condominium, Wangsa Maju, Kuala Lumpur, Malaysia"
DESA PUTRI,KUALA LUMPUR TOWN CENTRE,Kuala Lumpur,3.213929,101.6891892,scheme,"Asrama Putri Desa View, Jalan 46/10, Kampung Sri Batu, Kampung Padang Balang, Kuala Lumpur, 51200, Malaysia"
DESA RESTU,LABU,Sepang,,,none,
DESA RIA APARTMENT,BERANANG,Hulu Langat,3.0216277,101.7500937,scheme,"Desa Ria Apartment, Balakong, Cheras, Kajang Municipal Council, Hulu Langat, Selangor, Malaysia"
DESA RIA APARTMENT,PEKAN KAJANG,Hulu Langat,3.0216277,101.7500937,scheme,"Desa Ria Apartment, Balakong, Cheras, Kajang Municipal Council, Hulu Langat, Selangor, Malaysia"
DESA ROS,BANDAR KAJANG,Hulu Langat,2.9986438,101.7940002,scheme,"Rose Residence, Kampung Asrah, Kajang Municipal Council, Hulu Langat, Selangor, Malaysia"
DESA ROS,KAJANG,Hulu Langat,2.9986438,101.7940002,scheme,"Rose Residence, Kampung Asrah, Kajang Municipal Council, Hulu Langat, Selangor, Malaysia"
DESA SALAK AKASIA,LABU,Sepang,2.7899208,101.7504047,scheme,"Desa Salak Akasia, Salak, Bandar Baru Salak Tinggi, Sepang, Selangor, Malaysia"
DESA SALAK BAKTI,LABU,Sepang,2.785084,101.7140806,road,"Jalan 6, Kampung Labu Lanjut, Bandar Baru Salak Tinggi, Sepang, Selangor, 64000, Malaysia"
DESA SALAK DAMAI (P/LOT 1634 MK LABU),LABU,Sepang,2.8031137,101.7267861,road,"Jalan DSS 10, Kampung Labu Lanjut, Bandar Baru Salak Tinggi, Sepang, Selangor, 43900, Malaysia"
DESA SALAK IDAMAN,LABU,Sepang,,,none,
DESA SALAK MAJU,LABU,Sepang,,,none,
DESA SALAK MENTARI( P/LOT 111),LABU,Sepang,2.7935036,101.7481627,scheme,"Desa Salak Mentari, Salak, Bandar Baru Salak Tinggi, Sepang, Selangor, Malaysia"
DESA SALAK MUTIARA,LABU,Sepang,2.785084,101.7140806,road,"Jalan 6, Kampung Labu Lanjut, Bandar Baru Salak Tinggi, Sepang, Selangor, 64000, Malaysia"
DESA SALAK PEKERTI,LABU,Sepang,2.7965619,101.7077061,scheme,"Desa Salak Pekerti, Bandar Baru Salak Tinggi, Sepang, Selangor, Malaysia"
DESA SALAK PEKERTI (P/L 3097),LABU,Sepang,2.7965619,101.7077061,scheme,"Desa Salak Pekerti, Bandar Baru Salak Tinggi, Sepang, Selangor, Malaysia"
DESA SALAK PEKERTI (P/L 3112),LABU,Sepang,2.7965619,101.7077061,scheme,"Desa Salak Pekerti, Bandar Baru Salak Tinggi, Sepang, Selangor, Malaysia"
DESA SALAK PEKERTI (P/L 3117),LABU,Sepang,2.7965619,101.7077061,scheme,"Desa Salak Pekerti, Bandar Baru Salak Tinggi, Sepang, Selangor, Malaysia"
DESA SALAK PEKERTI (P/LOT 3106),LABU,Sepang,2.7965619,101.7077061,scheme,"Desa Salak Pekerti, Bandar Baru Salak Tinggi, Sepang, Selangor, Malaysia"
DESA SALAK PEKERTI (P/LOT 3114),LABU,Sepang,2.7965619,101.7077061,scheme,"Desa Salak Pekerti, Bandar Baru Salak Tinggi, Sepang, Selangor, Malaysia"
DESA SALAK PERMAI,LABU,Sepang,,,none,
DESA SALAK VILLA,LABU,Sepang,2.7898312,101.725776,road,"Jalan Salak Setia 1, Kampung Labu Lanjut, Bandar Baru Salak Tinggi, Sepang, Selangor, 43900, Malaysia"
DESA SAUJANA,DENGKIL,Sepang,2.9105739,101.7378748,scheme,"Taman Desa Saujana, Kampung Desa Putra, Sepang, Selangor, Malaysia"
DESA SENTOSA,PEKAN DUSUN TUA ULU LANGAT,Hulu Langat,3.1428566,101.8371615,scheme,"Klinik Desa Dusun Tua, Jalan Hulu Langat, Taman Desa Sentosa, Kampung Kenanga, Dusun Tua, Kajang Municipal Council, Hulu"
DESA SEPUTEH,MUKIM KUALA LUMPUR,Kuala Lumpur,3.1159767,101.702875,scheme,"PY25 Bandar Malaysia Utara (Provisional), Bandar Sri Permaisuri, Seputeh, Kuala Lumpur, Malaysia"
DESA SERDANG,KAJANG,Hulu Langat,3.0118061,101.7267788,scheme,"Taman Desa Serdang, Kajang Municipal Council, Hulu Langat, Selangor, Malaysia"
DESA SERDANG,PEKAN KAJANG,Hulu Langat,3.0118061,101.7267788,scheme,"Taman Desa Serdang, Kajang Municipal Council, Hulu Langat, Selangor, Malaysia"
DESA SERI SETIA,LABU,Sepang,2.8031137,101.7267861,road,"Jalan DSS 10, Kampung Labu Lanjut, Bandar Baru Salak Tinggi, Sepang, Selangor, 43900, Malaysia"
DESA SEROJA,BANDAR KAJANG,Hulu Langat,2.9851453,101.7895478,scheme,"Jalan Desa Seroja 1, Desa Billion, Sungai Chua, Kajang Municipal Council, Hulu Langat, Selangor, 43000, Malaysia"
DESA SEROJA,BERANANG,Hulu Langat,2.9851453,101.7895478,scheme,"Jalan Desa Seroja 1, Desa Billion, Sungai Chua, Kajang Municipal Council, Hulu Langat, Selangor, 43000, Malaysia"
DESA SETAPAK,MUKIM SETAPAK,Kuala Lumpur,3.2091958,101.7305282,scheme,"SK Desa Setapak, Jalan 28/27B, Taman Desa Setapak, Wangsa Maju, Kuala Lumpur, 53300, Malaysia"
DESA SETIA MURNI,LABU,Sepang,,,none,
DESA SINAR SALAK,LABU,Sepang,2.8031137,101.7267861,road,"Jalan DSS 10, Kampung Labu Lanjut, Bandar Baru Salak Tinggi, Sepang, Selangor, 43900, Malaysia"
DESA SRI BAYU,BANDAR RAWANG,Gombak,3.2958463,101.5884206,scheme,"Taman Desa Sri Bayu, Kampung Sungai Samak, Rawang, Selayang Municipal Council, Gombak, Selangor, Malaysia"
DESA SRI HARTAMAS,MUKIM KUALA LUMPUR,Kuala Lumpur,3.1624124,101.6494503,scheme,"Desa Sri Hartamas, Sri Hartamas, Kuala Lumpur, Malaysia"
DESA SRI JENARIS,BANDAR KAJANG,Hulu Langat,3.0109001,101.8012787,scheme,"Desa Sri Jenaris, Kajang Municipal Council, Hulu Langat, Selangor, 43000, Malaysia"
DESA SRI JENARIS,KAJANG,Hulu Langat,3.0109001,101.8012787,scheme,"Desa Sri Jenaris, Kajang Municipal Council, Hulu Langat, Selangor, 43000, Malaysia"
DESA SRI PUTERI,MUKIM PETALING,Kuala Lumpur,3.0844879,101.7145438,scheme,"Desa Sri Puteri - B, Bandar Tun Razak, Salak South, Kuala Lumpur, 56000, Malaysia"
DESA SRI QASEH,LABU,Sepang,2.8045873,101.719519,scheme,"Jalan Desa Sri Qaseh 1, Taman Sri Qaseh, Kampung Labu Lanjut, Bandar Baru Salak Tinggi, Sepang, Selangor, 43900, Malaysi"
DESA SURADA,BANDAR BARU BANGI,Hulu Langat,2.9700788,101.7691337,scheme,"Taman Desa Surada, Seksyen 8, Bandar Baru Bangi, Kajang Municipal Council, Hulu Langat, Selangor, Malaysia"
DESA TANJUNG -BUKIT SERDANG,PEKAN SERDANG,Petaling,3.0199409,101.6992564,scheme,"Pangsapuri Desa Tanjung, Bukit Serdang, Seri Kembangan, Subang Jaya City Council, Petaling, Selangor, Malaysia"
DESA TEMENGGUNG,BANDAR SELAYANG,Gombak,,,none,
DESA TERATAI (P/L 1903)),TELOK PANGLIMA GARANG,Kuala Langat,,,none,
DESA TIARA,MUKIM PETALING,Kuala Lumpur,3.0808543,101.6886166,scheme,"Desa Tiara, Kuchai Lama, Kuala Lumpur, Malaysia"
DESA TIMAH LANGAT,DENGKIL,Sepang,2.8818164,101.6638343,scheme,"Taman Desa Timah Langat, Dengkil, Sepang, Selangor, Malaysia"
DESA TROPIKA,BUKIT RAJA,Petaling,3.1695053,101.4694972,scheme,"Desa Tropika, Section U15, Shah Alam, Petaling, Selangor, Malaysia"
DESA TUN RAZAK,MUKIM PETALING,Kuala Lumpur,3.0833403,101.709166,scheme,"SK Desa Petaling, Jalan 2/125, Desa Petaling, Bandar Tun Razak, Salak South, Kuala Lumpur, 57100, Malaysia"
DESA U-THANT,KUALA LUMPUR TOWN CENTRE,Kuala Lumpur,3.1579215,101.7236517,scheme,"Desa U-Thant, Kampung Datuk Keramat, Kuala Lumpur, Malaysia"
DESA VIEW TOWER,MUKIM SETAPAK,Kuala Lumpur,,,none,
DESA VILLA CONDO,MUKIM KUALA LUMPUR,Kuala Lumpur,,,none,
DESA VILLA CONDO,MUKIM SETAPAK,Kuala Lumpur,,,none,
DESA VILLA MERAB,DENGKIL,Sepang,2.9379998,101.7403362,scheme,"Desa Makmur Villa, Kampung Sungai Merab Jaya, Sepang, Selangor, Malaysia"
DESA VILLAS,MUKIM SETAPAK,Kuala Lumpur,3.1882887,101.7381095,scheme,"Desa Villas Condominiums, Setiawangsa, Hulu Kelang, Kuala Lumpur, Malaysia"
DESARIA VILLA,DENGKIL,Sepang,,,none,
DESARINA CONDOMINIUM,MUKIM KUALA LUMPUR,Kuala Lumpur,,,none,
DESIRAN BAYU,DENGKIL,Sepang,2.9598988,101.5870614,scheme,"Desiran Bayu, Sepang, Selangor, Malaysia"
DESIRAN BAYU,MUKIM SETAPAK,Kuala Lumpur,3.1932864,101.7246313,scheme,"Desiran Bayu, Setapak, Kuala Lumpur, Malaysia"
DIAMOND RESIDENCE,SEMENYIH,Hulu Langat,2.9606695,101.8588666,road,"Jalan Diamond 13, Country Garden Diamond City, Semenyih, Kajang Municipal Council, Hulu Langat, Selangor, 43500, Malaysi"
DIAMOND RESIDENCE @ SERDANG,PEKAN SERDANG,Petaling,,,none,
DOWNTOWN CONDOMINIUM,KUALA LUMPUR TOWN CENTRE,Kuala Lumpur,3.1485332,101.7068421,scheme,"Downtown Condominium, 10, Bukit Bintang, Kuala Lumpur, Malaysia"
DUA RESIDENCY,KUALA LUMPUR TOWN CENTRE,Kuala Lumpur,3.1545934,101.7210565,scheme,"Dua Residency, Bukit Bintang, Kuala Lumpur, Malaysia"
DUTA NUSANTARA,MUKIM BATU,Kuala Lumpur,3.1677095,101.6654287,scheme,"Duta Nusantara, Taman Duta, Kuala Lumpur, Malaysia"
DUTA RIA,MUKIM BATU,Kuala Lumpur,3.1789184,101.6549444,scheme,"Duta Ria Condominium, Segambut, Kepong, Kuala Lumpur, Malaysia"
DUTA TROPIKA,MUKIM BATU,Kuala Lumpur,3.169593,101.6658046,scheme,"Duta Tropika, Taman Duta, Kuala Lumpur, Malaysia"
DYNASTY GARDEN CONDOMINIUM,MUKIM PETALING,Kuala Lumpur,3.0885535,101.6867517,scheme,"Dynasty Garden Condominium, Kuchai Lama, Kuala Lumpur, Malaysia"
E PARK RESIDENCES,PEKAN KUANG,Gombak,,,none,
EAST PARK 72,CHERAS,Hulu Langat,3.0614555,101.7963212,road,"Jalan Shahbandar 33/5, Cheras, Kajang Municipal Council, Hulu Langat, Selangor, 43200, Malaysia"
EAST RESIDENCES @ KLGCC,MUKIM KUALA LUMPUR,Kuala Lumpur,3.1467803,101.6418415,road,"Jalan Bukit Kiara, Kiara Hills, Damansara Heights, Kuala Lumpur, 60000, Malaysia"
ECO ARDENCE,BUKIT RAJA,Petaling,3.0895309,101.4811144,scheme,"Eco Ardence, Section U12, Shah Alam, Petaling, Selangor, Malaysia"
ECO FOREST,BERANANG,Hulu Langat,2.9276814,101.8962749,scheme,"Eco Forest, Kajang Municipal Council, Hulu Langat, Selangor, Malaysia"
ECO GRANDEUR,IJOK,Kuala Selangor,3.2877991,101.4193283,scheme,"Eco Grandeur, Kuala Lumpur–Kuala Selangor Expressway LATAR, Ijok, Kuala Selangor, Selangor, 45620, Malaysia"
ECO MAJESTIC,BERANANG,Hulu Langat,2.9045223,101.8405421,scheme,"Eco Majestic, Kajang Municipal Council, Hulu Langat, Selangor, Malaysia"
ECO SANCTUARY,TANJUNG 12,Kuala Langat,2.9407236,101.5347419,scheme,"Eco Sanctuary, Kuala Langat, Selangor, 42500, Malaysia"
EDEN@JALIL,PETALING,Petaling,3.0237715,101.682475,scheme,"Eden @ Jalil, Serdang Heights, Seri Kembangan, Subang Jaya City Council, Petaling, Selangor, 43300, Malaysia"
EDGEWOOD RESIDENCE,MUKIM SETAPAK,Kuala Lumpur,,,none,
EHSAN RESIDENCE SEPANG,DENGKIL,Sepang,2.8080586,101.7532251,scheme,"Ehsan Residence, Bandar Baru Salak Tinggi, Sepang, Selangor, 71800, Malaysia"
"EHSAN RIA - SEK.12, PJ",BANDAR PETALING JAYA,Petaling,,,none,
ELAEIS KONDO - BUKIT JELUTONG,DAMANSARA,Petaling,,,none,
ELEGAN RESIDENSI @ PUTRA PERDANA,DENGKIL,Sepang,,,none,
ELEVIA RESIDENCE,PEKAN PUCHONG PERDANA,Petaling,,,none,
ELMINA EAST,DAMANSARA,Petaling,,,none,
ELMINA EAST,SUNGAI BULUH,Petaling,,,none,
ELMINA WEST,BUKIT RAJA,Petaling,,,none,
ELMINA WEST,PETALING,Petaling,3.206816,101.4961446,road,"Jalan Cassia U17/73, Elmina Green, Section U17, Elmina, Shah Alam, Petaling, Selangor, 40160, Malaysia"
ELMINA WEST,SUNGAI BULUH,Petaling,,,none,
EMPIRE RESIDENCE,SUNGAI BULUH,Petaling,,,none,
ENAU COURT,KUALA LUMPUR TOWN CENTRE,Kuala Lumpur,3.1627078,101.7318613,scheme,"Enau Court, Ampang Hilir, Kampung Datuk Keramat, Kuala Lumpur, Malaysia"
ENDAH PURI CONDOMINIUM,MUKIM PETALING,Kuala Lumpur,,,none,
ENDAH REGAL,MUKIM PETALING,Kuala Lumpur,3.0633254,101.6982625,scheme,"Endah Regal, Sri Petaling, Kuala Lumpur, 57000, Malaysia"
ENDAH RIA,MUKIM PETALING,Kuala Lumpur,3.0634279,101.6997957,scheme,"Endah Ria, Sri Petaling, Kuala Lumpur, 57000, Malaysia"
ENDAH VILLA,MUKIM PETALING,Kuala Lumpur,3.063848,101.6921648,scheme,"Endah Villa Condominium, Sri Petaling, Kuala Lumpur, 57000, Malaysia"
ERISTANA @ SERI PRISTANA,IJOK,Kuala Selangor,,,none,
ESTANA COURT,HULU KLANG,Gombak,3.2005058,101.7642854,scheme,"Estana Court, Ukay Perdana, Ulu Kelang, Ampang Jaya Municipal Council, Gombak, Selangor, Malaysia"
"EVERGREEN PARK, BDR SG LONG",BANDAR CHERAS,Hulu Langat,3.0393206,101.7896336,scheme,"Evergreen Park Acorn & Hazel Condominium, Bandar Sungai Long, Kajang Municipal Council, Hulu Langat, Selangor, 43000, Ma"
FABER HEIGHTS,MUKIM KUALA LUMPUR,Kuala Lumpur,3.1013851,101.679808,scheme,"Faber Heights, Taman Desa, Kuala Lumpur, Malaysia"
FABER INDAH,MUKIM KUALA LUMPUR,Kuala Lumpur,3.0993821,101.6848391,scheme,"Faber Indah, Taman Desa, Kuala Lumpur, Malaysia"
FABER PLAZA,MUKIM KUALA LUMPUR,Kuala Lumpur,3.1026025,101.6840417,scheme,"Faber Plaza, Taman Desa, Kuala Lumpur, Malaysia"
FABER RIA,MUKIM BATU,Kuala Lumpur,3.104885,101.6823949,scheme,"Faber Ria, Taman Desa, Kuala Lumpur, Malaysia"
FABER RIA,MUKIM KUALA LUMPUR,Kuala Lumpur,3.104885,101.6823949,scheme,"Faber Ria, Taman Desa, Kuala Lumpur, Malaysia"
FAIRVIEW GARDEN,MUKIM KUALA LUMPUR,Kuala Lumpur,3.1106645,101.682009,road,"Lorong Bandar 3, Taman Bukit Desa, Seputeh, Kuala Lumpur, 50614, Malaysia"
"FAIRVILLE APARTMENT - USJ 22, SUBANG JYA",PEKAN SUBANG JAYA,Petaling,,,none,
FAJAR RIA APARTMENT,MUKIM KUALA LUMPUR,Kuala Lumpur,,,none,
FEDERAL HILL,KUALA LUMPUR TOWN CENTRE,Kuala Lumpur,3.1385905,101.6790622,scheme,"Federal Hill, Bangsar, Kuala Lumpur, Malaysia"
FEDERAL HILL,MUKIM KUALA LUMPUR,Kuala Lumpur,3.1385905,101.6790622,scheme,"Federal Hill, Bangsar, Kuala Lumpur, Malaysia"
FELDA BUKIT CHERAKAH,JERAM,Kuala Selangor,3.2046418,101.4326774,scheme,"Sekolah Agama Rendah Kafa (1) Felda Bukit Cherakah, Jalan 18, FELDA Bukit Cerakah, Bandar Puncak Alam, Kuala Selangor, S"
FERN LODGE,MUKIM PETALING,Kuala Lumpur,,,none,
FERNLEA COURT,KUALA LUMPUR TOWN CENTRE,Kuala Lumpur,3.1552694,101.7297875,scheme,"Fernlea Court, Kampung Datuk Keramat, Kuala Lumpur, Malaysia"
"FIVE STONE-SS2 P,JAYA",BANDAR PETALING JAYA,Petaling,,,none,
FLAT BANDARAYA BUKIT KERINCHI 1A,MUKIM KUALA LUMPUR,Kuala Lumpur,,,none,
"FLAT CEMPAKA, BDR BARU KLANG",KAPAR,Klang,,,none,
FLAT DBKL JALAN HANG TUAH,KUALA LUMPUR TOWN CENTRE,Kuala Lumpur,,,none,
FLAT DBKL JLN HANG TUAH,KUALA LUMPUR TOWN CENTRE,Kuala Lumpur,,,none,
FLAT JLN KASTAM,PEKAN PORT SWETTENHAM,Klang,,,none,
"FLAT MAWAR, BDR BARU KLANG",KAPAR,Klang,,,none,
FLAT PKNS JLN RJ MUDA MUSA,KUALA LUMPUR TOWN CENTRE,Kuala Lumpur,,,none,
FLAT PKNS SS8 - SS3 PETALING JAYA,BANDAR PETALING JAYA,Petaling,,,none,
FLAT PROTON-SEK 27 S.ALAM  BUNGA NEGARA,PEKAN HICOM,Petaling,,,none,
FLAT TAMAN DATO' HARUN-PJS 2,BDR PETALING JAYA SELATAN,Petaling,,,none,
FLORA 1-3- U5 BDR PINGGIRAN SUBANG,SUNGAI BULUH,Petaling,,,none,
FLORA DAMANSARA JLN PJU 8/13(KOS RENDAH),SUNGAI BULUH,Petaling,,,none,
FLORA DAMANSARA PJU 8(R/PANGSA),BDR GLENMARIE,Petaling,3.1763136,101.617596,scheme,"Flora Damansara, PJU 8, Mutiara Damansara, Petaling Jaya, Petaling, Selangor, Malaysia"
FLORA DAMANSARA PJU 8(R/PANGSA),BUKIT RAJA,Petaling,3.1763136,101.617596,scheme,"Flora Damansara, PJU 8, Mutiara Damansara, Petaling Jaya, Petaling, Selangor, Malaysia"
FLORA DAMANSARA PJU 8(R/PANGSA),PETALING,Petaling,3.1763136,101.617596,scheme,"Flora Damansara, PJU 8, Mutiara Damansara, Petaling Jaya, Petaling, Selangor, Malaysia"
FLORA DAMANSARA PJU 8(R/PANGSA),SUNGAI BULUH,Petaling,3.1763136,101.617596,scheme,"Flora Damansara, PJU 8, Mutiara Damansara, Petaling Jaya, Petaling, Selangor, Malaysia"
FLORA DAMANSARA-JLN PJU 8/9(P/PURI),SUNGAI BULUH,Petaling,,,none,
FLORA IMPIAN,MUKIM BATU,Kuala Lumpur,3.1830166,101.6470377,scheme,"Flora Impian, Segambut, Kepong, Kuala Lumpur, Malaysia"
FLORA MURNI CONDO,MUKIM BATU,Kuala Lumpur,,,none,
FLORA RESIDENCY,MUKIM SETAPAK,Kuala Lumpur,3.2049126,101.7045405,scheme,"Flora Residency, Kampung Sungai Merali, Kampung Padang Balang, Kuala Lumpur, Malaysia"
FOREST GREEN PARK,BANDAR CHERAS,Hulu Langat,,,none,
FOREST GREEN PARK @ BDR SG LONG,BANDAR CHERAS,Hulu Langat,,,none,
FORTUNA COURT,MUKIM PETALING,Kuala Lumpur,3.0661993,101.6688579,scheme,"Fortuna Court, Overseas Union Garden, Kuala Lumpur, Malaysia"
FORTUNE AVENUE CONDOMINIUM,MUKIM BATU,Kuala Lumpur,3.2167975,101.6440079,scheme,"Fortune Avenue Condominium, Jinjang, Kepong, Kuala Lumpur, Malaysia"
FORTUNE COURT APARTMENT,MUKIM BATU,Kuala Lumpur,,,none,
FRASER TOWER-SEK.5 P.JAYA,BANDAR PETALING JAYA,Petaling,,,none,
G RESIDENCE,MUKIM PETALING,Kuala Lumpur,3.0763701,101.6908978,scheme,"Aster Green Residence, Sri Petaling, Kuala Lumpur, 57000, Malaysia"
GALERI U-THANT,KUALA LUMPUR TOWN CENTRE,Kuala Lumpur,,,none,
GALLERY APT,MUKIM PETALING,Kuala Lumpur,,,none,
GAMUDA 25.7,TANJUNG 12,Kuala Langat,2.8909225,101.6109938,scheme,"Gamuda Cove, Kuala Langat, Selangor, Malaysia"
GAMUDA COVE (ENSO WOODS),TANJUNG 12,Kuala Langat,2.8909225,101.6109938,scheme,"Gamuda Cove, Kuala Langat, Selangor, Malaysia"
GAMUDA COVE(PALMA SAND),TANJUNG 12,Kuala Langat,2.8909225,101.6109938,scheme,"Gamuda Cove, Kuala Langat, Selangor, Malaysia"
GAMUDA GARDEN,RAWANG,Gombak,3.2848666,101.5417152,road,"Jalan DC 1/2, Gamuda Gardens, Kampung Sungai Serai, Kuang, Selayang Municipal Council, Gombak, Selangor, 48050, Malaysia"
GAMUDA KEMUNING 25.7,TANJUNG 12,Kuala Langat,2.9576694,101.5567356,scheme,"twentyfive.7, Kuala Langat, Selangor, Malaysia"
"GARDEN PARK, BDR SG LONG",CHERAS,Hulu Langat,3.0556082,101.8037963,scheme,"Garden Park, Bandar Mahkota Cheras, Kajang Municipal Council, Hulu Langat, Selangor, 43000, Malaysia"
GARDENIA COURT,BANDAR SELAYANG,Gombak,3.2511441,101.7004363,scheme,"Gardenia Court, Taman Sri Gombak, Batu Caves, Selayang Municipal Council, Gombak, Selangor, Malaysia"
GARDENIA COURT,BATU,Gombak,3.2511441,101.7004363,scheme,"Gardenia Court, Taman Sri Gombak, Batu Caves, Selayang Municipal Council, Gombak, Selangor, Malaysia"
GARDENS PARK,BANDAR KUNDANG,Gombak,3.302299,101.5165938,scheme,"Gardens Park, Kundang, Selayang Municipal Council, Gombak, Selangor, Malaysia"
GASING INDAH,MUKIM KUALA LUMPUR,Kuala Lumpur,3.0873952,101.6650537,scheme,"Taman Gasing Indah, Pantai Dalam, Kuala Lumpur, Malaysia"
GASING INDAH FLAT,MUKIM KUALA LUMPUR,Kuala Lumpur,,,none,
GAYA MELAWATI,BANDAR HULU KELANG,Gombak,3.2121768,101.7459597,scheme,"Gaya Aparments, Taman Melawati, Ulu Kelang, Ampang Jaya Municipal Council, Gombak, Selangor, Malaysia"
GCB COURT,MUKIM AMPANG,Kuala Lumpur,3.1611569,101.7488539,scheme,"GCB Court, Ampang Hilir, Kuala Lumpur, Malaysia"
GEMILANG INDAH,KUALA LUMPUR TOWN CENTRE,Kuala Lumpur,3.1068881,101.6773031,scheme,"Gemilang Indah Condominium, 22, Taman Desa, Kuala Lumpur, 58000, Malaysia"
GEMS RESIDENCES (IOI RESORT),PEKAN BUKIT BISA,Sepang,2.9686532,101.7022956,scheme,"Gems Residences, IOI Resort City, Sepang, Selangor, Malaysia"
GENTING COURT,MUKIM SETAPAK,Kuala Lumpur,3.1967558,101.7105696,scheme,"Genting Court Condominium, Setapak, Kampung Padang Balang, Kuala Lumpur, Malaysia"
GLENHILL SAUJANA,BDR GLENMARIE,Petaling,,,none,
GLENMARIE COVE,KELANG,Klang,2.9791457,101.4121307,scheme,"Glenmarie Cove, Port Klang, Klang City, Klang, Selangor, Malaysia"
GLENMARIE ESTATE,BDR GLENMARIE,Petaling,,,none,
GLENMARIE ESTATE,DAMANSARA,Petaling,,,none,
GLENMARIE GARDEN,BDR GLENMARIE,Petaling,,,none,
GLENMARIE INDUSTRIAL PARK,BDR GLENMARIE,Petaling,3.0923433,101.5590056,scheme,"UOW Malaysia Glenmarie Campus, Jalan Kontraktor U1/14, Hicom Glenmarie Industrial Park, Section U1, Shah Alam, Petaling,"
GOLDEN CITY KONDO,KUALA LUMPUR TOWN CENTRE,Kuala Lumpur,,,none,
GOLDEN PEARL @ TAMING MUTIARA 3,CHERAS,Hulu Langat,3.0536097,101.8081244,road,"Jalan TM 2/3, Taming Mutiara 2, Bandar Mahkota Cheras, Kajang Municipal Council, Hulu Langat, Selangor, 43000, Malaysia"
GOLDEN VILLA APARTMENT,KELANG,Klang,,,none,
GOMBAK FLAT,KUALA LUMPUR TOWN CENTRE,Kuala Lumpur,,,none,
GOMBAK GROVE @ SRI GOMBAK,SETAPAK,Gombak,,,none,
GOMBAK RIA,BATU,Gombak,3.2254738,101.7018509,scheme,"Taman Gombak Ria, Gombak, Selayang Municipal Council, Gombak, Selangor, Malaysia"
GOMBAK SETIA,BANDAR GOMBAK SETIA,Gombak,3.2186022,101.7177935,scheme,"Gombak Setia, Gombak, Selayang Municipal Council, Gombak, Selangor, 53100, Malaysia"
GOMBAK SETIA,SETAPAK,Gombak,3.2186022,101.7177935,scheme,"Gombak Setia, Gombak, Selayang Municipal Council, Gombak, Selangor, 53100, Malaysia"
GOOD VIEW,CHERAS,Hulu Langat,3.0540098,101.8011568,road,"Jalan SL 17/2, Bandar Mahkota Cheras, Kajang Municipal Council, Hulu Langat, Selangor, 43000, Malaysia"
GOOD VIEW,SEMENYIH,Hulu Langat,,,none,
GOODVIEW HEIGHT TOWN CENTRE,SEMENYIH,Hulu Langat,,,none,
GOODVIEW HEIGHTS 2,SEMENYIH,Hulu Langat,2.9971929,101.826058,scheme,"Goodview Heights 2, Kajang Municipal Council, Hulu Langat, Selangor, Malaysia"
GOODYEAR COURT 1 - FASA 1,DAMANSARA,Petaling,,,none,
GOODYEAR COURT 1 - FASA 1,PEKAN SUBANG JAYA,Petaling,,,none,
GOODYEAR COURT 10 - FASA 6,PEKAN SUBANG JAYA,Petaling,,,none,
GOODYEAR COURT 2 - FASA 1,DAMANSARA,Petaling,,,none,
GOODYEAR COURT 2 - FASA 1,PEKAN SUBANG JAYA,Petaling,,,none,
GOODYEAR COURT 3 - FASA 2,DAMANSARA,Petaling,,,none,
GOODYEAR COURT 3 - FASA 2,PEKAN SUBANG JAYA,Petaling,,,none,
GOODYEAR COURT 4 - FASA 3,DAMANSARA,Petaling,,,none,
GOODYEAR COURT 4 - FASA 3,PEKAN SUBANG JAYA,Petaling,,,none,
GOODYEAR COURT 4 - FASA 3,PETALING,Petaling,,,none,
GOODYEAR COURT 5 - FASA 2,DAMANSARA,Petaling,,,none,
GOODYEAR COURT 5 - FASA 2,PEKAN SUBANG JAYA,Petaling,,,none,
GOODYEAR COURT 6 - FASA 3,DAMANSARA,Petaling,,,none,
GOODYEAR COURT 6 - FASA 3,PEKAN SUBANG JAYA,Petaling,,,none,
GOODYEAR COURT 7 & 8 - FASA 4,DAMANSARA,Petaling,,,none,
GOODYEAR COURT 7 & 8 - FASA 4,PEKAN SUBANG JAYA,Petaling,,,none,
GOODYEAR COURT 9 - FASA 5,BDR DAMANSARA,Petaling,,,none,
GOODYEAR COURT 9 - FASA 5,PEKAN KINRARA,Petaling,,,none,
GOODYEAR COURT 9 - FASA 5,PEKAN SUBANG JAYA,Petaling,,,none,
GREEN AVENUE KONDOMINIUM,MUKIM PETALING,Kuala Lumpur,,,none,
GREEN HILL RESIDENCE (KEDIAMAN),BUKIT RAJA,Petaling,,,none,
GREEN PARK,MUKIM BATU,Kuala Lumpur,3.1737547,101.6797314,scheme,"Taman Tunku Village Green, Kampung Kasipillay, Kuala Lumpur, Malaysia"
GREEN PARK,MUKIM PETALING,Kuala Lumpur,3.0540654,101.6883344,scheme,"Arena Green Apartment, Maju Expressway, Technology Park Malaysia, Bukit Jalil, Kuala Lumpur, 57000, Malaysia"
GREEN PARK RESIDENCE,PEKAN KAJANG,Hulu Langat,3.0020753,101.7326368,scheme,"Green Park Residence, Cheras, Kajang Municipal Council, Hulu Langat, Selangor, Malaysia"
GREEN RESIDENCE@CHERAS,CHERAS,Hulu Langat,3.0722853,101.755627,scheme,"Green Residence Cheras, Cheras, Kajang Municipal Council, Hulu Langat, Selangor, 43200, Malaysia"
GREEN SURIA APARTMENT,CHERAS,Hulu Langat,3.0436828,101.7478153,scheme,"Green Suria Apartment Recreational Park, Bandar Damai Perdana, Cheras, Kajang Municipal Council, Hulu Langat, Selangor, "
GREEN VILLA  APARTMENT,PEKAN KG SUNGAI TANGKAS,Hulu Langat,,,none,
GREEN VILLA APARTMENT,PEKAN KG SUNGAI TANGKAS,Hulu Langat,,,none,
"GREEN VILLA, MERU P/L 1055",PEKAN KAPAR,Klang,,,none,
GREENFIELD APARTMENT,MUKIM PETALING,Kuala Lumpur,3.055907,101.6752228,scheme,"Anjung Hijau Greenfield Apartment, Jalan Jalil Perkasa 1, Bukit Jalil, Kuala Lumpur, 57000, Malaysia"
GREENVIEW APT,MUKIM BATU,Kuala Lumpur,,,none,
"GREENVIEW RESIDENCE, BDR SG LONG",BANDAR CHERAS,Hulu Langat,3.0388806,101.8035215,scheme,"Greenview Residence, Bandar Mahkota Cheras, Kajang Municipal Council, Hulu Langat, Selangor, 43000, Malaysia"
GREENVIEW VILLA,KELANG,Klang,2.9868834,101.4284943,road,"Jalan Jejawi 12, Park Precinct, Bandar Botanic, Port Klang, Klang City, Klang, Selangor, 41200, Malaysia"
GREENWOODS CENDANA @ SALAK PERDANA,DENGKIL,Sepang,,,none,
GURNEY HEIGHT,MUKIM SETAPAK,Kuala Lumpur,3.1696841,101.7287895,scheme,"Gurney Height (Opp), Jalan Bukit Keramat, Kampung Datuk Keramat, Kuala Lumpur, 54000, Malaysia"
H' KEMENSAH (TAMAN HAMPTON),HULU KLANG,Gombak,3.2259952,101.7772221,scheme,"Kampung Orang Asli Hulu Kemensah, Ulu Kelang, Ampang Jaya Municipal Council, Gombak, Selangor, Malaysia"
HABOUR PLACE,BANDAR KELANG,Klang,,,none,
HABOUR PLACE,KELANG,Klang,,,none,
HALAMANDA GOMBAK,SETAPAK,Gombak,3.2351743,101.7181662,scheme,"Halamanda@Gombak, Gombak, Selayang Municipal Council, Gombak, Selangor, Malaysia"
"HAMLET@THE MEADOWS,HUJUNG PERMATANG",UJONG PERMATANG,Kuala Selangor,,,none,
HAMPSHIRE PARK,KUALA LUMPUR TOWN CENTRE,Kuala Lumpur,3.1620247,101.7156871,scheme,"Hampshire Park, 6;8, Kampung Paya, Kampung Datuk Keramat, Kuala Lumpur, 50450, Malaysia"
HAMPSHIRE PLACE RESIDENCES,KUALA LUMPUR TOWN CENTRE,Kuala Lumpur,3.1627451,101.7160764,scheme,"Hampshire Place Luxury Residences, Jalan Mayang Sari, Kampung Padang, Kampung Paya, Kampung Datuk Keramat, Kuala Lumpur,"
HAO RESIDENCE,BANDAR CHERAS,Hulu Langat,3.0652097,101.7869147,scheme,"Suria Residence, Cheras, Kajang Municipal Council, Hulu Langat, Selangor, Malaysia"
"HAPPY APARTMENT - SEK 17, PJ",BANDAR PETALING JAYA,Petaling,3.1253131,101.634725,scheme,"Happy Apartment, Section 17, Petaling Jaya, Petaling, Selangor, 46400, Malaysia"
HAPPY COURT,MUKIM BATU,Kuala Lumpur,3.2071252,101.6382777,scheme,"Happy Court, Kepong, Kuala Lumpur, Malaysia"
HAPPY GARDEN,MUKIM PETALING,Kuala Lumpur,3.077259,101.6792438,scheme,"Pasar Malam Jalan Lazat, Happy Garden, Jalan Perisa 1, Taman Bukit Indah, Overseas Union Garden, Kuala Lumpur, 58200, Ma"
HAPPY GARDEN FLAT,MUKIM PETALING,Kuala Lumpur,,,none,
HAPPY GARDEN TOWNHOUSE,MUKIM PETALING,Kuala Lumpur,,,none,
HARMONI ELMINA 1 (CITY OF ELMINA),SUNGAI BULUH,Petaling,3.2090423,101.4972863,scheme,"Pangsapuri Harmoni Elmina, Section U17, Elmina, Shah Alam, Petaling, Selangor, Malaysia"
HARMONY VILLA @ MALAWATI CERGAS,BANDAR KUALA SELANGOR,Kuala Selangor,,,none,
HARTAMAS HEIGHT,MUKIM BATU,Kuala Lumpur,,,none,
HARTAMAS REGENCY,MUKIM BATU,Kuala Lumpur,3.1742753,101.6631193,scheme,"Hartamas Regency, Taman Duta, Kuala Lumpur, Malaysia"
HARTAMAS REGENCY 2,MUKIM BATU,Kuala Lumpur,3.1723726,101.6631199,scheme,"Hartamas Regency 2, Taman Duta, Kuala Lumpur, Malaysia"
HERITAGE MINES RESORT CITY,PEKAN BARU SG BESI,Petaling,,,none,
HERON RESIDENCY-BDR BUKIT PUCHONG,PETALING,Petaling,2.9889837,101.6259189,scheme,"The Heron Residency, Bandar Bukit Puchong, Subang Jaya City Council, Petaling, Selangor, 47100, Malaysia"
HIJAU RIA  APARTMENT,MUKIM BATU,Kuala Lumpur,3.2244991,101.6387922,scheme,"Apartment Hijau Ria, Jalan 3/1A, Taman Kepong Indah, Kepong, Kuala Lumpur, 52100, Malaysia"
HIJAU RIA APARTMENT,MUKIM BATU,Kuala Lumpur,3.2244991,101.6387922,scheme,"Apartment Hijau Ria, Jalan 3/1A, Taman Kepong Indah, Kepong, Kuala Lumpur, 52100, Malaysia"
HIJAUAN HEIGHT,PEKAN KG SUNGAI TANGKAS,Hulu Langat,,,none,
HIJAUAN KEMENSAH,HULU KLANG,Gombak,,,none,
HIJAUAN KIARA,MUKIM BATU,Kuala Lumpur,3.1666408,101.6458028,scheme,"Hijauan Kiara, Mont Kiara, Kuala Lumpur, Malaysia"
HIJAUAN PUTERI -BDR PUTERI PUCHONG,PETALING,Petaling,3.0062936,101.6241553,scheme,"Hijauan Puteri, Bandar Puteri Puchong, Puchong, Subang Jaya City Council, Petaling, Selangor, Malaysia"
HIJAUAN SAUJANA-U2 SUBANG AIRPORT,BDR SAUJANA,Petaling,,,none,
HIJAUAN SELAYANG,BANDAR SELAYANG,Gombak,3.271035,101.6624756,scheme,"Hijauan Selayang, Batu Caves, Selayang Municipal Council, Gombak, Selangor, Malaysia"
HILL PARK HOME,SEMENYIH,Hulu Langat,,,none,
HILLCREST HEIGHTS - PUCHONG UTAMA,PEKAN PUCHONG PERDANA,Petaling,3.0039086,101.6173306,scheme,"Hillcrest Heights, Puchong Perdana, Puchong, Subang Jaya City Council, Petaling, Selangor, Malaysia"
HILLSIDE ESTATE,AMPANG,Hulu Langat,3.1575726,101.7643621,scheme,"Jalan Hillside Estate, Taman Ampang Jaya, Ampang, Ampang Jaya Municipal Council, Hulu Langat, Selangor, 68000, Malaysia"
HILLVIEW ESTATE,BANDAR HULU KELANG,Gombak,,,none,
HILLVIEW ESTATE,HULU KLANG,Gombak,3.1751815,101.7594984,road,"Jalan Hillview 3, Bukit Antarabangsa, Ulu Kelang, Ampang Jaya Municipal Council, Gombak, Selangor, 54200, Malaysia"
HOCK LOCK MANSION,KUALA LUMPUR TOWN CENTRE,Kuala Lumpur,,,none,
"HORIZON LYDIA ,BDR MAHKOTA BANTING",TANJUNG 12,Kuala Langat,,,none,
HOTSPRING GARDEN,MUKIM SETAPAK,Kuala Lumpur,,,none,
"I-RESIDENCE - SEK.4, KOTA DAMANSARA",PEKAN BARU SG BULUH,Petaling,,,none,
IDAMAN GRAND RESIDENCE/SENTOSA IDAMAN,KELANG,Klang,,,none,
IDAMAN HILLS,BANDAR SELAYANG,Gombak,,,none,
IDAMAN PUTERI,MUKIM SETAPAK,Kuala Lumpur,3.2091985,101.7099072,scheme,"Idaman Puteri Condominium, Jalan Meranti, Taman Medan Idaman, Kampung Lee Kong Chian, Kampung Padang Balang, Kuala Lumpu"
IDAMAN PUTRA,MUKIM SETAPAK,Kuala Lumpur,,,none,
IDAMAN RESIDENCE,KUALA LUMPUR TOWN CENTRE,Kuala Lumpur,3.1566139,101.7085123,scheme,"Idaman Residence @ KLCC, Jalan Law Yew Swee, Kampung Paya, Kampung Cendana, Kuala Lumpur, 50250, Malaysia"
IDAMAN SENTOSA,KELANG,Klang,3.0050767,101.4732768,scheme,"Jalan Kondo Idaman 11, Bandar Sentosa, Klang City, Klang, Selangor, 41200, Malaysia"
IDAMAN SURIA,MUKIM SETAPAK,Kuala Lumpur,3.2074377,101.7104267,scheme,"Idaman Suria Apartments, Jalan 9/21D, Taman Medan Idaman, Kampung Lee Kong Chian, Kampung Padang Balang, Kuala Lumpur, 5"
IDAMAN SUTERA,MUKIM SETAPAK,Kuala Lumpur,3.2083278,101.7100747,scheme,"Idaman Sutera Condominium, Kampung Lee Kong Chian, Kampung Padang Balang, Kuala Lumpur, Malaysia"
"IDAMAN WARISAN, ALAM PERDANA",IJOK,Kuala Selangor,,,none,
IDAMANPURI (SERI GOMBAK),SETAPAK,Gombak,,,none,
IDAMANSARA,MUKIM KUALA LUMPUR,Kuala Lumpur,3.1493046,101.6686739,scheme,"idamansara, Taman Duta, Kuala Lumpur, Malaysia"
IMPERIAL RESIDENCY,CHERAS,Hulu Langat,,,none,
IMPERIAL RESIDENCY,HULU LANGAT,Hulu Langat,,,none,
IMPERIAL RESIDENCY,PEKAN CHERAS,Hulu Langat,,,none,
IMPIAN BUKIT TUNKU,KUALA LUMPUR TOWN CENTRE,Kuala Lumpur,3.1642417,101.6843232,scheme,"Impian Bukit Tunku, Sentul, Kuala Lumpur, Malaysia"
IMPIAN INDAH (PECAHAN LOT 1855),PEKAN KUANG,Gombak,3.2497061,101.5666119,scheme,"Impian Indah, Kuang, Selayang Municipal Council, Gombak, Selangor, Malaysia"
IMPIAN INDAH (PECAHAN LOT 1855),PEKAN PENGKALAN KUNDANG,Gombak,3.2497061,101.5666119,scheme,"Impian Indah, Kuang, Selayang Municipal Council, Gombak, Selangor, Malaysia"
IMPIAN KOTA,KUALA LUMPUR TOWN CENTRE,Kuala Lumpur,3.136836,101.6963943,scheme,"Impian Kota, Bukit Bintang, Kuala Lumpur, Malaysia"
IMPIAN SENTOSA APARTMENT,KELANG,Klang,,,none,
IMPIAN SERI SETIA,BANDAR PETALING JAYA,Petaling,3.0903953,101.6138906,scheme,"Pangsapuri Kelana Impian, SS 8, Sungai Way, Petaling Jaya, Petaling, Selangor, Malaysia"
IMPIAN TITAMIUM-PUCHONG,PETALING,Petaling,,,none,
IMPIAN TROPIKA RESIDENCE,KELANG,Klang,,,none,
IMPIANA ON THE WATERFRONT,HULU KLANG,Gombak,,,none,
IMPIANA SENTUL BAHAGIA,MUKIM BATU,Kuala Lumpur,,,none,
IMPIANA SKY RESIDENSI @THE EARTH B.JALIL,MUKIM PETALING,Kuala Lumpur,,,none,
IMPRESSION U-THANT,KUALA LUMPUR TOWN CENTRE,Kuala Lumpur,3.1543811,101.731796,scheme,"Impression U-Thant, Ampang Hilir, Kampung Pandan, Kuala Lumpur, Malaysia"
INARA KONDOMINIUM,MUKIM KUALA LUMPUR,Kuala Lumpur,,,none,
INDAH APT,MUKIM SETAPAK,Kuala Lumpur,3.2118036,101.7209134,scheme,"Indah Apartment, Jalan 1/23E, Taman Setapak Indah, Setapak, Kuala Lumpur, 53300, Malaysia"
INDAH COURT-PJS 11 BDR SUNWAY,BDR SUNWAY,Petaling,3.0706438,101.6035018,scheme,"Indah Court, Jalan PJS 11/12, PJS 11, Sunway City, Subang Jaya City Council, Petaling, Selangor, 46150, Malaysia"
INDAH COURT-PJS 11 BDR SUNWAY,BUKIT RAJA,Petaling,3.0706438,101.6035018,scheme,"Indah Court, Jalan PJS 11/12, PJS 11, Sunway City, Subang Jaya City Council, Petaling, Selangor, 46150, Malaysia"
INDAH DAMANSARA,MUKIM KUALA LUMPUR,Kuala Lumpur,3.1496274,101.6642723,scheme,"Persiaran Damansara Indah, Taman Damansara Endah, Damansara Heights, Kuala Lumpur, 50490, Malaysia"
INDAH GEMILANG,BANDAR SELAYANG,Gombak,,,none,
INDAH MAS APT,MUKIM KUALA LUMPUR,Kuala Lumpur,,,none,
INDAH MAS APT,MUKIM PETALING,Kuala Lumpur,,,none,
INDARISA SUBANG-BT.3 SHAH ALAM,PEKAN BATU TIGA,Petaling,,,none,
INDERA SUBANG KONDOMINIUM - USJ 6,PEKAN SUBANG JAYA,Petaling,,,none,
INFINITI 3 RESIDENCES,MUKIM SETAPAK,Kuala Lumpur,,,none,
INTAN APARTMENT,MUKIM SETAPAK,Kuala Lumpur,3.1828243,101.7427643,scheme,"Intan Apartment, Setiawangsa, Kuala Lumpur, Malaysia"
IOI RESORT (DENGKIL),PEKAN BUKIT BISA,Sepang,2.9800853,101.7179603,scheme,"Hospital Sultan Abdul Aziz Shah, Persiaran MARDI - UPM, IOI Resort City, Sepang, Selangor, 43400, Malaysia"
IPOH ROAD GARDEN,MUKIM BATU,Kuala Lumpur,3.1965128,101.6792428,scheme,"Koperasi Kredit Pekerja-Pekerja Malaysia Berhad, 1-3-6, Jalan Ipoh, Eastern Garden, Kampung Medan Wira Utama, Kuala Lump"
"IRAMA PERDANA, LBS ALAM PERDANA",IJOK,Kuala Selangor,3.2498761,101.4604382,scheme,"Jalan Irama 1, LBS Alam Perdana, Bandar Puncak Alam, Kuala Selangor, Selangor, 42300, Malaysia"
IRAMA WANGSA,MUKIM SETAPAK,Kuala Lumpur,3.1897619,101.7375623,scheme,"Irama Wangsa, Jalan 3/27E, Section 10, Setiawangsa, Kuala Lumpur, 54100, Malaysia"
IRINGAN HIJAU,KUALA LUMPUR TOWN CENTRE,Kuala Lumpur,,,none,
IRIS APARTMENT,MUKIM KUALA LUMPUR,Kuala Lumpur,3.0965833,101.6875506,scheme,"Apartment Iris, Jalan Desa, Taman Danau Desa, Taman Desa, Kuala Lumpur, 58100, Malaysia"
"IRIS APARTMENT, SAUJANA UTAMA",IJOK,Kuala Selangor,3.2104057,101.4809413,scheme,"Iris Apartment, Bandar Saujana Utama, Kuala Selangor, Selangor, Malaysia"
IRMA SEKATA,DENGKIL,Sepang,,,none,
ISTARA KONDOMINIUM-SEK 52 P.JAYA,BANDAR PETALING JAYA,Petaling,,,none,
IXORA APARTMENT,KUALA LUMPUR TOWN CENTRE,Kuala Lumpur,3.1377219,101.7189007,scheme,"Ixora Apartment, Maluri, Pudu, Kuala Lumpur, Malaysia"
JADE HILLS,PEKAN KAJANG,Hulu Langat,2.9972172,101.7541106,scheme,"Jade Hills, Kajang Municipal Council, Hulu Langat, Selangor, Malaysia"
JADE HILLS,PEKAN KG SUNGAI TANGKAS,Hulu Langat,2.9972172,101.7541106,scheme,"Jade Hills, Kajang Municipal Council, Hulu Langat, Selangor, Malaysia"
JALAN ABDUL SAMAD,KUALA LUMPUR TOWN CENTRE,Kuala Lumpur,3.1314558,101.688859,scheme,"Jalan Sultan Abdul Samad, Brickfields, Kuala Lumpur, 50470, Malaysia"
JALAN ABRAHAM,KUALA LUMPUR TOWN CENTRE,Kuala Lumpur,3.1419168,101.714722,scheme,"Jalan Abraham, Dollah Village, Maluri, Bukit Bintang, Kuala Lumpur, 55188, Malaysia"
JALAN ALOR,KUALA LUMPUR TOWN CENTRE,Kuala Lumpur,3.1455473,101.7084901,scheme,"Jalan Alor - Night Market, Jalan Bukit Bintang, Bukit Bintang, Kuala Lumpur, 50200, Malaysia"
JALAN BANDAR (ERAMAS) PST BDR PUCHONG,PEKAN DESA PUCHONG,Petaling,,,none,
JALAN BANDAR (ERAMAS) PST BDR PUCHONG,PEKAN KINRARA,Petaling,,,none,
JALAN BANGSAR,KUALA LUMPUR TOWN CENTRE,Kuala Lumpur,3.1227656,101.6758665,scheme,"Jalan Bangsar, Bangsar, Kuala Lumpur, 59100, Malaysia"
JALAN BEDARA,KUALA LUMPUR TOWN CENTRE,Kuala Lumpur,3.1484159,101.7099487,scheme,"Jalan Bedara, Bukit Bintang, Kuala Lumpur, 50200, Malaysia"
JALAN BRUNEI UTARA,KUALA LUMPUR TOWN CENTRE,Kuala Lumpur,3.139118,101.7122592,scheme,"Jalan Brunei Utara, Dollah Village, Pudu, Kuala Lumpur, 55720, Malaysia"
JALAN CHEMPEDAK,KUALA LUMPUR TOWN CENTRE,Kuala Lumpur,,,none,
JALAN CHERAS,KUALA LUMPUR TOWN CENTRE,Kuala Lumpur,3.1047688,101.732282,scheme,"Jalan Cheras, Taman Midah, Bandar Tun Razak, Cheras, Kuala Lumpur, 56000, Malaysia"
JALAN GELANG,KUALA LUMPUR TOWN CENTRE,Kuala Lumpur,3.1321125,101.7106316,scheme,"Jalan Gelang, Pudu, Kuala Lumpur, 55720, Malaysia"
JALAN HORLEY,KUALA LUMPUR TOWN CENTRE,Kuala Lumpur,3.142489,101.7140991,scheme,"Jalan Horley, Dollah Village, Maluri, Bukit Bintang, Kuala Lumpur, 55188, Malaysia"
JALAN IPOH,MUKIM BATU,Kuala Lumpur,3.1893487,101.6811497,scheme,"Jalan Ipoh, Kaya Garden, Batu, Kuala Lumpur, 51200, Malaysia"
JALAN JENDERAM-SALAK,DENGKIL,Sepang,,,none,
JALAN KELANG LAMA,MUKIM KUALA LUMPUR,Kuala Lumpur,3.0830547,101.6632733,scheme,"Old Klang Road, Overseas Union Garden, Kuala Lumpur, 58200, Malaysia"
JALAN KENANGA,KUALA LUMPUR TOWN CENTRE,Kuala Lumpur,3.1375758,101.7059653,scheme,"Jalan Kenanga, Pudu, Kuala Lumpur, 55200, Malaysia"
JALAN KHOO TEIK EE,KUALA LUMPUR TOWN CENTRE,Kuala Lumpur,3.1432411,101.7147076,scheme,"Jalan Khoo Teik Ee, Dollah Village, Maluri, Bukit Bintang, Kuala Lumpur, 55100, Malaysia"
JALAN KOLAM AIR,KUALA LUMPUR TOWN CENTRE,Kuala Lumpur,3.1731899,101.6887409,scheme,"Jalan Kolam Air, Chow Kit, Sentul, Kuala Lumpur, 50586, Malaysia"
JALAN LANDAK,KUALA LUMPUR TOWN CENTRE,Kuala Lumpur,3.1373077,101.712983,scheme,"Jalan Landak, Dollah Village, Pudu, Kuala Lumpur, 55720, Malaysia"
JALAN LANGGAK BUKIT,KUALA LUMPUR TOWN CENTRE,Kuala Lumpur,3.1892575,101.7031038,scheme,"Jalan Langgak Bukit, Kampung Puah Seberang, Kuala Lumpur, 53200, Malaysia"
JALAN LOKE YEW,KUALA LUMPUR TOWN CENTRE,Kuala Lumpur,3.1213542,101.7197319,scheme,"Jalan Loke Yew, Taman Miharja, Maluri, Cheras, Kuala Lumpur, 50988, Malaysia"
JALAN MAKTAB AREA,KUALA LUMPUR TOWN CENTRE,Kuala Lumpur,,,none,
JALAN MAKTAB AREA,MUKIM SETAPAK,Kuala Lumpur,,,none,
JALAN MANGGIS,KUALA LUMPUR TOWN CENTRE,Kuala Lumpur,3.1769039,101.6825948,scheme,"Jalan Manggis, Kampung Kasipillay, Kuala Lumpur, 51000, Malaysia"
JALAN MERLIMAU,KUALA LUMPUR TOWN CENTRE,Kuala Lumpur,3.1369618,101.7077552,scheme,"Jalan Merlimau, Pudu, Kuala Lumpur, 55200, Malaysia"
JALAN NAGASARI,KUALA LUMPUR TOWN CENTRE,Kuala Lumpur,3.1486581,101.7089041,scheme,"Jalan Nagasari, Bukit Bintang, Kuala Lumpur, 50200, Malaysia"
JALAN PADANG WALTER GRENIER,KUALA LUMPUR TOWN CENTRE,Kuala Lumpur,,,none,
JALAN PERHENTIAN,KUALA LUMPUR TOWN CENTRE,Kuala Lumpur,3.1796245,101.6879685,scheme,"Jalan Perhentian, Million Garden, Sentul, Kuala Lumpur, 51000, Malaysia"
JALAN REKO,BANDAR KAJANG,Hulu Langat,2.9645089,101.7893483,scheme,"Sekolah Menengah Kebangsaan Jalan Reko, Jalan 5, Section 5, Bandar Baru Bangi, Kajang Municipal Council, Hulu Langat, Se"
JALAN SAHABAT,KUALA LUMPUR TOWN CENTRE,Kuala Lumpur,3.1469374,101.7072438,scheme,"Jalan Sahabat, Bukit Bintang, Kuala Lumpur, 50200, Malaysia"
JALAN SAN PENG,KUALA LUMPUR TOWN CENTRE,Kuala Lumpur,3.1341208,101.7097058,scheme,"Jalan San Peng, Pudu, Kuala Lumpur, 55720, Malaysia"
JALAN SARAWAK,KUALA LUMPUR TOWN CENTRE,Kuala Lumpur,3.1359838,101.7115258,scheme,"Jalan Sarawak, Pudu, Kuala Lumpur, 55720, Malaysia"
JALAN SENTUL,KUALA LUMPUR TOWN CENTRE,Kuala Lumpur,3.1871205,101.6915339,scheme,"Jalan Sentul, Kampung Chubadak Hilir, Kuala Lumpur, 51000, Malaysia"
JALAN SENTUL,MUKIM SETAPAK,Kuala Lumpur,3.1805593,101.7019627,scheme,"Institute Masalah Pembelajaran & Austism Malaysia, Persiaran Titiwangsa, Sentul, Kuala Lumpur, 50586, Malaysia"
JALAN SENTUL PASAR,MUKIM BATU,Kuala Lumpur,3.1980325,101.6906282,scheme,"Jalan Sentul Pasar, Taman Kosmo Jaya, Kampung Chubadak Hulu, Kampung Padang Balang, Kuala Lumpur, 51100, Malaysia"
JALAN TAIPING,KUALA LUMPUR TOWN CENTRE,Kuala Lumpur,3.1718018,101.6980724,scheme,"Jalan Taiping, Chow Kit, Sentul, Kuala Lumpur, 50586, Malaysia"
JALAN UNION SENTUL,KUALA LUMPUR TOWN CENTRE,Kuala Lumpur,3.1768299,101.6922154,scheme,"Jalan Union, Sentul, Kuala Lumpur, 51000, Malaysia"
JALIL DAMAI APARTMENT,MUKIM PETALING,Kuala Lumpur,,,none,
JALIL DAMAI APT,MUKIM PETALING,Kuala Lumpur,,,none,
JALIL SUTERA,MUKIM PETALING,Kuala Lumpur,3.0591312,101.6708334,scheme,"Jalil Sutera, Bukit Jalil, Kuala Lumpur, Malaysia"
JALILMAS RESIDENSI,MUKIM PETALING,Kuala Lumpur,3.0580892,101.6654567,scheme,"Residensi Jalilmas, Bukit Jalil, Kuala Lumpur, Malaysia"
JAMNAH VIEW,MUKIM KUALA LUMPUR,Kuala Lumpur,3.1450392,101.6674469,scheme,"Jamnah View, Bangsar, Kuala Lumpur, Malaysia"
JASMINE COURT,MUKIM KUALA LUMPUR,Kuala Lumpur,3.0974612,101.7336838,scheme,"Jasmine Court, Bandar Tun Razak, Cheras, Kuala Lumpur, 56000, Malaysia"
JELITA COURT,KUALA LUMPUR TOWN CENTRE,Kuala Lumpur,3.1633113,101.7160518,scheme,"Jelita Court, 43, Kampung Paya, Kampung Datuk Keramat, Kuala Lumpur, 50450, Malaysia"
JELUTONG VILLA,MUKIM KUALA LUMPUR,Kuala Lumpur,3.1500531,101.6669561,road,"Changkat Semantan 2, Semantan Villas, Damansara Heights, Kuala Lumpur, 50490, Malaysia"
JENJAROM NEW VILLAGE,PEKAN JENJAROM,Kuala Langat,,,none,
JLN BANGI LAMA,SEMENYIH,Hulu Langat,2.9287332,101.8279431,scheme,"Jalan Bangi Lama, Kampung Batu Tiga, Semenyih, Kajang Municipal Council, Hulu Langat, Selangor, 43700, Malaysia"
JLN BUKIT KEMUNING (P/L 1253),KELANG,Klang,3.0186052,101.5332081,scheme,"Jalan Bukit Kemuning, Section 25, Shah Alam, Klang, Selangor, 40400, Malaysia"
JLN BUKIT KEMUNING (P/L 1260),KELANG,Klang,3.0186052,101.5332081,scheme,"Jalan Bukit Kemuning, Section 25, Shah Alam, Klang, Selangor, 40400, Malaysia"
JLN GAJUS,KUALA LUMPUR TOWN CENTRE,Kuala Lumpur,3.1325596,101.7069891,scheme,"Jalan Gajus, Pudu, Kuala Lumpur, 55200, Malaysia"
JLN HULU LANGAT,HULU LANGAT,Hulu Langat,3.0689996,101.7735362,scheme,"Jalan Hulu Langat, Taman Mas 1, Kampung Melaka, Cheras, Kajang Municipal Council, Hulu Langat, Selangor, 43100, Malaysia"
JLN KANDANG KERBAU,KUALA LUMPUR TOWN CENTRE,Kuala Lumpur,,,none,
JLN KG JAWA (P/L 1383),KELANG,Klang,3.0269699,101.4813642,scheme,"Jalan Kampung Jawa, Section 36, Shah Alam, Klang, Selangor, 41000, Malaysia"
JLN LANGGAK BUKIT,KUALA LUMPUR TOWN CENTRE,Kuala Lumpur,3.1892575,101.7031038,scheme,"Jalan Langgak Bukit, Kampung Puah Seberang, Kuala Lumpur, 53200, Malaysia"
JLN LANGGAK BUKIT,MUKIM SETAPAK,Kuala Lumpur,3.1892575,101.7031038,scheme,"Jalan Langgak Bukit, Kampung Puah Seberang, Kuala Lumpur, 53200, Malaysia"
"JLN ROBINSON, IJOK",PEKAN SIMPANG TIGA IJOK,Kuala Selangor,3.3071642,101.3941389,scheme,"Jalan Robinson, Kampung Ijok, Ijok, Kuala Selangor, Selangor, Malaysia"
JLN SULTAN SULAIMAN SATU,MUKIM KUALA LUMPUR,Kuala Lumpur,3.1492918,101.6210876,road,"Lorong Burhanuddin Helmi 6, Taman Tun Dr Ismail, Kuala Lumpur, 60000, Malaysia"
"JLN. ROBINSON, IJOK",PEKAN SIMPANG TIGA IJOK,Kuala Selangor,3.3071642,101.3941389,scheme,"Jalan Robinson, Kampung Ijok, Ijok, Kuala Selangor, Selangor, Malaysia"
JUBILEE COURT,KUALA LUMPUR TOWN CENTRE,Kuala Lumpur,,,none,
JUTA MINES CONDO,PEKAN CHERAS,Hulu Langat,,,none,
KAJANG 2,BANDAR BATU 18 SEMENYIH,Hulu Langat,2.9626712,101.7920994,scheme,"Kajang 2, Jalan Reko, Taman Tenaga, Kajang 2, Kajang Municipal Council, Hulu Langat, Selangor, 43650, Malaysia"
KAJANG 2,BANDAR KAJANG,Hulu Langat,3.0374263,101.7721982,scheme,"Cheras–Kajang Expressway, Cheras, Kajang Municipal Council, Hulu Langat, Selangor, 43200, Malaysia"
KAJANG 2,SEMENYIH,Hulu Langat,2.9558369,101.8324202,scheme,"Kajang East Precinct 2, Kajang East, Semenyih, Kajang Municipal Council, Hulu Langat, Selangor, 43500, Malaysia"
KAJANG PRIMA,SEMENYIH,Hulu Langat,2.9775764,101.8171981,scheme,"Kajang Prima, Kajang Dispersal Link Expressway, Kajang Technology City, Semenyih, Kajang Municipal Council, Hulu Langat,"
KAMPONG BARU CINA RAWANG/SG TERENTANG,RAWANG,Gombak,3.310175,101.5851411,road,"Lorong 10, Kampung Baru Sungai Terentang, Rawang, Selayang Municipal Council, Gombak, Selangor, 48000, Malaysia"
KAMPONG BARU HULU FRI KEPONG,BANDAR KEPONG,Gombak,,,none,
KAMPONG BARU HULU FRI KEPONG,BATU,Gombak,3.2487001,101.6724093,road,"Jalan 13, Kampung Lembah Indah, Kampung Selayang Baru, Batu Caves, Selayang Municipal Council, Gombak, Selangor, 68100, "
KAMPONG BARU HULU KELANG(KG.KUALA AMPANG,BANDAR HULU KELANG,Gombak,,,none,
KAMPONG BARU HULU KELANG(KG.KUALA AMPANG,HULU KLANG,Gombak,,,none,
KAMPONG BARU KUANG,RAWANG,Gombak,,,none,
KAMPONG BARU KUNDANG,PEKAN PENGKALAN KUNDANG,Gombak,,,none,
KAMPONG BARU SERENDAH,BANDAR HULU KELANG,Gombak,,,none,
KAMPONG BATU CAVES SELATAN,BANDAR SELAYANG,Gombak,3.3325829,101.5283786,road,"18, Jalan Desa 3/1, Bandar Country Homes, Selayang Municipal Council, Gombak, Selangor, 48000, Malaysia"
KAMPONG BATU CAVES SELATAN,BATU,Gombak,3.2392188,101.6769744,road,"Jalan Bunga Raya 2, Kampung Baru Batu Caves, Batu Caves, Selayang Municipal Council, Gombak, Selangor, 68100, Malaysia"
KAMPONG BENDAHARA,BANDAR SELAYANG,Gombak,,,none,
KAMPONG BENDAHARA,BATU,Gombak,3.2619437,101.6750339,road,"Jalan Bendahara 8C, Batu Caves, Selayang Municipal Council, Gombak, Selangor, 68100, Malaysia"
KAMPONG DATO' LEE KIM SAI,BANDAR RAWANG,Gombak,,,none,
KAMPONG DESA AMAN,BANDAR SUNGAI BULOH,Gombak,,,none,
KAMPONG GONGGANG,BANDAR HULU KELANG,Gombak,,,none,
KAMPONG KENANGA,RAWANG,Gombak,3.3131983,101.5820784,road,"Jalan Teratai, Kampung Kenanga, Rawang, Selayang Municipal Council, Gombak, Selangor, 48000, Malaysia"
KAMPONG KUANG,RAWANG,Gombak,3.2296909,101.5768511,scheme,"Jalan 28 Kampong Sri Indah A, Kampung Sri Indah A, Kuang, Selayang Municipal Council, Gombak, Selangor, 47000, Malaysia"
KAMPONG LAKSAMANA,BANDAR SELAYANG,Gombak,3.2645671,101.6749518,road,"Jalan 4, Bandar Baru Selayang, Batu Caves, Selayang Municipal Council, Gombak, Selangor, 68100, Malaysia"
KAMPONG LAKSAMANA,BATU,Gombak,3.3187753,101.4721423,road,"Batu Arang, Selayang Municipal Council, Gombak, Selangor, 48109, Malaysia"
KAMPONG LAKSAMANA JAYA,BANDAR SELAYANG,Gombak,,,none,
KAMPONG LIM TAN/ RAJAH TAMBAHAN,RAWANG,Gombak,3.3273872,101.5732715,road,"Jalan Waterfall, New Green Park, Kampung Melayu Pekan Rawang, Rawang, Selayang Municipal Council, Gombak, Selangor, 4800"
KAMPONG MAHKOTA,BATU,Gombak,3.2411283,101.6734215,road,"Jalan Sungai Tua, Taman Selayang, Kampung Laksamana, Batu Caves, Selayang Municipal Council, Gombak, Selangor, 68100, Ma"
KAMPONG MELAYU BATU 16 RAWANG,BANDAR RAWANG,Gombak,,,none,
KAMPONG MELAYU BATU 16 RAWANG,RAWANG,Gombak,,,none,
KAMPONG MELAYU BATU ARANG,BANDAR BATU ARANG,Gombak,,,none,
KAMPONG MELAYU BATU CAVES,BATU,Gombak,3.2368839,101.6797199,road,"Jalan 7, Taman Batu Caves, Kampung Indian Settlement Batu Caves, Batu Caves, Selayang Municipal Council, Gombak, Selango"
KAMPONG MELAYU SRI KUNDANG,PEKAN PENGKALAN KUNDANG,Gombak,,,none,
KAMPONG MELAYU SRI KUNDANG TAMBAHAN,PEKAN PENGKALAN KUNDANG,Gombak,,,none,
KAMPONG MELAYU SRI KUNDANG TAMBAHAN,RAWANG,Gombak,3.3134673,101.5781377,road,"Jalan Bt 18, Kampung Kenanga, Rawang, Selayang Municipal Council, Gombak, Selangor, 48000, Malaysia"
KAMPONG MELAYU SUNGAI SERING,BANDAR HULU KELANG,Gombak,,,none,
KAMPONG NAKHODA,BANDAR SELAYANG,Gombak,,,none,
KAMPONG NAKHODA,BATU,Gombak,3.2525454,101.6809031,road,"Jalan Nakhoda Kiri C/1, Kampung Nakhoda, Kampung Laksamana, Batu Caves, Selayang Municipal Council, Gombak, Selangor, 68"
KAMPONG PERMATA,PEKAN PENGKALAN KUNDANG,Gombak,,,none,
KAMPONG SELAYANG BARU,BANDAR SELAYANG,Gombak,3.3097092,101.5896231,scheme,"Jalan 7 Kampong Sungai Terentang, Kampung Baru Sungai Terentang, Rawang, Selayang Municipal Council, Gombak, Selangor, 4"
KAMPONG SELAYANG BARU,BATU,Gombak,3.3097092,101.5896231,scheme,"Jalan 7 Kampong Sungai Terentang, Kampung Baru Sungai Terentang, Rawang, Selayang Municipal Council, Gombak, Selangor, 4"
KAMPONG SELAYANG INDAH,BANDAR SELAYANG,Gombak,3.2296909,101.5768511,scheme,"Jalan 28 Kampong Sri Indah A, Kampung Sri Indah A, Kuang, Selayang Municipal Council, Gombak, Selangor, 47000, Malaysia"
KAMPONG SELAYANG INDAH,BATU,Gombak,3.2296909,101.5768511,scheme,"Jalan 28 Kampong Sri Indah A, Kampung Sri Indah A, Kuang, Selayang Municipal Council, Gombak, Selangor, 47000, Malaysia"
KAMPONG SELAYANG PANDANG,BATU,Gombak,3.251097,101.6571973,road,"Jalan 8, Taman Selayang Baru, Batu Caves, Selayang Municipal Council, Gombak, Selangor, 68100, Malaysia"
KAMPONG SELAYANG PERMAI,BATU,Gombak,3.2399605,101.6536451,road,"Jalan SJ 10, Taman Selayang Jaya, Batu Caves, Selayang Municipal Council, Gombak, Selangor, 68100, Malaysia"
KAMPONG SERI BUNGA,BANDAR SUNGAI BULOH,Gombak,,,none,
KAMPONG SERI BUNGA,BATU,Gombak,3.2465036,101.6588839,road,"Jalan 2, Kampung Selayang Indah, Batu Caves, Selayang Municipal Council, Gombak, Selangor, 68100, Malaysia"
KAMPONG SERI GOMBAK,BANDAR SELAYANG,Gombak,3.2859698,101.4733939,road,"3, Jalan 7A/2, Medan Puteri, Bandar Tasik Puteri, Selayang Municipal Council, Gombak, Selangor, 45620, Malaysia"
KAMPONG SERI GOMBAK,BATU,Gombak,3.2433186,101.6568494,road,"Jalan 11, Taman Sri Melati, Kampung Selayang Pandang, Batu Caves, Selayang Municipal Council, Gombak, Selangor, 68100, M"
KAMPONG SIMPANG TIGA,SETAPAK,Gombak,,,none,
KAMPONG SUNGAI KERTAS,BANDAR SELAYANG,Gombak,3.2575839,101.6563474,road,"Jalan 2/20, Bandar Baru Selayang, Batu Caves, Selayang Municipal Council, Gombak, Selangor, 68100, Malaysia"
KAMPONG SUNGAI KERTAS,BATU,Gombak,3.256109,101.6845481,road,"Jalan KSK 2, Taman Gombak Permai 1, Kampung Laksamana, Batu Caves, Selayang Municipal Council, Gombak, Selangor, 68100, "
KAMPONG SUNGAI TUA BAHARU,BATU,Gombak,3.2545487,101.6751557,road,"Jalan Kenanga, Taman Jasa, Kampung Laksamana, Batu Caves, Selayang Municipal Council, Gombak, Selangor, 68100, Malaysia"
KAMPONG WARISAN,BANDAR HULU KELANG,Gombak,,,none,
KAMPONG WIRA DAMAI,BANDAR SELAYANG,Gombak,,,none,
KAMPONG WIRA DAMAI,BATU,Gombak,3.2499952,101.68904,road,"Lorong Berlian 2, Taman Gombak Permai 1, Kampung Melayu Wira Damai, Batu Caves, Selayang Municipal Council, Gombak, Sela"
KAMPUNG AMAN BANGI,PEKAN BANGI LAMA,Hulu Langat,,,none,
KAMPUNG AMPANG CAMPURAN,BANDAR AMPANG,Hulu Langat,3.1314923,101.7705796,scheme,"Kampung Ampang Campuran, Ampang, Ampang Jaya Municipal Council, Hulu Langat, Selangor, Malaysia"
KAMPUNG AMPANG INDAH,BANDAR AMPANG,Hulu Langat,3.1332616,101.7855289,scheme,"Kampung Ampang Indah, Ampang, Ampang Jaya Municipal Council, Hulu Langat, Selangor, Malaysia"
KAMPUNG BARU CHINA,AMPANG,Hulu Langat,3.1518002,101.766934,road,"Jalan 11, Ampang, Ampang Jaya Municipal Council, Hulu Langat, Selangor, 68000, Malaysia"
KAMPUNG BARU CHINA,BANDAR AMPANG,Hulu Langat,,,none,
KAMPUNG BARU DENGKIL,DENGKIL,Sepang,2.8593792,101.6807061,scheme,"Kampung Baru Seri Dengkil, Kampung Cemperai, Dengkil, Sepang, Selangor, Malaysia"
KAMPUNG BARU DENGKIL,PEKAN DENGKIL,Sepang,2.8593792,101.6807061,scheme,"Kampung Baru Seri Dengkil, Kampung Cemperai, Dengkil, Sepang, Selangor, Malaysia"
KAMPUNG BARU HICOM,DAMANSARA,Petaling,3.0366812,101.5530025,scheme,"Kampung Baru HICOM, Jalan Perbahan 26/2, Section 26, Shah Alam, Petaling, Selangor, 40400, Malaysia"
KAMPUNG BARU HICOM,PEKAN BARU HICOM,Petaling,3.0366812,101.5530025,scheme,"Kampung Baru HICOM, Jalan Perbahan 26/2, Section 26, Shah Alam, Petaling, Selangor, 40400, Malaysia"
KAMPUNG BARU HICOM,PEKAN HICOM,Petaling,3.0366812,101.5530025,scheme,"Kampung Baru HICOM, Jalan Perbahan 26/2, Section 26, Shah Alam, Petaling, Selangor, 40400, Malaysia"
KAMPUNG BARU JINJANG SELATAN,MUKIM BATU,Kuala Lumpur,3.2041001,101.6638655,scheme,"South Jinjang, Jinjang, Kepong, Kuala Lumpur, 52000, Malaysia"
KAMPUNG BARU SALAK,LABU,Sepang,2.783293,101.7519169,scheme,"Kampung Baru Salak, Bandar Baru Salak Tinggi, Sepang, Selangor, Malaysia"
KAMPUNG BARU SALAK,PEKAN SALAK,Sepang,2.783293,101.7519169,scheme,"Kampung Baru Salak, Bandar Baru Salak Tinggi, Sepang, Selangor, Malaysia"
KAMPUNG BARU SALAK SELATAN,MUKIM PETALING,Kuala Lumpur,3.0896247,101.705411,scheme,"New Salak South Village, Bandar Sri Permaisuri, Salak South, Kuala Lumpur, 57100, Malaysia"
KAMPUNG BARU SEMENYIH,BANDAR SEMENYIH,Hulu Langat,2.9506803,101.8414071,scheme,"Kampung Baru Semenyih, Semenyih, Kajang Municipal Council, Hulu Langat, Selangor, Malaysia"
KAMPUNG BARU SG PELEK,PEKAN SUNGAI PELIK,Sepang,2.6423918,101.7133065,scheme,"Kampung Baru Seri Sungai Pelek, Sungai Pelek, Sepang, Selangor, Malaysia"
KAMPUNG BARU SG PELEK,SEPANG,Sepang,2.6423918,101.7133065,scheme,"Kampung Baru Seri Sungai Pelek, Sungai Pelek, Sepang, Selangor, Malaysia"
KAMPUNG BERSATU,PETALING,Petaling,3.0166288,101.5992199,scheme,"Kampung Bersatu, Kampung Kenangan, Puchong, Subang Jaya City Council, Petaling, Selangor, 47150, Malaysia"
KAMPUNG BT 8 SG RASAU,DENGKIL,Sepang,,,none,
KAMPUNG CEMPAKA,PEKAN CHEMPAKA,Petaling,3.1243219,101.6005146,scheme,"Kampung Cempaka, Petaling Jaya, Petaling, Selangor, Malaysia"
KAMPUNG CHERAS BARU,BANDAR AMPANG,Hulu Langat,3.1102981,101.7485097,scheme,"Kampung Cheras Baru, Ampang, Ampang Jaya Municipal Council, Hulu Langat, Selangor, Malaysia"
KAMPUNG DESA PUTRA (TANAH KURNIA),DENGKIL,Sepang,2.8617647,101.6768181,scheme,"Kastam Diraja Malaysia, Jalan Putrajaya - Dengkil, Taman Baiduri, Kampung Cemperai, Dengkil, Sepang, Selangor, 43800, Ma"
KAMPUNG KANDAN,PEKAN PUCHONG JAYA,Petaling,,,none,
KAMPUNG LEMBAH JAYA,AMPANG,Hulu Langat,3.1398482,101.7786857,scheme,"Pos Malaysia Office, Lot 613, Lorong Dagang Permai 6, Taman Bukit Ampang, Kampung Muhibbah, Ampang, Ampang Jaya Municipa"
KAMPUNG MELAYU AMPANG,BANDAR AMPANG,Hulu Langat,3.1492812,101.7640301,scheme,"Sekolah Rendah Agama Kampung Melayu Ampang, Jalan Cengal, Pandan Indah, Ampang, Ampang Jaya Municipal Council, Hulu Lang"
KAMPUNG PANDAN,MUKIM AMPANG,Kuala Lumpur,3.1449432,101.7389139,scheme,"Jalan Kampung Pandan, Kampung Pandan Luar, Kampung Pandan Dalam, Ampang, Kuala Lumpur, Hulu Langat, Selangor, 50600, Mal"
KAMPUNG PAYA JARAS,SUNGAI BULUH,Petaling,3.2009278,101.545683,scheme,"Dewan MBSA Kampung Paya Jaras U19, Kampung Paya Jaras, Paya Jaras Tengah, Section U19, Sungai Buloh, Shah Alam, Petaling"
KAMPUNG SERI INDAH,PEKAN SUNGAI BULOH,Gombak,,,none,
"KAMPUNG SIMPAH UTARA&SELATAN,BATU ARANG",BANDAR BATU ARANG,Gombak,,,none,
KAMPUNG SRI GOMBAK INDAH,BANDAR SELAYANG,Gombak,3.2434615,101.6947789,scheme,"Kampung Sri Gombak Indah, Batu Caves, Selayang Municipal Council, Gombak, Selangor, 65100, Malaysia"
KAMPUNG TASIK PERMAI,BANDAR AMPANG,Hulu Langat,3.1265935,101.7806346,scheme,"Kampung Tasik Permai, Ampang, Ampang Jaya Municipal Council, Hulu Langat, Selangor, Malaysia"
KAMPUNG TASIK TAMBAHAN,AMPANG,Hulu Langat,3.1252827,101.7703358,scheme,"Kampung Tasik Tambahan, Ampang, Ampang Jaya Municipal Council, Hulu Langat, Selangor, 55300, Malaysia"
KAMPUNG TASIK TAMBAHAN,BANDAR AMPANG,Hulu Langat,3.1252827,101.7703358,scheme,"Kampung Tasik Tambahan, Ampang, Ampang Jaya Municipal Council, Hulu Langat, Selangor, 55300, Malaysia"
KAMPUNG WARISAN,BANDAR HULU KELANG,Gombak,3.1765824,101.7346154,scheme,"Kampung Warisan, Ulu Kelang, Ampang Jaya Municipal Council, Gombak, Selangor, Malaysia"
KANTAN COURT APARTMENT-BKT SERDANG,PEKAN SERDANG,Petaling,,,none,
KARYA RESIDENSI,KELANG,Klang,3.0308427,101.4685319,scheme,"Karya Residensi, Klang City, Klang, Selangor, 41000, Malaysia"
KASEH HEIGHTS (SEMENYIH),SEMENYIH,Hulu Langat,2.954405,101.827572,scheme,"Kaseh Heights, Kajang East, Semenyih, Kajang Municipal Council, Hulu Langat, Selangor, Malaysia"
"KASTURI IDAMAN - SEK. 8, KOTA DAMANSARA",PEKAN BARU SG BULUH,Petaling,,,none,
KATANA II,KUALA LUMPUR TOWN CENTRE,Kuala Lumpur,3.1583667,101.7390773,scheme,"Katana II, Ampang Hilir, Kampung Datuk Keramat, Kuala Lumpur, Malaysia"
KAW JLN AMPANG/AMPANG HILIR,MUKIM AMPANG,Kuala Lumpur,3.1570388,101.7494651,road,"Lorong Dedalu, Ampang, Kuala Lumpur, Hulu Langat, Selangor, 68000, Malaysia"
KAW JLN AMPANG/OFF JLN AMPANG/U-THANT,KUALA LUMPUR TOWN CENTRE,Kuala Lumpur,,,none,
KAW JLN PAHANG (OFF TITIWANGSA),KUALA LUMPUR TOWN CENTRE,Kuala Lumpur,,,none,
KAW JLN PAHANG (OFF TITIWANGSA),MUKIM SETAPAK,Kuala Lumpur,3.1848238,101.7085127,road,"Lorong Chan Chin Mooi 1, Kampung Puah Seberang, Kuala Lumpur, 53200, Malaysia"
KAW JLN TUN SAMBANTHAN (BRICKFIELDS),KUALA LUMPUR TOWN CENTRE,Kuala Lumpur,3.1268842,101.6826683,scheme,"Jabatan Perkhidmatan Kawasan Lembah Pantai (DBKL), Jalan Tun Sambanthan, Brickfields, Kuala Lumpur, 50470, Malaysia"
KAW KASIPILLAY,KUALA LUMPUR TOWN CENTRE,Kuala Lumpur,,,none,
KAWASAN JALAN AMPANG/AMPANG HILIR,MUKIM AMPANG,Kuala Lumpur,,,none,
KAWASAN PENEMPATAN INDIA BATU CAVES,BANDAR SELAYANG,Gombak,,,none,
KAYANGAN APART - PJS 10/24,BDR SUNWAY,Petaling,,,none,
KAYANGAN HEIGHT,BUKIT RAJA,Petaling,,,none,
KB AIR PANAS,MUKIM SETAPAK,Kuala Lumpur,3.1952954,101.7193732,scheme,"PPR Kampung Baru Air Panas, Setapak, Kuala Lumpur, 53200, Malaysia"
KB JINJANG SELATAN,MUKIM BATU,Kuala Lumpur,3.2041001,101.6638655,scheme,"South Jinjang, Jinjang, Kepong, Kuala Lumpur, 52000, Malaysia"
KB JINJANG UTARA,MUKIM BATU,Kuala Lumpur,3.2113349,101.6639571,scheme,"East Fence Road, North Jinjang, Jinjang, Kepong, Kuala Lumpur, 52000, Malaysia"
KB JINJANG UTARA,MUKIM PETALING,Kuala Lumpur,3.2162689,101.6593889,scheme,"North Jinjang, Jinjang, Kepong, Kuala Lumpur, Malaysia"
KB SALAK SELATAN,MUKIM PETALING,Kuala Lumpur,3.0824396,101.6955405,scheme,"Taman Salak Selatan, Salak South, Kuala Lumpur, 57100, Malaysia"
KELAB GOLF SULTAN ABD. AZIZ,BANDAR SHAH ALAM,Petaling,,,none,
KELAB LE CHATEAU II,KUALA LUMPUR TOWN CENTRE,Kuala Lumpur,,,none,
KELANA D'PUTERA-SS 7 KELANA JAYA,BANDAR PETALING JAYA,Petaling,,,none,
KELANA MAHKOTA KONDO-SS7 KELANA JAYA,BANDAR PETALING JAYA,Petaling,,,none,
KELANA PARK VIEW-SS6 KELANA JAYA,BANDAR PETALING JAYA,Petaling,,,none,
KELANA PUTERI CONDO-SS7 KELANA JAYA,BANDAR PETALING JAYA,Petaling,,,none,
KELANA SENTRAL KONDO-SS6 KELANA JAYA,BANDAR PETALING JAYA,Petaling,,,none,
KELANG LAMA BUSINESS PARK,KUALA LUMPUR TOWN CENTRE,Kuala Lumpur,,,none,
KELISA RIA APARTMENT,PEKAN KG SUNGAI TANGKAS,Hulu Langat,,,none,
KEMENSAH HEIGHTS,BANDAR HULU KELANG,Gombak,3.2128292,101.7623516,scheme,"Kemensah Heights, Kampung Kemensah, Ulu Kelang, Ampang Jaya Municipal Council, Gombak, Selangor, 53100, Malaysia"
KEMENSAH HEIGHTS,HULU KLANG,Gombak,3.2128292,101.7623516,scheme,"Kemensah Heights, Kampung Kemensah, Ulu Kelang, Ampang Jaya Municipal Council, Gombak, Selangor, 53100, Malaysia"
KEMENSAH MEWAH,HULU KLANG,Gombak,3.215408,101.7636251,scheme,"Kemensah Mewah, Kampung Kemensah, Ulu Kelang, Ampang Jaya Municipal Council, Gombak, Selangor, Malaysia"
KEMENSAH RESIDENCY,HULU KLANG,Gombak,3.2152759,101.7627257,scheme,"Kemensah Residency, Kampung Kemensah, Ulu Kelang, Ampang Jaya Municipal Council, Gombak, Selangor, Malaysia"
KEMUNING GREENHILLS,KELANG,Klang,2.9892223,101.5202196,scheme,"Kemuning Greenhills, Section 32, Shah Alam, Klang, Selangor, Malaysia"
KEMUNING GREENVILLE (TMN AMJ),KELANG,Klang,2.98127,101.5339343,scheme,"Kemuning Greenville, Section 32, Shah Alam, Klang, Selangor, Malaysia"
KEMUNING UTAMA,KELANG,Klang,3.0095602,101.5289679,scheme,"Kemuning Utama, Shah Alam, Klang, Selangor, Malaysia"
"KEMUNING UTAMA, SEK. 32",KELANG,Klang,3.0067949,101.5264696,scheme,"Jalan Kemuning Indah 32/143E, Indah Residences, Section 32, Shah Alam, Klang, Selangor, 40460, Malaysia"
"KEMUNING UTAMA, SEK. 33",KELANG,Klang,3.0163364,101.5421121,scheme,"Krista Kemuning Utama, No. 2, Jalan Kemuning Permai 33/42G, Permai, Kemuning Utama, Shah Alam, Klang, Selangor, 40400, M"
KEN DAMANSARA,BANDAR PETALING JAYA,Petaling,3.1295911,101.6271606,scheme,"Ken Damansara, SS 2, Bandar Utama, Petaling Jaya, Petaling, Selangor, Malaysia"
KEN RIMBA CONDOMINIUM 1,KAPAR,Klang,,,none,
KEN RIMBA SEK. 16,KAPAR,Klang,3.0550176,101.4844853,scheme,"Ken Rimba, Jalan Lengkuas 16/18, Section 16, Shah Alam, Klang, Selangor, 41300, Malaysia"
KENANGA POINT,KUALA LUMPUR TOWN CENTRE,Kuala Lumpur,3.1349833,101.7075101,scheme,"Kenanga Point Condominium, Pudu, Kuala Lumpur, Malaysia"
KENANGA RESIDENCE,BANDAR RAWANG,Gombak,3.3190817,101.5774891,road,"Jalan Bandar Rawang 10, Bandar Baru Rawang, Kampung Kenanga, Rawang, Selayang Municipal Council, Gombak, Selangor, 48000"
KENARI APARTMENT,MUKIM SETAPAK,Kuala Lumpur,3.2240285,101.7270423,scheme,"Apartment Kenari, Kuala Lumpur, Malaysia"
KENARI APT,MUKIM SETAPAK,Kuala Lumpur,3.2240285,101.7270423,scheme,"Apartment Kenari, Kuala Lumpur, Malaysia"
KENNY HILL,KUALA LUMPUR TOWN CENTRE,Kuala Lumpur,3.1665811,101.6806678,scheme,"Kenny Hill, Taman Duta, Kuala Lumpur, Malaysia"
KENNY HILL,MUKIM BATU,Kuala Lumpur,3.1665811,101.6806678,scheme,"Kenny Hill, Taman Duta, Kuala Lumpur, Malaysia"
KENNY HILLS RESIDENCE,KUALA LUMPUR TOWN CENTRE,Kuala Lumpur,3.1631621,101.6911219,scheme,"Kenny Hills Residence, Chow Kit, Sentul, Kuala Lumpur, Malaysia"
KENSINGTON PARKHOMES,MUKIM BATU,Kuala Lumpur,,,none,
KEPONG BARU,MUKIM BATU,Kuala Lumpur,3.2074142,101.6627272,scheme,"Kepong Road, Taman Jinjang Baru, Jinjang, Kepong, Kuala Lumpur, 52000, Malaysia"
KEPONG ENTREPRENEURS PARK,MUKIM BATU,Kuala Lumpur,3.2164627,101.6428729,scheme,"Kepong Entrepreneurs Park, Jinjang, Kepong, Kuala Lumpur, Malaysia"
KEPONG GARDEN,MUKIM BATU,Kuala Lumpur,3.199566,101.6580691,scheme,"Kepong Central Garden, Jalan 10/40, Taman Sri Segambut, Jinjang, Kepong, Kuala Lumpur, 52000, Malaysia"
KERAMAT JAYA II APARTMENT,KUALA LUMPUR TOWN CENTRE,Kuala Lumpur,,,none,
KERANJI APARTMENT-SS19 SUBANG JAYA,BANDAR SUBANG JAYA,Petaling,,,none,
KERANJI APARTMENT-SS19 SUBANG JAYA,DAMANSARA,Petaling,,,none,
KERINCHI RESIDENSI,MUKIM KUALA LUMPUR,Kuala Lumpur,3.1129365,101.6634362,scheme,"Kerinchi Residence, 1, Pantai Dalam, Kuala Lumpur, Malaysia"
KERUING RESIDEN(M2 RESIDENCE)-DESA PUTRA,DENGKIL,Sepang,,,none,
KESTANA APARTMENT,MUKIM BATU,Kuala Lumpur,,,none,
KETUMBAR HEIGHTS,MUKIM KUALA LUMPUR,Kuala Lumpur,3.1023933,101.750306,scheme,"Ketumbar Heights Condominium, Taman Cheras, Cheras, Kuala Lumpur, 56100, Malaysia"
KETUMBAR HILL,MUKIM KUALA LUMPUR,Kuala Lumpur,3.1037248,101.7487066,scheme,"Ketumbar Hill, Taman Cheras, Cheras, Kuala Lumpur, 56100, Malaysia"
KG AMPANG CAMPURAN,BANDAR AMPANG,Hulu Langat,3.1314923,101.7705796,scheme,"Kampung Ampang Campuran, Ampang, Ampang Jaya Municipal Council, Hulu Langat, Selangor, Malaysia"
KG AMPANG INDAH,BANDAR AMPANG,Hulu Langat,3.1332616,101.7855289,scheme,"Kampung Ampang Indah, Ampang, Ampang Jaya Municipal Council, Hulu Langat, Selangor, Malaysia"
KG ASSAM JAWA,PEKAN ASAM JAWA,Kuala Selangor,3.2959772,101.3064212,scheme,"Jalan Kampung Batu 1, Assam Jawa, Bukit Rotan, Kuala Selangor, Selangor, 45700, Malaysia"
KG BAHAGIA BANGI,KAJANG,Hulu Langat,2.9019699,101.7756909,scheme,"Kampung Bahagia Bangi, Jalan Banting-Semenyih, Taman Angsana Bangi, Kampung Bahagia, Bangi Lama, Kajang Municipal Counci"
KG BARU BALAKONG,BANDAR CHERAS,Hulu Langat,3.0295511,101.7472591,scheme,"Kampung Baru Balakong, Kajang Municipal Council, Hulu Langat, Selangor, Malaysia"
KG BARU BKT ANGKAT,BANDAR KAJANG,Hulu Langat,,,none,
KG BARU BKT ANGKAT,KAJANG,Hulu Langat,2.995439,101.7684112,road,"Jalan Besar Bukit Angkat, Kampung Bukit Angkat, Kajang Municipal Council, Hulu Langat, Selangor, 43000, Malaysia"
KG BARU BT 14,HULU LANGAT,Hulu Langat,3.0454999,101.7729831,scheme,"Kampung Baru Batu 11 Cheras, Kajang Municipal Council, Hulu Langat, Selangor, Malaysia"
KG BARU BT 9,BANDAR CHERAS,Hulu Langat,2.9988855,101.8736485,scheme,"Kampung Pasir Baru, Kajang Municipal Council, Hulu Langat, Selangor, Malaysia"
KG BARU CHINA,BANDAR AMPANG,Hulu Langat,,,none,
KG BARU DAMANSARA,BANDAR PETALING JAYA,Petaling,3.1300805,101.6315469,scheme,"Kampung Seri Damansara, Section 17A, Petaling Jaya, Petaling, Selangor, Malaysia"
KG BARU JENJAROM,BANDAR JENJARUM/SG JARUM,Kuala Langat,2.87664,101.4955875,scheme,"Kampung Baru Sungai Jarom, Taman Seri Jaromas, Jenjarom, Kuala Langat, Selangor, Malaysia"
KG BARU JENJAROM,PEKAN JENJAROM,Kuala Langat,2.87664,101.4955875,scheme,"Kampung Baru Sungai Jarom, Taman Seri Jaromas, Jenjarom, Kuala Langat, Selangor, Malaysia"
KG BARU JENJAROM,TELOK PANGLIMA GARANG,Kuala Langat,2.87664,101.4955875,scheme,"Kampung Baru Sungai Jarom, Taman Seri Jaromas, Jenjarom, Kuala Langat, Selangor, Malaysia"
KG BARU SEMENYIH,BANDAR SEMENYIH,Hulu Langat,2.9506803,101.8414071,scheme,"Kampung Baru Semenyih, Semenyih, Kajang Municipal Council, Hulu Langat, Selangor, Malaysia"
KG BARU SG BULOH,PEKAN BARU SG BULUH,Petaling,3.1950619,101.5660985,scheme,"Sungai Buloh New Village, Section U19, Sungai Buloh, Shah Alam, Petaling, Selangor, Malaysia"
KG BARU SG BULOH,SUNGAI BULUH,Petaling,3.1950619,101.5660985,scheme,"Sungai Buloh New Village, Section U19, Sungai Buloh, Shah Alam, Petaling, Selangor, Malaysia"
KG BARU SG CHUA,BANDAR KAJANG,Hulu Langat,2.9896092,101.7729023,scheme,"Kampung Baru Sungai Chua, Sungai Chua, Kajang Municipal Council, Hulu Langat, Selangor, Malaysia"
KG BARU SG CHUA,PEKAN KAJANG,Hulu Langat,2.9896092,101.7729023,scheme,"Kampung Baru Sungai Chua, Sungai Chua, Kajang Municipal Council, Hulu Langat, Selangor, Malaysia"
KG BARU SRI KEMBANGAN,PEKAN SERDANG,Petaling,,,none,
KG BARU SRI KEMBANGAN,PETALING,Petaling,3.027991,101.6992208,road,"Jalan SK 13/2, SK 13, Kampung Baru Seri Kembangan, Seri Kembangan, Subang Jaya City Council, Petaling, Selangor, 43300, "
KG BARU SUBANG,PEKAN SUBANG,Petaling,3.1425732,101.5329347,scheme,"Kampung Baru Subang (Utara), Jalan Pekan Subang, Section U6, Kampung Baru Subang, Shah Alam, Petaling, Selangor, 40150, "
KG BARU TARUN,SEMENYIH,Hulu Langat,2.9453959,101.8650651,road,"Jalan Broga, Taman Tasik Semenyih, Semenyih, Kajang Municipal Council, Hulu Langat, Selangor, 43500, Malaysia"
KG BARU ULU TIRAM BURUK,PEKAN KG BARU H TIRAM BURUK,Kuala Selangor,,,none,
KG BATU 14 PUCHONG,PETALING,Petaling,2.9938933,101.6239663,scheme,"Kampung Batu 14, Puchong, Bandar Bukit Puchong, Subang Jaya City Council, Petaling, Selangor, 47100, Malaysia"
KG BATU MUDA,MUKIM BATU,Kuala Lumpur,3.2256959,101.6870929,scheme,"Kawasan Perindustrian Batu Muda, Kampung Padang Balang, Kuala Lumpur, Malaysia"
KG BERJUNTAI BESTARI,BATANG BERJUNTAI,Kuala Selangor,3.3906187,101.4169643,scheme,"Kampung Hang Tuah Off River Storage, Bestari Jaya, Kuala Selangor, Selangor, Malaysia"
KG BHARU PANDAMARAN,KELANG,Klang,3.0083098,101.4179296,road,"Jalan Kubu, Kampung Baru Pandamaran, Port Klang, Klang City, Klang, Selangor, 42000, Malaysia"
KG BHARU PANDAMARAN,PEKAN PENDAMARAN,Klang,,,none,
KG BKT SG PUTIH(AMPANG),BANDAR AMPANG,Hulu Langat,,,none,
KG BUKIT CERAKAH,BUKIT RAJA,Petaling,3.189069,101.4332034,scheme,"Jalan Bukit Cerakah, Section U15, Shah Alam, Petaling, Selangor, Malaysia"
KG BUKIT KAPAR,KAPAR,Klang,3.140178,101.3676248,scheme,"Jalan Kampung Bukit Kerayong, Kapar, Klang City, Klang, Selangor, 42200, Malaysia"
KG BUKIT KEMANDOL,TANJUNG 12,Kuala Langat,,,none,
KG BUKIT KEMANDOL,TELOK PANGLIMA GARANG,Kuala Langat,,,none,
KG BUKIT LANCONG,DAMANSARA,Petaling,,,none,
KG CHERAS BARU,AMPANG,Hulu Langat,3.1102981,101.7485097,scheme,"Kampung Cheras Baru, Ampang, Ampang Jaya Municipal Council, Hulu Langat, Selangor, 56100, Malaysia"
KG CHERAS BARU,BANDAR AMPANG,Hulu Langat,3.1102981,101.7485097,scheme,"Kampung Cheras Baru, Ampang, Ampang Jaya Municipal Council, Hulu Langat, Selangor, Malaysia"
KG CHERAS BARU,MUKIM KUALA LUMPUR,Kuala Lumpur,3.1071888,101.7446007,scheme,"Kampung Cheras Baru (Timur), Jalan Kuari, Taman Cheras, Kampung Cheras Baru, Kuala Lumpur, 56100, Malaysia"
KG DATO MUFTI SHUIB (AMPANG),BANDAR AMPANG,Hulu Langat,3.1392825,101.7729684,scheme,"KLINIK 1 MALAYSIA TMN SRI WATAN, 5, Jalan Watan 8, Taman Sri Watan, Kampung Indah Permai, Kampung Dato Mufti Shuib, Ampa"
KG DATOK KERAMAT,KUALA LUMPUR TOWN CENTRE,Kuala Lumpur,,,none,
KG DELEK KANAN,KELANG,Klang,3.0372881,101.4007908,scheme,"Jalan Delek Kanan 51, Kampung Delek, Port Klang, Klang City, Klang, Selangor, 41250, Malaysia"
"KG IDAMAN, PEL. KLANG",KELANG,Klang,2.992573,101.4239846,road,"Jalan Idaman 11, Kampung Idaman, Port Klang, Klang City, Klang, Selangor, 41200, Malaysia"
"KG IDAMAN, PELABUHAN KLANG",KELANG,Klang,2.9929622,101.4243436,scheme,"Kampung Idaman, Port Klang, Klang City, Klang, Selangor, 41200, Malaysia"
KG KENANGAN BALAKONG,BANDAR KAJANG,Hulu Langat,3.0221121,101.7490156,scheme,"Kampung Kenangan Indah, Balakong, Cheras, Kajang Municipal Council, Hulu Langat, Selangor, Malaysia"
KG KENANGAN BT 13,PETALING,Petaling,3.0249802,101.5951068,scheme,"Kampung Kenangan, Puchong, Subang Jaya City Council, Petaling, Selangor, 47640, Malaysia"
"KG KUANTAN, BUKIT KUDA, KLANG",KAPAR,Klang,3.0413838,101.4587292,scheme,"Masjid Kg Kuantan, Jalan Bukit Kuda, Taman Kampung Kuantan, Kampung Kuantan, Klang City, Klang, Selangor, 41000, Malaysi"
KG KUBU GAJAH,SUNGAI BULUH,Petaling,3.2003199,101.5182784,scheme,"Kampung Kubu Gajah, Sungai Buloh, Shah Alam, Petaling, Selangor, Malaysia"
KG LEMBAH JAYA,AMPANG,Hulu Langat,3.1398482,101.7786857,scheme,"Pos Malaysia Office, Lot 613, Lorong Dagang Permai 6, Taman Bukit Ampang, Kampung Muhibbah, Ampang, Ampang Jaya Municipa"
KG LEMBAH JAYA,BANDAR AMPANG,Hulu Langat,3.1398482,101.7786857,scheme,"Pos Malaysia Office, Lot 613, Lorong Dagang Permai 6, Taman Bukit Ampang, Kampung Muhibbah, Ampang, Ampang Jaya Municipa"
KG LINDUNGAN PJS 6,BDR PETALING JAYA SELATAN,Petaling,3.0767976,101.615738,scheme,"Kampung Lindungan, PJS 6, Sunway City, Petaling Jaya, Petaling, Selangor, Malaysia"
KG LINDUNGAN PJS 6,BDR SUNWAY,Petaling,3.0798194,101.6156251,scheme,"Kampung Lindungan, Jalan PJS 6/2, PJS 6, Sunway City, Petaling Jaya, Petaling, Selangor, 46150, Malaysia"
KG LINDUNGAN PJS 6/3-3G,BDR SUNWAY,Petaling,3.0767976,101.615738,scheme,"Kampung Lindungan, PJS 6, Sunway City, Petaling Jaya, Petaling, Selangor, Malaysia"
KG LINDUNGAN PJS 8,BDR SUNWAY,Petaling,3.0767976,101.615738,scheme,"Kampung Lindungan, PJS 6, Sunway City, Petaling Jaya, Petaling, Selangor, Malaysia"
KG MALAYSIA RAYA / TAMBAHAN,MUKIM PETALING,Kuala Lumpur,3.0754144,101.7075233,scheme,"Dewan Muafakat Kg. Malaysia Tambahan, Jalan 3/141, Kampung Malaysia Tambahan, Kuala Lumpur, 57100, Malaysia"
KG MELAYU AMPANG,AMPANG,Hulu Langat,3.1492812,101.7640301,scheme,"Sekolah Rendah Agama Kampung Melayu Ampang, Jalan Cengal, Pandan Indah, Ampang, Ampang Jaya Municipal Council, Hulu Lang"
KG MELAYU AMPANG,BANDAR AMPANG,Hulu Langat,3.1518359,101.7659869,scheme,"Dewan Orang Ramai PKNS Kg. Melayu Tambahan, Jalan 4, Ampang, Ampang Jaya Municipal Council, Hulu Langat, Selangor, 68000"
"KG MELAYU BATU 7, JLN KEBUN",KELANG,Klang,,,none,
KG MELAYU SUBANG,SUNGAI BULUH,Petaling,3.1544088,101.5328379,scheme,"Kampung Melayu Subang, Section U6, Shah Alam, Petaling, Selangor, Malaysia"
KG NELAYAN TELOK GONG,KELANG,Klang,2.9714357,101.4022346,scheme,"NOBLift Malaysia Sdn Bhd, Jalan Canang Emas 8, Kampung Nelayan Telok Gong, Klang City, Klang, Selangor, 42009, Malaysia"
KG PADANG JAWA,BUKIT RAJA,Petaling,3.0472235,101.4936043,scheme,"LORONG LOT 1941 KAMPUNG PADANG JAWA, Padang Jawa, Section 17, Shah Alam, Petaling, Selangor, 40200, Malaysia"
KG PANDAN,KUALA LUMPUR TOWN CENTRE,Kuala Lumpur,3.140837,101.7347269,scheme,"Kampung Pandan, Kuala Lumpur, 50988, Malaysia"
KG PANDAN,MUKIM AMPANG,Kuala Lumpur,3.1449432,101.7389139,scheme,"Jalan Kampung Pandan, Kampung Pandan Luar, Kampung Pandan Dalam, Ampang, Kuala Lumpur, Hulu Langat, Selangor, 50600, Mal"
KG PANDAN DALAM,AMPANG,Hulu Langat,3.1474606,101.7478199,scheme,"Kampung Pandan Dalam, Ampang, Ampang Jaya Municipal Council, Hulu Langat, Selangor, 68000, Malaysia"
KG PANDAN DALAM,BANDAR AMPANG,Hulu Langat,3.1474606,101.7478199,scheme,"Kampung Pandan Dalam, Ampang, Ampang Jaya Municipal Council, Hulu Langat, Selangor, 68000, Malaysia"
KG PASIR,HULU SEMENYIH,Hulu Langat,2.9592715,101.8481461,scheme,"Kedai Runcit Kampung Sungai Machang, Jalan Sungai Lalang, Taman Sri Haneco, Kampung Pasir Baru, Kajang Municipal Council"
KG PASIR BHARU,MUKIM PETALING,Kuala Lumpur,3.1613264,101.7065974,scheme,"Kampung Baru, Jalan Sungai Baru, Kampung Hujung Pasir, Kampung Paya, Kampung Bharu, Kuala Lumpur, 50400, Malaysia"
KG PINGGIRAN JAYA (AMPANG),BANDAR AMPANG,Hulu Langat,3.1368152,101.7496347,scheme,"Pinggiran Cempaka, Pandan Indah, Ampang, Ampang Jaya Municipal Council, Hulu Langat, Selangor, Malaysia"
KG RAJA UDA,BANDAR KELANG,Klang,3.0201381,101.4102408,scheme,"Kampung Raja Uda, Jalan Melikai 45, Taman Pelabuhan, Kampung Raja Uda, Port Klang, Klang City, Klang, Selangor, 42000, M"
KG RAJA UDA,KELANG,Klang,3.0201381,101.4102408,scheme,"Kampung Raja Uda, Jalan Melikai 45, Taman Pelabuhan, Kampung Raja Uda, Port Klang, Klang City, Klang, Selangor, 42000, M"
KG RAJA UDA,PEKAN PORT SWETTENHAM,Klang,3.0201381,101.4102408,scheme,"Kampung Raja Uda, Jalan Melikai 45, Taman Pelabuhan, Kampung Raja Uda, Port Klang, Klang City, Klang, Selangor, 42000, M"
KG SERI BATU,MUKIM BATU,Kuala Lumpur,3.1896273,101.6709822,scheme,"Medan Niaga Seri Kuching, Segambut, Kuala Lumpur, Malaysia"
KG SG KANTAN PKT 1 2 3,KAJANG,Hulu Langat,3.0051035,101.7977861,road,"Jalan Melati 2, Taman Angkasa Indah, Saujana Impian, Sungai Kantan, Kajang Municipal Council, Hulu Langat, Selangor, 430"
KG SG RAYA,CHERAS,Hulu Langat,3.0674193,101.7716476,scheme,"Balai Raya Kampung Sungai Raya, Jalan Hulu Langat, Taman Mas 1, Kampung Melaka, Cheras, Kajang Municipal Council, Hulu L"
KG SG TANGKAS,PEKAN KG SUNGAI TANGKAS,Hulu Langat,2.9480248,101.7899671,scheme,"Kampung Sungai Tangkas, Kajang Municipal Council, Hulu Langat, Selangor, 43650, Malaysia"
KG SG UDANG / KG DELEK,KELANG,Klang,3.03784,101.4210812,scheme,"Kampung Sungai Udang (Selatan), Jalan Yadi, Kampung Delek, Port Klang, Klang City, Klang, Selangor, 41250, Malaysia"
KG SRI MELOR,BANDAR AMPANG,Hulu Langat,2.9682077,101.7848318,scheme,"Jalan Sri Melor 2, Kajang 2, Kajang Municipal Council, Hulu Langat, Selangor, 43650, Malaysia"
KG SRI TANJUNG,BANDAR AMPANG,Hulu Langat,2.9592715,101.8481461,scheme,"Kedai Runcit Kampung Sungai Machang, Jalan Sungai Lalang, Taman Sri Haneco, Kampung Pasir Baru, Kajang Municipal Council"
KG SUNGAI KAYU ARA,BANDAR PETALING JAYA,Petaling,3.1309617,101.6105517,scheme,"Kampung Sungai Kayu Ara, PJU 6, Bandar Utama, Petaling Jaya, Petaling, Selangor, Malaysia"
KG SUNGAI KAYU ARA,PEKAN KAYU ARA,Petaling,3.1309617,101.6105517,scheme,"Kampung Sungai Kayu Ara, PJU 6, Petaling Jaya, Petaling, Selangor, Malaysia"
KG SUNGAI KAYU ARA,SUNGAI BULUH,Petaling,3.1309617,101.6105517,scheme,"Kampung Sungai Kayu Ara, PJU 6, Petaling Jaya, Petaling, Selangor, Malaysia"
"KG SUNGAI SIREH, PEL. KLANG",PEKAN PORT SWETTENHAM,Klang,,,none,
KG SUNGAI UDANG / KG DELEK,KELANG,Klang,3.03784,101.4210812,scheme,"Kampung Sungai Udang (Selatan), Jalan Yadi, Kampung Delek, Port Klang, Klang City, Klang, Selangor, 41250, Malaysia"
KG TAMBAK JAWA,JERAM,Kuala Selangor,3.1645795,101.3217245,scheme,"Kampung Tambak Jawa, Jalan Kapar - Kuala Selangor, Kuala Selangor, Selangor, Malaysia"
KG TANJUNG,BANDAR SEMENYIH,Hulu Langat,2.8740965,101.8716734,scheme,"Kampung Paya Tanjung, Beranang, Kajang Municipal Council, Hulu Langat, Selangor, 43700, Malaysia"
KG TASIK PERMAI,BANDAR AMPANG,Hulu Langat,3.1265935,101.7806346,scheme,"Kampung Tasik Permai, Ampang, Ampang Jaya Municipal Council, Hulu Langat, Selangor, Malaysia"
KG TASIK TAMBAHAN,AMPANG,Hulu Langat,3.1252827,101.7703358,scheme,"Kampung Tasik Tambahan, Ampang, Ampang Jaya Municipal Council, Hulu Langat, Selangor, 55300, Malaysia"
KG TASIK TAMBAHAN,BANDAR AMPANG,Hulu Langat,3.1252827,101.7703358,scheme,"Kampung Tasik Tambahan, Ampang, Ampang Jaya Municipal Council, Hulu Langat, Selangor, 55300, Malaysia"
KG TERAS JENANG,KAJANG,Hulu Langat,2.9226684,101.758123,road,"Jalan Ikhlas, Kampung Teras Jernang, Bangi Lama, Kajang Municipal Council, Hulu Langat, Selangor, 43000, Malaysia"
KG. BARU TG. SEPAT,BANDAR TANJUNG SEPAT,Kuala Langat,,,none,
KG. BARU TG. SEPAT,BATU (KUALA LANGAT),Kuala Langat,2.9190613,101.4770313,road,"Lorong Perak, Batu 9 Kebun Baru, Teluk Panglima Garang, Kuala Langat, Selangor, 42600, Malaysia"
KG. BERJUNTAI BESTARI,BATANG BERJUNTAI,Kuala Selangor,3.3906187,101.4169643,scheme,"Kampung Hang Tuah Off River Storage, Bestari Jaya, Kuala Selangor, Selangor, Malaysia"
KG. BUDIMAN,BUKIT RAJA,Petaling,3.1553091,101.4666888,scheme,"Kampung Budiman, Section U14, Shah Alam, Petaling, Selangor, 40710, Malaysia"
KG. BUKIT CERAKAH JAYA,BUKIT RAJA,Petaling,,,none,
KG. DELEK KANAN,KELANG,Klang,3.0372881,101.4007908,scheme,"Jalan Delek Kanan 51, Kampung Delek, Port Klang, Klang City, Klang, Selangor, 41250, Malaysia"
KG. KWAN TUNG BARU,KAJANG,Hulu Langat,2.9832972,101.777613,scheme,"Kampung Kwan Tung Baru, Kajang Municipal Council, Hulu Langat, Selangor, 43000, Malaysia"
KG. MELAYU BT. 7,KELANG,Klang,3.20027,101.7800033,scheme,"Kampung Sungai Sering, Ukay Perdana, Ulu Kelang, Ampang Jaya Municipal Council, Gombak, Selangor, Malaysia"
KG. MELAYU FRI,MUKIM BATU,Kuala Lumpur,,,none,
KG. MELAYU SUBANG TAMBAHAN,PEKAN BARU SUBANG,Petaling,3.1574767,101.5418828,scheme,"Kampung Melayu Subang Tambahan, Section U5, Shah Alam, Petaling, Selangor, Malaysia"
KG. MELAYU SUBANG TAMBAHAN,SUNGAI BULUH,Petaling,3.1574767,101.5418828,scheme,"Kampung Melayu Subang Tambahan, Section U5, Shah Alam, Petaling, Selangor, Malaysia"
KG. PENDAMAR,KELANG,Klang,2.9776798,101.4326307,scheme,"Kampung Pendamar, Port Klang, Klang City, Klang, Selangor, 41200, Malaysia"
KG.LOMBONG,TANJUNG 12,Kuala Langat,2.9686644,101.5760297,scheme,"Jalan Kampung Lombong, Kampung Jaya Sepakat, Kuala Langat, Selangor, 41700, Malaysia"
KG.MALAYSIA LOW COST FLAT,MUKIM PETALING,Kuala Lumpur,,,none,
KH VILLA HARTAMAS 9,MUKIM BATU,Kuala Lumpur,3.1661266,101.6562811,scheme,"KH Villa, Sri Hartamas, Taman Duta, Kuala Lumpur, Malaysia"
"KIAMBANG,MELUR,LILY&CENDANA TMN BKT SBG",BUKIT RAJA,Petaling,,,none,
KIARA 1888,MUKIM BATU,Kuala Lumpur,3.212779,101.6736915,scheme,"Kiara East Dex Suite, Kampung Medan Wira Utama, Kuala Lumpur, Malaysia"
KIARA 3,MUKIM BATU,Kuala Lumpur,3.212779,101.6736915,scheme,"Kiara East Dex Suite, Kampung Medan Wira Utama, Kuala Lumpur, Malaysia"
KIARA 9 RESIDENCY,MUKIM BATU,Kuala Lumpur,,,none,
KIARA GREEN TOWNHOUSE,MUKIM KUALA LUMPUR,Kuala Lumpur,,,none,
KIARA HILLS,MUKIM KUALA LUMPUR,Kuala Lumpur,3.1404447,101.644898,scheme,"Kiara Hills, Kuala Lumpur, Malaysia"
KIARA KASIH KONDOMINIUM,MUKIM BATU,Kuala Lumpur,,,none,
KIARA PARK CONDO,MUKIM KUALA LUMPUR,Kuala Lumpur,3.1542563,101.6265068,scheme,"Kiara Park Condo, Jalan Burhanuddin Helmi, Taman Tun Dr Ismail, Kuala Lumpur, 60000, Malaysia"
KIARA PARK CONDOMINIUM,MUKIM KUALA LUMPUR,Kuala Lumpur,,,none,
KIARA PEAK,MUKIM BATU,Kuala Lumpur,3.158462,101.6360029,scheme,"Bukit Kiara, Kuala Lumpur, 60000, Malaysia"
KIARA RESIDENCE BUKIT JALIL,MUKIM PETALING,Kuala Lumpur,3.0642232,101.6686025,scheme,"Kiara Residence, Overseas Union Garden, Kuala Lumpur, Malaysia"
KIARA RESIDENCE BUKIT JALIL 2,MUKIM PETALING,Kuala Lumpur,3.0642232,101.6686025,scheme,"Kiara Residence, Overseas Union Garden, Kuala Lumpur, Malaysia"
KIARA VIEW,MUKIM KUALA LUMPUR,Kuala Lumpur,3.1512221,101.6315162,scheme,"Kiara View Condominium, Taman Tun Dr Ismail, Kuala Lumpur, 60000, Malaysia"
"KIARA VIEW, SG. PENCHALA REZAB MELAYU",MUKIM KUALA LUMPUR,Kuala Lumpur,3.1623349,101.6421745,road,"Jalan Puncak Kiara Indah, Puncak Kiara, Sri Hartamas, Damansara Heights, Kuala Lumpur, 50480, Malaysia"
"KIARA VIEW, SUNGAI PENCHALA REZAB MELAYU",MUKIM KUALA LUMPUR,Kuala Lumpur,3.163097,101.643679,road,"Jalan Puncak Kiara 6, Puncak Kiara, Sri Hartamas, Damansara Heights, Kuala Lumpur, 50480, Malaysia"
KIARA VILLE,MUKIM BATU,Kuala Lumpur,,,none,
KIARAMAS AYURIA CONDO,MUKIM BATU,Kuala Lumpur,,,none,
KIARAMAS CENDANA,MUKIM BATU,Kuala Lumpur,3.1666774,101.6420788,scheme,"Kiaramas Cendana, Sri Hartamas, Kuala Lumpur, Malaysia"
KIARAMAS DANAI,MUKIM BATU,Kuala Lumpur,3.166072,101.6419816,scheme,"Kiaramas Danai, Sri Hartamas, Kuala Lumpur, Malaysia"
KIARAMAS SUTERA KONDOMINIUM,MUKIM BATU,Kuala Lumpur,,,none,
KINRARA APART-TMN KINRARA,PEKAN PUCHONG JAYA,Petaling,,,none,
KINRARA ARKED-TMN KINRARA JLN 1/11-1/11F,PEKAN PUCHONG JAYA,Petaling,,,none,
KINRARA COURT-PUSAT BANDAR PUCHONG,PETALING,Petaling,,,none,
KINRARA INDUSTRIAL PARK,PEKAN PUCHONG JAYA,Petaling,3.0621842,101.6338858,scheme,"Kinrara Industrial Park, Bukit Tandang, Puchong, Subang Jaya City Council, Petaling, Selangor, Malaysia"
KINRARA MAS,MUKIM PETALING,Kuala Lumpur,3.0607951,101.6495283,scheme,"Kinrara Mas Condominium, Kuala Lumpur, Malaysia"
KINRARA RESIDENCE-BDR KINRARA,PETALING,Petaling,3.0293731,101.6712527,road,"Jalan DU 4/8, DU 4, Taman Damai Utama, Seri Kembangan, Subang Jaya City Council, Petaling, Selangor, 47180, Malaysia"
KIPARK PUCHONG,DENGKIL,Sepang,,,none,
KIPARK SELAYANG,BANDAR SELAYANG,Gombak,3.2070134,101.6086729,scheme,"Mas Kipark Damansara, Persiaran KIP 2, Taman Wangsa Permai, Selayang Municipal Council, Gombak, Selangor, 47830, Malaysi"
KIRANA @ GAMUDA GARDENS,BANDAR KUNDANG,Gombak,,,none,
KIRANA CONDO,KUALA LUMPUR TOWN CENTRE,Kuala Lumpur,,,none,
KITA BAYU @ CYBERSOUTH,DENGKIL,Sepang,2.8733626,101.6498764,scheme,"KITA Bayu, KITA @ Cybersouth, Cybersouth City, Dengkil, Sepang, Selangor, Malaysia"
KITA HARMONI @ CYBERSOUTH,DENGKIL,Sepang,2.8782646,101.6496049,scheme,"KITA Harmoni, KITA @ Cybersouth, Cybersouth City, Dengkil, Sepang, Selangor, Malaysia"
KITA MEKAR @ CYBERSOUTH,DENGKIL,Sepang,2.867016,101.652391,scheme,"KITA Mekar, KITA @ Cybersouth, Cybersouth City, Dengkil, Sepang, Selangor, Malaysia"
KLANG REGENCY CONDOMINIUM,KAPAR,Klang,,,none,
KM 1 BUKIT JALIL,MUKIM PETALING,Kuala Lumpur,3.055142,101.6594246,scheme,"Jalan Bukit Jalil Indah 1, Bandar Kinrara, Kuala Lumpur, Petaling, Selangor, 47180, Malaysia"
KOI KINRARA-BDR PUCHONG JAYA,PEKAN PUCHONG JAYA,Petaling,,,none,
KOI LEGIAN KONDOMINIUM-SEK.5 TMN KINRARA,PEKAN PUCHONG JAYA,Petaling,,,none,
KOI PRIMA,TANJUNG 12,Kuala Langat,2.9754339,101.5774119,scheme,"KOI Prima, Kuala Langat, Selangor, Malaysia"
KOI TROPIKA CONDOMINIUM-PUCHONG,PETALING,Petaling,3.0087364,101.616523,scheme,"Koi Tropika Condominium, Puchong Perdana, Puchong, Subang Jaya City Council, Petaling, Selangor, 47100, Malaysia"
KOMPLEKS UDARAMA,KUALA LUMPUR TOWN CENTRE,Kuala Lumpur,,,none,
KOMUTER RAYA APART-SEK.19 S.ALAM,BANDAR SHAH ALAM,Petaling,,,none,
KONDO IDAMAN CHENG HUA,KELANG,Klang,,,none,
KONDO MENARA D'SARA-BDR BARU SRI D'SARA,BDR SRI DAMANSARA,Petaling,,,none,
KONDO MENARA D'SARA-BDR BARU SRI D'SARA,SUNGAI BULUH,Petaling,,,none,
KONDO PARK AVENUE PJS 1,BDR PETALING JAYA SELATAN,Petaling,,,none,
KONDO VILLA PANTAI,MUKIM KUALA LUMPUR,Kuala Lumpur,3.1033152,101.6624186,road,"Jalan Pantai Murni 8, Pantai Dalam, Kuala Lumpur, 59200, Malaysia"
KONDOMINIUM 28 DUTAMAS,MUKIM BATU,Kuala Lumpur,,,none,
KONDOMINIUM BKT UTAMA-CHANGKAT BKT UTAMA,BANDAR PETALING JAYA,Petaling,,,none,
KONDOMINIUM CASA GREEN,PEKAN CHERAS,Hulu Langat,,,none,
"KONDOMINIUM CYPRESS, BDR SG LONG",BANDAR CHERAS,Hulu Langat,,,none,
KONDOMINIUM DESA IMPIANA-PUCONG PRIMA,PEKAN PUCHONG PERDANA,Petaling,,,none,
KONDOMINIUM DINASTI KLANG,BANDAR KELANG,Klang,,,none,
KONDOMINIUM DUA MANJALARA,MUKIM BATU,Kuala Lumpur,,,none,
"KONDOMINIUM FLORA GREEN, BDR SG LONG",BANDAR CHERAS,Hulu Langat,3.0410913,101.7949561,scheme,"Flora Green Condominium, Bandar Mahkota Cheras, Kajang Municipal Council, Hulu Langat, Selangor, 43000, Malaysia"
"KONDOMINIUM GREEN ACRE, BDR SG LONG",BANDAR CHERAS,Hulu Langat,3.0471961,101.8049586,scheme,"Green Acre Park Condominium, Bandar Mahkota Cheras, Kajang Municipal Council, Hulu Langat, Selangor, 43000, Malaysia"
KONDOMINIUM KOJAYA,BANDAR AMPANG,Hulu Langat,,,none,
KONDOMINIUM KRISTAL-SEK. 7 SHAH ALAM,BANDAR SHAH ALAM,Petaling,,,none,
KONDOMINIUM MULBERI,MUKIM BATU,Kuala Lumpur,3.1907144,101.64973,scheme,"Mulberi Condominium, Segambut, Kepong, Kuala Lumpur, Malaysia"
KONDOMINIUM NOBLETON CREST,KUALA LUMPUR TOWN CENTRE,Kuala Lumpur,,,none,
KONDOMINIUM PANTAI ESTET,MUKIM BATU,Kuala Lumpur,,,none,
KONDOMINIUM PANTAI ESTET,MUKIM KUALA LUMPUR,Kuala Lumpur,,,none,
KONDOMINIUM PUNCAK 7-SEK.7 SHAH ALAM,BANDAR SHAH ALAM,Petaling,,,none,
KONDOMINIUM RAFFLESIA - PHASE 3,KUALA LUMPUR TOWN CENTRE,Kuala Lumpur,3.1828972,101.6973774,scheme,"Kondominium Rafflesia, 2, Kampung Chubadak Hilir, Kuala Lumpur, Malaysia"
KONDOMINIUM RIANA SELATAN,MUKIM PETALING,Kuala Lumpur,,,none,
KONDOMINIUM RIMBUN,KUALA LUMPUR TOWN CENTRE,Kuala Lumpur,,,none,
KONDOMINIUM SERDANG VILLA-BKT SERDANG,PETALING,Petaling,,,none,
KONDOMINIUM SRI HIJAUAN-SEK.26 SHAH ALAM,PEKAN HICOM,Petaling,,,none,
KONDOMINIUM SRI ISTANA (PALACE COURT),MUKIM PETALING,Kuala Lumpur,,,none,
KONG LOCK MANSION,KUALA LUMPUR TOWN CENTRE,Kuala Lumpur,,,none,
KOTA BAYUEMAS,KELANG,Klang,2.9776711,101.4581513,scheme,"Kota Bayu Emas (Timur), Jalan Klang Banting, Bayuemas, Klang City, Klang, Selangor, 41200, Malaysia"
KOTA BIDARI (BANDAR COUNTRY HOMES),BANDAR KUNDANG,Gombak,,,none,
KOTA EMERALD,BANDAR KUNDANG,Gombak,3.3247604,101.5498319,scheme,"Kota Emerald, Rawang, Selayang Municipal Council, Gombak, Selangor, 48000, Malaysia"
KOTA EMERALD,BANDAR RAWANG,Gombak,3.3305229,101.5418921,scheme,"Jalan Kota Emerald 8/1F, Kota Emerald, Rawang, Selayang Municipal Council, Gombak, Selangor, 48000, Malaysia"
KOTA EMERALD,RAWANG,Gombak,3.3247604,101.5498319,scheme,"Kota Emerald, Rawang, Selayang Municipal Council, Gombak, Selangor, 48000, Malaysia"
KOTA KEMUNING,KELANG,Klang,3.0048977,101.5359803,scheme,"Kota Kemuning, Section 31, Shah Alam, Klang, Selangor, Malaysia"
KOTA PUTERI BANDAR BARU BT ARANG,BANDAR BATU ARANG,Gombak,,,none,
KOTA WARISAN,DENGKIL,Sepang,2.8210333,101.7001052,scheme,"Kota Warisan, Sepang, Selangor, Malaysia"
KOTA WARISAN,LABU,Sepang,2.8210333,101.7001052,scheme,"Kota Warisan, Sepang, Selangor, Malaysia"
KOTA WARISAN SELAYANG BAHAGIA,BANDAR SELAYANG,Gombak,,,none,
KRISTAL COURT,KUALA LUMPUR TOWN CENTRE,Kuala Lumpur,,,none,
KRISTAL HEIGHT,BANDAR SELAYANG,Gombak,,,none,
KRISTAL HEIGHT,SETAPAK,Gombak,,,none,
KRISTAL HEIGHT-SEK 7 SHAH ALAM,BANDAR SHAH ALAM,Petaling,,,none,
"KRISTAL VIEW, SEKSYEN 7 SHAH ALAM",BANDAR SHAH ALAM,Petaling,3.0708879,101.4805377,scheme,"Kristal View Apartment, Section 7, Shah Alam, Petaling, Selangor, Malaysia"
"KRISTANA, SERI PRISTANA",IJOK,Kuala Selangor,3.2143957,101.47062,scheme,"Pangsapuri Kristana, Jalan SP 6/10, Seri Pristana, Bandar Hillpark, Kuala Selangor, Selangor, 42300, Malaysia"
KS BOTANIC,PEKAN PASIR PENAMBANG,Kuala Selangor,3.3555874,101.2542902,scheme,"KS Botanic, Pasir Penambang, Kuala Selangor, Selangor, Malaysia"
KS BOTANIC (TMN SERI PENAMBANG),PEKAN PASIR PENAMBANG,Kuala Selangor,3.3555874,101.2542902,scheme,"KS Botanic, Pasir Penambang, Kuala Selangor, Selangor, Malaysia"
KUCHAI BREM PARK,MUKIM PETALING,Kuala Lumpur,3.0870364,101.6873675,scheme,"Kuchai Brem Park 1 Condominium, Kuchai Lama, Kuala Lumpur, Malaysia"
KUCHAI DAMAI (RESIDENSI SPRING AVENUE),MUKIM PETALING,Kuala Lumpur,3.0868728,101.6913471,scheme,"Klinik Kuchai Avenue, Jalan 9/116B, Kuchai Entrepreneurs Park, Kuchai Lama, Kuala Lumpur, 58100, Malaysia"
KUCHAI ENTREPRENEURS PARK,MUKIM PETALING,Kuala Lumpur,3.0875302,101.6913509,scheme,"Kuchai Entrepreneurs Park, Kuchai Lama, Kuala Lumpur, Malaysia"
KUCHAI GARDEN,MUKIM PETALING,Kuala Lumpur,3.0767866,101.6800631,scheme,"POS MALAYSIA, Jalan Perisa 2, Taman Bukit Indah, Overseas Union Garden, Kuala Lumpur, 58200, Malaysia"
KUCHAI SENTRAL,MUKIM PETALING,Kuala Lumpur,3.0895015,101.6845792,scheme,"Kuchai Sentral, Kuchai Lama, Kuala Lumpur, Malaysia"
KUNDANG ESTATE,BANDAR KUNDANG,Gombak,,,none,
KUNDANG ESTATE,RAWANG,Gombak,,,none,
KUNDANG JAYA,BANDAR KUNDANG,Gombak,3.2864869,101.5217031,scheme,"Kundang Jaya Kolam, Kundang, Kuang, Selayang Municipal Council, Gombak, Selangor, Malaysia"
KYK HEIGHTS,PEKAN KAJANG,Hulu Langat,3.0182278,101.7312168,scheme,"KYK Heights, Balakong, Cheras, Kajang Municipal Council, Hulu Langat, Selangor, 43300, Malaysia"
KYOTO GARDENS (BUKIT ANTARABANGSA),BANDAR HULU KELANG,Gombak,,,none,
"LA COSTA CONDOMINIUM,SUNWAY SOUTH QUAY",BDR SUNWAY,Petaling,,,none,
LA GRANDE KIARA,MUKIM BATU,Kuala Lumpur,3.1748107,101.6580513,scheme,"La Grande Kiara, Mont Kiara, Kuala Lumpur, Malaysia"
LA THEA RESIDENCES @ 16 SIERRA,DENGKIL,Sepang,2.9727374,101.6551676,scheme,"La Thea Residences, 16 Sierra, Kampung Pulau Meranti, Sepang, Selangor, Malaysia"
LA VILLAS,MUKIM SETAPAK,Kuala Lumpur,3.206079,101.7057653,scheme,"La Villas Condominium, Kampung Sungai Merali, Kampung Padang Balang, Kuala Lumpur, Malaysia"
LA VISTA CONDOMINIUM - BDR PCHG JAYA,PEKAN KINRARA,Petaling,,,none,
LAGENDA DAMANSARA CONDOMINIUM,MUKIM KUALA LUMPUR,Kuala Lumpur,,,none,
LAGENDA MAS VILLA,MUKIM BATU,Kuala Lumpur,3.1993988,101.6719283,scheme,"Lagenda Mas Villa, 156, Batu, Kuala Lumpur, Malaysia"
LAGOON PERDANA APARTMENT-BDR SUNWAY,PEKAN PENAGA,Petaling,,,none,
LAGOON PERDANA APARTMENT-BDR SUNWAY,PEKAN SERDANG,Petaling,,,none,
LAGOON VIEW RESORT -PJS 11 BDR SUNWAY,BDR SUNWAY,Petaling,,,none,
"LAGUNA BIRU, TASIK BIRU",PEKAN PENGKALAN KUNDANG,Gombak,3.2473047,101.5222404,scheme,"KEDAI RUNCIT LB2, E-0-2, Residensi Laguna Biru 2, Taman Tasik Biru, Jalan Tasik Biru 2, Taman Tasik Biru, Kampung Setia,"
"LAGUNA PARK, PULAU INDAH",KELANG,Klang,,,none,
LAKE FRONT VILLA@CYBERJAYA,BANDAR CYBERJAYA,Sepang,,,none,
LAKE POINT RESIDENCE,BANDAR CYBERJAYA,Sepang,2.9288891,101.6347076,scheme,"Lake Point Residence, Cyber 11, Cyberjaya, Sepang, Selangor, Malaysia"
LAKE VISTA RESIDENCE (BTHO),BANDAR CHERAS,Hulu Langat,,,none,
LAKEFRONT RESIDENCE @ CYBERJAYA,BANDAR CYBERJAYA,Sepang,2.9323204,101.63053,scheme,"Lakefront Residence, Cyber 11, Cyberjaya, Sepang, Selangor, 63000, Malaysia"
LAKEFRONT RESIDENCE @ CYBERJAYA,DENGKIL,Sepang,2.9323204,101.63053,scheme,"Lakefront Residence, Cyber 11, Cyberjaya, Sepang, Selangor, 63000, Malaysia"
LAKES CONDOMINIUM,KELANG,Klang,,,none,
LAKSAMANA JAYA,BANDAR SELAYANG,Gombak,3.245899,101.679643,scheme,"Jalan Laksamana Jaya, Kampung Laksamana, Batu Caves, Selayang Municipal Council, Gombak, Selangor, 68100, Malaysia"
LAKSAMANA PURI,BANDAR SELAYANG,Gombak,3.244626,101.6783253,scheme,"Laksamana Puri Condominium, Jalan Laksamana 6, Kampung Dato Karim, Kampung Laksamana, Batu Caves, Selayang Municipal Cou"
LAMAN ASPIRASI (BANTING),PEKAN TELOK DATUK,Kuala Langat,2.813107,101.5326038,scheme,"Laman Aspirasi, Teluk Datok, Kuala Langat, Selangor, Malaysia"
LAMAN BAIDURI - SUBANG JAYA,BDR SUNWAY,Petaling,3.079927,101.6018803,scheme,"Laman Baiduri, Persiaran Wangsa Baiduri, Taman Wangsa Baiduri, SS 12, Pusat Bandar Subang Jaya, Subang Jaya City Council"
LAMAN BAYU,MUKIM BATU,Kuala Lumpur,3.1810637,101.6479821,scheme,"Laman Bayu, Segambut, Kepong, Kuala Lumpur, Malaysia"
LAMAN BAYU @ BUKIT JALIL,MUKIM PETALING,Kuala Lumpur,3.0729887,101.6906194,road,"Jalan Sri Petaling 14, Zone F, Sri Petaling, Kuala Lumpur, 57000, Malaysia"
LAMAN BUKIT RAYA,HULU LANGAT,Hulu Langat,,,none,
LAMAN DAMAI KEPONG (LI GARDEN APARTMENT),MUKIM BATU,Kuala Lumpur,3.2101681,101.6379206,scheme,"Laman Damai, Taman Kepong, Kepong, Kuala Lumpur, 52100, Malaysia"
LAMAN DAMAISARI,MUKIM BATU,Kuala Lumpur,3.1802054,101.6522478,scheme,"Laman Damaisari, Segambut, Kepong, Kuala Lumpur, Malaysia"
LAMAN HARIS @ ECO GRANDEUR,IJOK,Kuala Selangor,,,none,
"LAMAN IMPIAN, BDR BOTANIC",KELANG,Klang,2.9958694,101.4603434,scheme,"Laman Impian Bandar Botanik, Ambang Botanic 2, Bandar Botanic, Klang City, Klang, Selangor, Malaysia"
LAMAN KEHIJAUAN @ D'LAMAN GREENVILLE,KELANG,Klang,,,none,
LAMAN KELUBI,BERANANG,Hulu Langat,2.8788766,101.8667346,road,"Jalan Sesapan Kelubi, Kampung Paya Tanjung, Beranang, Kajang Municipal Council, Hulu Langat, Selangor, 43700, Malaysia"
LAMAN MIDAH,MUKIM KUALA LUMPUR,Kuala Lumpur,,,none,
LAMAN RESIDENCE,MUKIM BATU,Kuala Lumpur,,,none,
LAMAN RIMBUNAN,MUKIM BATU,Kuala Lumpur,3.2161717,101.6500605,scheme,"Laman Rimbunan, Kepong, Kuala Lumpur, Malaysia"
LAMAN SCENARIA KIARA,MUKIM BATU,Kuala Lumpur,3.2052195,101.673872,road,"Kuarters Jalan Ipoh Jabatan Perhutanan Semenanjung Malaysia, 18, Batu, Kuala Lumpur, Malaysia"
LAMAN SERENE MONT KIARA,MUKIM BATU,Kuala Lumpur,3.1697546,101.6365636,scheme,"Jalan Laman Kiara 3, Serene Mont' Kiara, Palimbayan, Kuala Lumpur, 52200, Malaysia"
LAMAN SERI CAHAYA,CHERAS,Hulu Langat,3.044203,101.7450067,road,"Jalan Cahaya 3, Park Residency Cheras, Bandar Damai Perdana, Cheras, Kajang Municipal Council, Hulu Langat, Selangor, 43"
LAMAN SETIAKASIH 8,MUKIM KUALA LUMPUR,Kuala Lumpur,3.1514845,101.6460117,scheme,"Laman Setiakasih 8, Damansara Heights, Kuala Lumpur, Malaysia"
LAMAN SURIA,MUKIM BATU,Kuala Lumpur,3.1688127,101.6500524,scheme,"Laman Suria, 13, Mont Kiara, Kuala Lumpur, 50480, Malaysia"
LAMAN SUTERA @ BUKIT LANCHONG,BUKIT RAJA,Petaling,,,none,
"LAMAN VIEW, CYBERJAYA",BANDAR CYBERJAYA,Sepang,2.9019988,101.6427247,scheme,"Laman View, Cyber 9, Cyberjaya, Sepang, Selangor, 63000, Malaysia"
"LAMAN VIEW, CYBERJAYA",DENGKIL,Sepang,2.9019988,101.6427247,scheme,"Laman View, Cyber 9, Cyberjaya, Sepang, Selangor, 63000, Malaysia"
LAMAN VILA,MUKIM BATU,Kuala Lumpur,3.1787546,101.6485709,scheme,"Laman Vila, Jalan Prima Pelangi 6, Taman Prima Pelangi, Segambut, Kepong, Kuala Lumpur, 50480, Malaysia"
LAMAN VILLA,KAPAR,Klang,3.0666218,101.45559,scheme,"Laman Villa, Klang City, Klang, Selangor, Malaysia"
LANAI KIARA,MUKIM BATU,Kuala Lumpur,3.1655137,101.6494207,scheme,"Lanai Kiara, Mont Kiara, Kuala Lumpur, Malaysia"
LANAI KIARA,MUKIM PETALING,Kuala Lumpur,3.1655137,101.6494207,scheme,"Lanai Kiara, Mont Kiara, Kuala Lumpur, Malaysia"
LANGAT JAYA CONDOMINIUM,CHERAS,Hulu Langat,,,none,
LANGAT JAYA CONDOMINIUM,HULU LANGAT,Hulu Langat,,,none,
LANGKAWI APERTMENT,MUKIM SETAPAK,Kuala Lumpur,,,none,
LAUREL APT,MUKIM PETALING,Kuala Lumpur,,,none,
LAVENDER PARK,HULU LANGAT,Hulu Langat,3.0762322,101.7791674,road,"Jalan Kemacahaya 6, Taman Kemacahaya, Kampung Melaka, Cheras, Kajang Municipal Council, Hulu Langat, Selangor, 43200, Ma"
LBS ALAM PERDANA,IJOK,Kuala Selangor,3.2440248,101.4665971,scheme,"LBS Alam Perdana, Bandar Puncak Alam, Kuala Selangor, Selangor, 42300, Malaysia"
LE CHATEAU,KUALA LUMPUR TOWN CENTRE,Kuala Lumpur,3.1222347,101.6914058,scheme,"Le Chateau 2, Seputeh, Kuala Lumpur, Malaysia"
LE CHATEAU,MUKIM KUALA LUMPUR,Kuala Lumpur,3.1222347,101.6914058,scheme,"Le Chateau 2, Seputeh, Kuala Lumpur, Malaysia"
LE YUAN RESIDENCE,MUKIM PETALING,Kuala Lumpur,3.0794991,101.6894481,scheme,"Le Yuan Residence, Kuchai Lama, Kuala Lumpur, Malaysia"
LEGASI KAMPUNG BHARU,KUALA LUMPUR TOWN CENTRE,Kuala Lumpur,3.1621502,101.7062646,scheme,"Legasi Kampong Bharu, Kampung Paya, Kampung Bharu, Kuala Lumpur, Malaysia"
LEGASI KG BHARU,KUALA LUMPUR TOWN CENTRE,Kuala Lumpur,3.1621502,101.7062646,scheme,"Legasi Kampong Bharu, Kampung Paya, Kampung Bharu, Kuala Lumpur, Malaysia"
LEMBAH KERAMAT (AU5C & AU5D),BANDAR HULU KELANG,Gombak,3.1999506,101.7551507,scheme,"Tanah Perkuburan Lembah Keramat, Bukit Antarabangsa, Ulu Kelang, Ampang Jaya Municipal Council, Gombak, Selangor, Malays"
LEMBAH KERAMAT (AU5C & AU5D),HULU KLANG,Gombak,3.1999506,101.7551507,scheme,"Tanah Perkuburan Lembah Keramat, Bukit Antarabangsa, Ulu Kelang, Ampang Jaya Municipal Council, Gombak, Selangor, Malays"
LENA RESIDENCE,KELANG,Klang,,,none,
LESTARI APARTMENT,MUKIM KUALA LUMPUR,Kuala Lumpur,,,none,
LI VILLAS KONDOMINIUM - SEK. 16 PJ,BANDAR PETALING JAYA,Petaling,,,none,
LIDO RESIDENCY,MUKIM KUALA LUMPUR,Kuala Lumpur,3.1098026,101.7276703,scheme,"Lido Residency, Bandar Sri Permaisuri, Cheras, Kuala Lumpur, Malaysia"
"LILY APARTMENT, SAUJANA UTAMA",IJOK,Kuala Selangor,,,none,
LINGKUNGAN U-THANT,MUKIM AMPANG,Kuala Lumpur,3.1505973,101.7340442,scheme,"Lingkungan U-Thant, Taman U-Thant, Ampang Hilir, Kampung Pandan, Kuala Lumpur, 55000, Malaysia"
LIVIA RESIDENCES,CHERAS,Hulu Langat,,,none,
LOGING HEIGHTS,MUKIM SETAPAK,Kuala Lumpur,,,none,
LORONG HAJI TAIB,KUALA LUMPUR TOWN CENTRE,Kuala Lumpur,3.1642609,101.6974902,scheme,"Lorong Haji Taib, Chow Kit, Kampung Cendana, Kuala Lumpur, 50300, Malaysia"
LORONG MANGGIS,KUALA LUMPUR TOWN CENTRE,Kuala Lumpur,3.1771892,101.6826887,scheme,"Lorong Manggis, Kampung Kasipillay, Kuala Lumpur, 51000, Malaysia"
LORONG MERANTI,KUALA LUMPUR TOWN CENTRE,Kuala Lumpur,3.1382936,101.7065028,scheme,"Lorong Meranti, Bukit Bintang, Kuala Lumpur, 55200, Malaysia"
LORONG SYED PUTRA KIRI,KUALA LUMPUR TOWN CENTRE,Kuala Lumpur,3.1230904,101.6898185,scheme,"Lorong Syed Putra Kiri, Seputeh, Kuala Lumpur, 50470, Malaysia"
LOT GANTIAN BANJIR,BATU,Gombak,3.2670733,101.6792502,road,"Jalan Jasa Utama, Taman Jasa Utama, Batu Caves, Selayang Municipal Council, Gombak, Selangor, 68100, Malaysia"
LUCKY GARDEN  (JALAN PUCHONG),MUKIM PETALING,Kuala Lumpur,3.1267768,101.6705397,scheme,"Lucky Garden, Bangsar, Kuala Lumpur, 59100, Malaysia"
LUCKY GARDEN  (JLN BANGSAR),MUKIM KUALA LUMPUR,Kuala Lumpur,3.1267768,101.6705397,scheme,"Lucky Garden, Bangsar, Kuala Lumpur, 59100, Malaysia"
LUCKY GARDEN  (JLN PUCHONG),MUKIM PETALING,Kuala Lumpur,3.1267768,101.6705397,scheme,"Lucky Garden, Bangsar, Kuala Lumpur, 59100, Malaysia"
LUCKY GARDEN (JLN BANGSAR),MUKIM KUALA LUMPUR,Kuala Lumpur,3.1267768,101.6705397,scheme,"Lucky Garden, Bangsar, Kuala Lumpur, 59100, Malaysia"
LUMAYAN APARTMENT,MUKIM KUALA LUMPUR,Kuala Lumpur,,,none,
LUMINA KIARA,MUKIM BATU,Kuala Lumpur,3.1748212,101.6566681,scheme,"Lumina Kiara, Mont Kiara, Kuala Lumpur, Malaysia"
M ARUNA,RAWANG,Gombak,3.3405023,101.519541,scheme,"Jalan Aruna Utama, Saujana Rawang, Bandar Country Homes, Selayang Municipal Council, Gombak, Selangor, 48000, Malaysia"
M CENTURA,MUKIM SETAPAK,Kuala Lumpur,3.2037867,101.6903341,scheme,"M Centura, Kampung Chubadak Hulu, Kampung Padang Balang, Kuala Lumpur, Malaysia"
M RESIDENCE 2,BANDAR KUNDANG,Gombak,3.3050045,101.5056739,scheme,"M Residence 2, Selayang Municipal Council, Gombak, Selangor, 48020, Malaysia"
M RESIDENCE 2,RAWANG,Gombak,3.3050045,101.5056739,scheme,"M Residence 2, Selayang Municipal Council, Gombak, Selangor, 48020, Malaysia"
M RESIDENCE RAWANG,BANDAR KUNDANG,Gombak,3.3150235,101.5038481,scheme,"M Residence @ Rawang, Jalan Tasik Puteri, Selayang Municipal Council, Gombak, Selangor, 48020, Malaysia"
M RESIDENCE RAWANG,RAWANG,Gombak,3.3416443,101.5453174,scheme,"Templer Residence, Kota Emerald, Rawang, Selayang Municipal Council, Gombak, Selangor, Malaysia"
M SENYUM SALAK TINGGI,BANDAR CYBERJAYA,Sepang,2.8226826,101.7281485,scheme,"M Senyum, Bandar Baru Salak Tinggi, Sepang, Selangor, Malaysia"
M SENYUM SALAK TINGGI,BARU BARU SALAK TINGGI,Sepang,2.8226826,101.7281485,scheme,"M Senyum, Bandar Baru Salak Tinggi, Sepang, Selangor, Malaysia"
M SENYUM SALAK TINGGI,DENGKIL,Sepang,2.8226826,101.7281485,scheme,"M Senyum, Bandar Baru Salak Tinggi, Sepang, Selangor, Malaysia"
M1 RESIDENCE @ TAMAN KERUING,DENGKIL,Sepang,,,none,
MADGE MANSIONS,KUALA LUMPUR TOWN CENTRE,Kuala Lumpur,3.1579396,101.7269526,scheme,"Madge Mansions, 15, Kampung Datuk Keramat, Kuala Lumpur, Malaysia"
MADGE RESIDENCES,KUALA LUMPUR TOWN CENTRE,Kuala Lumpur,3.1574611,101.7285352,scheme,"Madge Residences, 15, Kampung Datuk Keramat, Kuala Lumpur, Malaysia"
MADGE RESIDENCES,MUKIM PETALING,Kuala Lumpur,3.1574611,101.7285352,scheme,"Madge Residences, 15, Kampung Datuk Keramat, Kuala Lumpur, Malaysia"
MADU MAS,MUKIM SETAPAK,Kuala Lumpur,3.1883712,101.7140127,scheme,"Madu Mas Apartments, Jalan Ayer Madu, Setapak, Kuala Lumpur, 53200, Malaysia"
MAGNA VILLE,BANDAR SELAYANG,Gombak,3.2438483,101.6528258,scheme,"Magna Ville Condominium, Lebuhraya Selayang Kepong, Taman Sri Melati, Batu Caves, Selayang Municipal Council, Gombak, Se"
MAHASA VILLA  APARTMENT,MUKIM SETAPAK,Kuala Lumpur,,,none,
MAHKOTA HILLS,CHERAS,Hulu Langat,3.0429447,101.781897,scheme,"Jalan Mahkota Hills 1, Cheras, Kajang Municipal Council, Hulu Langat, Selangor, 43000, Malaysia"
MAHSURI APARTMENT,MUKIM SETAPAK,Kuala Lumpur,3.181063,101.7429064,scheme,"Mahsuri Apartment, Persiaran Setiawangsa, Setiawangsa, Kuala Lumpur, 54200, Malaysia"
MALAYAN MANSION,KUALA LUMPUR TOWN CENTRE,Kuala Lumpur,3.1521037,101.6966609,scheme,"Malayan Mansion, Jalan Masjid India, Kampung Cendana, Kuala Lumpur, 50100, Malaysia"
MANDA'RINA COURT,MUKIM PETALING,Kuala Lumpur,,,none,
MANDY COURT,MUKIM BATU,Kuala Lumpur,,,none,
MANDY VILLA,MUKIM BATU,Kuala Lumpur,3.1852463,101.6571982,scheme,"Mandy Villa (Opp), Jalan Segambut, Kampung Segambut Bahagia, Segambut, Kepong, Kuala Lumpur, 52000, Malaysia"
MANJA COURT-PJS 3,BDR PETALING JAYA SELATAN,Petaling,3.0737104,101.6493184,scheme,"My Mydin, Sri Manja Court, PJS 3, Petaling Jaya South, Petaling Jaya, Petaling, Selangor, 46990, Malaysia"
MANOR APARTMENT,MUKIM AMPANG,Kuala Lumpur,3.1292337,101.733615,scheme,"Manor M4 Apartment, Maluri, Cheras, Kuala Lumpur, Malaysia"
MAS KIARA CONDOMINIUM,MUKIM KUALA LUMPUR,Kuala Lumpur,,,none,
MASERA BUKIT SEGAR,MUKIM KUALA LUMPUR,Kuala Lumpur,3.0908878,101.7465734,road,"Jalan Bukit Segar 3, Bukit Segar, Cheras, Kuala Lumpur, 56100, Malaysia"
MATANG PAGAR,RAWANG,Gombak,3.2330699,101.5830016,scheme,"Bukit Matang Pagar, Selayang Municipal Council, Gombak, Selangor, 47830, Malaysia"
MAXWELL TOWER CONDOMINIUM-SEK.5 P.JAYA,BANDAR PETALING JAYA,Petaling,,,none,
MAYANG COURT,KUALA LUMPUR TOWN CENTRE,Kuala Lumpur,3.1602254,101.7142041,scheme,"Mayang Court Kondominium, Kampung Paya, Bukit Bintang, Kuala Lumpur, Malaysia"
"MAYANG COURT-SS25 P,JAYA",BANDAR PETALING JAYA,Petaling,,,none,
MEADOW PARK,MUKIM PETALING,Kuala Lumpur,3.0844954,101.6786707,scheme,"Meadow Park 2, Kuchai Lama, Kuala Lumpur, Malaysia"
MEDAN BATU CAVES,BANDAR SELAYANG,Gombak,3.2570001,101.6531273,scheme,"Medan Selera, Persiaran 1, Puncak Templer, Bandar Baru Selayang, Batu Caves, Selayang Municipal Council, Gombak, Selango"
MEDAN BATU CAVES,BATU,Gombak,3.2342617,101.6747708,scheme,"Jalan Medan Batu Caves 3, Taman Amaniah, Kampung Indian Settlement Batu Caves, Batu Caves, Selayang Municipal Council, G"
MEDAN BATU CAVES,PEKAN BATU CAVES,Gombak,3.2342617,101.6747708,scheme,"Jalan Medan Batu Caves 3, Taman Amaniah, Kampung Indian Settlement Batu Caves, Batu Caves, Selayang Municipal Council, G"
MEDAN IDAMAN,MUKIM SETAPAK,Kuala Lumpur,3.2123525,101.7101353,scheme,"Pos Malaysia Gombak, Jalan Jernai 6, Taman Medan Idaman, Kampung Lee Kong Chian, Kampung Padang Balang, Kuala Lumpur, 53"
MEDAN INTAN APT,MUKIM SETAPAK,Kuala Lumpur,,,none,
MEDAN PUTRA CONDOMINIUM,MUKIM BATU,Kuala Lumpur,3.1937495,101.6239631,scheme,"Medan Putra Condominium, Menjalara City, Kepong, Kuala Lumpur, 52200, Malaysia"
MEGAN SETAPAK,MUKIM SETAPAK,Kuala Lumpur,3.1941211,101.7298287,scheme,"Jalan Megan Setapak 1, Taman Setapak Jaya, Wangsa Maju, Kuala Lumpur, 53300, Malaysia"
MELATI & TERATAI- TMN BKT SUBANG,BUKIT RAJA,Petaling,,,none,
MELATI IMPIAN,MUKIM SETAPAK,Kuala Lumpur,3.2189543,101.7186633,scheme,"Dewan Serbaguna Taman Melati Impian, Jalan Madrasah, Gombak Setia, Gombak, Kuala Lumpur, Gombak, Selangor, 53100, Malays"
MELATI INDAH / DESA MELAWATI,HULU KLANG,Gombak,,,none,
"MELATI,CEMPAKA,SEROJA,TANJUNG&KEMBOJA-",PEKAN PUCHONG PERDANA,Petaling,,,none,
MELAWATI APARTMENT (TMN SAUJANA PERMAI),SUNGAI BULUH,Petaling,,,none,
MELODI PERDANA (ALAM PERDANA),IJOK,Kuala Selangor,,,none,
MENARA ALPHA,MUKIM SETAPAK,Kuala Lumpur,3.2077402,101.735894,scheme,"Menara Alpha Condominiums, Wangsa Maju, Hulu Kelang, Kuala Lumpur, Malaysia"
MENARA ANTARA,KUALA LUMPUR TOWN CENTRE,Kuala Lumpur,3.1496471,101.7041519,scheme,"Menara Antara, 11, Bukit Bintang, Kuala Lumpur, 50200, Malaysia"
MENARA BAKTI - SEK.14 PETALING JAYA,BANDAR PETALING JAYA,Petaling,,,none,
MENARA BANGSAR,MUKIM KUALA LUMPUR,Kuala Lumpur,3.1432186,101.6638973,scheme,"Menara Bangsar, Bangsar, Kuala Lumpur, Malaysia"
MENARA BELFIELD,KUALA LUMPUR TOWN CENTRE,Kuala Lumpur,3.1364431,101.700418,scheme,"Menara Belfield, Lorong Talalla, Kampung Attap, Bukit Bintang, Kuala Lumpur, 50118, Malaysia"
MENARA BINJAI,KUALA LUMPUR TOWN CENTRE,Kuala Lumpur,3.1594077,101.7188461,scheme,"Menara Binjai, 2, Jalan Binjai, Kampung Datuk Keramat, Kuala Lumpur, 50450, Malaysia"
MENARA BUKIT CEYLON,KUALA LUMPUR TOWN CENTRE,Kuala Lumpur,3.1477803,101.706398,scheme,"Menara Bukit Ceylon, 2, Bukit Bintang, Kuala Lumpur, 50200, Malaysia"
MENARA CASA  RIA,MUKIM AMPANG,Kuala Lumpur,,,none,
MENARA CITY ONE,KUALA LUMPUR TOWN CENTRE,Kuala Lumpur,3.1915518,101.6272405,scheme,"Menara Menjalara Condominium, Menjalara City, Kepong, Kuala Lumpur, 52200, Malaysia"
MENARA DUTA I CONDO (MENARA DUTA 1 ),MUKIM BATU,Kuala Lumpur,,,none,
MENARA DUTA II CONDO (MENARA DUTA 2),MUKIM BATU,Kuala Lumpur,,,none,
MENARA HARTAMAS,MUKIM KUALA LUMPUR,Kuala Lumpur,3.1616804,101.6549485,scheme,"Menara Hartamas, Sri Hartamas, Kuala Lumpur, 50480, Malaysia"
MENARA JAYA KONDOMINIUM-SEK.14 P.JAYA,BANDAR PETALING JAYA,Petaling,,,none,
MENARA KENANGA,KUALA LUMPUR TOWN CENTRE,Kuala Lumpur,3.1838093,101.7546046,scheme,"Menara Kenanga, Jalan 15/56, Setiawangsa, Kuala Lumpur, 54200, Malaysia"
MENARA KLH,KUALA LUMPUR TOWN CENTRE,Kuala Lumpur,,,none,
MENARA MEGAH,KUALA LUMPUR TOWN CENTRE,Kuala Lumpur,3.172469,101.6883487,scheme,"Menara Megah Condominium, Sentul, Kuala Lumpur, Malaysia"
MENARA MENJALARA,MUKIM BATU,Kuala Lumpur,3.1904846,101.6278826,scheme,"Menara Menjalara, Jalan 1/62B, Menjalara City, Kepong, Kuala Lumpur, 52200, Malaysia"
MENARA ORKID,KUALA LUMPUR TOWN CENTRE,Kuala Lumpur,3.1814947,101.6963853,scheme,"Menara Orkid, Sentul, Kuala Lumpur, Malaysia"
MENARA PELANGI,KUALA LUMPUR TOWN CENTRE,Kuala Lumpur,3.1293364,101.6824004,scheme,"Menara Pelangi, Brickfields, Kuala Lumpur, Malaysia"
MENARA POLO,MUKIM AMPANG,Kuala Lumpur,3.1505732,101.7393453,scheme,"Menara Polo, Ampang Hilir, Kampung Pandan, Kuala Lumpur, Malaysia"
MENARA PROMENADE,KUALA LUMPUR TOWN CENTRE,Kuala Lumpur,,,none,
MENARA PUTERI,KUALA LUMPUR TOWN CENTRE,Kuala Lumpur,3.1277096,101.6806366,scheme,"Menara Puteri 135, Brickfields, Kuala Lumpur, Malaysia"
MENARA PUTRA,KUALA LUMPUR TOWN CENTRE,Kuala Lumpur,3.1657749,101.6951786,scheme,"Menara Putra, Lorong Tiong Nam 5, Tiong Nam Settlement, Chow Kit, Sentul, Kuala Lumpur, 50730, Malaysia"
MENARA SEPUTIH,KUALA LUMPUR TOWN CENTRE,Kuala Lumpur,3.115104,101.6796236,scheme,"Menara Seputeh Condo, Seputeh, Kuala Lumpur, Malaysia"
MENARA WARISAN,KUALA LUMPUR TOWN CENTRE,Kuala Lumpur,3.1416214,101.7006856,scheme,"Menara Merdeka Maybank, Jalan Stadium, Merdeka Precinct, Bukit Bintang, Kuala Lumpur, 50118, Malaysia"
MENJALARA 18,MUKIM BATU,Kuala Lumpur,3.1941339,101.6272283,scheme,"Menjalara City, Kepong, Kuala Lumpur, 52200, Malaysia"
MENTARI CONDO,MUKIM KUALA LUMPUR,Kuala Lumpur,,,none,
MENTARI COURT PJS 8,BDR SUNWAY,Petaling,,,none,
MERAK APT- BDR PINGGIRAN SUBANG,SUNGAI BULUH,Petaling,,,none,
MERC RESIDENCE,KUALA LUMPUR TOWN CENTRE,Kuala Lumpur,3.1100688,101.6810529,scheme,"Merc Residence, Lorong Bandar 2, Taman Bukit Desa, Seputeh, Kuala Lumpur, 50614, Malaysia"
MERDEKA VILLA,BANDAR AMPANG,Hulu Langat,3.1378241,101.7653642,scheme,"Merdeka Villa, Kampung Sri Taman Baru, Ampang, Ampang Jaya Municipal Council, Hulu Langat, Selangor, Malaysia"
MERIDIAN TOWNHOUSE,PEKAN KAYU ARA,Petaling,3.1227756,101.6089173,scheme,"Meridian Townhouse, PJU 6, Petaling Jaya, Petaling, Selangor, Malaysia"
MERU COURTS,KAPAR,Klang,,,none,
MESRA TERRACE,MUKIM BATU,Kuala Lumpur,3.1811018,101.6559198,scheme,"Mesra Terrace, Segambut, Kepong, Kuala Lumpur, Malaysia"
MESRARIA APT,MUKIM PETALING,Kuala Lumpur,3.082603,101.680336,scheme,"Apartment One Mesraria, Jalan Gembira, Happy Garden, Kuchai Lama, Kuala Lumpur, 58200, Malaysia"
METRO PRIMA -CASA MAGNA,MUKIM BATU,Kuala Lumpur,,,none,
METRO PRIMA -MUTIARA MAGNA,MUKIM BATU,Kuala Lumpur,,,none,
METRO PRIMA -PELANGI MAGNA,KUALA LUMPUR TOWN CENTRE,Kuala Lumpur,,,none,
METRO PRIMA -PELANGI MAGNA,MUKIM BATU,Kuala Lumpur,,,none,
METRO PRIMA -SINAR MAGNA,MUKIM BATU,Kuala Lumpur,,,none,
METRO PRIMA -SURIA MAGNA,MUKIM BATU,Kuala Lumpur,,,none,
METRO PRIMA -VISTA MAGNA,MUKIM BATU,Kuala Lumpur,,,none,
METRO PRIMA-PELANGI MAGNA,MUKIM BATU,Kuala Lumpur,,,none,
METROPOLITAN SQUARE DAMANSARA PERDANA,SUNGAI BULUH,Petaling,3.1656463,101.6100487,scheme,"Metropolitan Square, PJU 8, Damansara Perdana (PJU 8), Petaling Jaya, Petaling, Selangor, Malaysia"
MEWAH 9 RESIDENCE,SEMENYIH,Hulu Langat,2.975308,101.8104353,scheme,"Mewah 9 Residence, Kajang Dispersal Link Expressway, Kajang 2, Semenyih, Kajang Municipal Council, Hulu Langat, Selangor"
MIDAH HEIGHTS,MUKIM KUALA LUMPUR,Kuala Lumpur,3.0920787,101.7294976,scheme,"Midah Heights Condominium, Bandar Tun Razak, Cheras, Kuala Lumpur, 56000, Malaysia"
MIDAH RIA APARTMENT,MUKIM KUALA LUMPUR,Kuala Lumpur,,,none,
MIDFIELDS 2,MUKIM KUALA LUMPUR,Kuala Lumpur,3.0966122,101.7011705,scheme,"Midfields Condominium, Bandar Sri Permaisuri, Salak South, Kuala Lumpur, Malaysia"
MIDFIELDS SG.BESI KONDOMINIUM,MUKIM KUALA LUMPUR,Kuala Lumpur,,,none,
MIHARJA CONDOMINIUM,KUALA LUMPUR TOWN CENTRE,Kuala Lumpur,3.1225985,101.7239339,scheme,"Miharja Condominium, Pudu Ulu, Cheras, Kuala Lumpur, Malaysia"
MILLENIUM PLACE APARTMENT-SEK.14 P.JAYA,BANDAR PETALING JAYA,Petaling,,,none,
MILLION GARDEN,KUALA LUMPUR TOWN CENTRE,Kuala Lumpur,3.1820397,101.6835996,scheme,"Million Garden, Kampung Kasipillay, Kuala Lumpur, 51000, Malaysia"
MIZUMI RESIDENCES,MUKIM BATU,Kuala Lumpur,3.2197582,101.6439815,scheme,"Mizumi Residences, 1, Jinjang, Kepong, Kuala Lumpur, 52100, Malaysia"
MKH BOULEVARD JALAN BUKIT,BANDAR KAJANG,Hulu Langat,,,none,
MON'T KIARA AMAN,MUKIM BATU,Kuala Lumpur,,,none,
MON'T KIARA ASTANA,MUKIM BATU,Kuala Lumpur,,,none,
MON'T KIARA MERIDIN,MUKIM BATU,Kuala Lumpur,,,none,
MON'T KIARA PALMA,MUKIM BATU,Kuala Lumpur,,,none,
MON'T KIARA PELANGI,MUKIM BATU,Kuala Lumpur,,,none,
MON'T KIARA PINES,MUKIM BATU,Kuala Lumpur,,,none,
MON'T KIARA SOPHIA,MUKIM BATU,Kuala Lumpur,,,none,
"MONET RESIDENCE ,SUNSURIA CITY",DENGKIL,Sepang,2.8318345,101.6976991,road,"Jalan Sunsuria, Sunsuria City, Dengkil, Sepang, Selangor, 43900, Malaysia"
MONT KIARA BANYAN,MUKIM BATU,Kuala Lumpur,3.1723564,101.6522817,scheme,"Mont Kiara Banyan, Mont Kiara, Kuala Lumpur, Malaysia"
MONT KIARA BAYU,MUKIM BATU,Kuala Lumpur,3.1727885,101.6539895,scheme,"Mont Kiara Bayu, 1, Mont Kiara, Kuala Lumpur, 50480, Malaysia"
MONT KIARA DAMAI,MUKIM BATU,Kuala Lumpur,3.1711081,101.6561721,scheme,"Mont' Kiara Damai Resort Condominium, Mont Kiara, Kuala Lumpur, Malaysia"
MONT KIARA PINES,MUKIM BATU,Kuala Lumpur,3.166894,101.6543787,scheme,"Mont Kiara Pines, Mont Kiara, Kuala Lumpur, Malaysia"
MONT KIARA SOPHIA,MUKIM BATU,Kuala Lumpur,3.1701698,101.6541433,scheme,"Mont' Kiara Sophia, Mont Kiara, Kuala Lumpur, Malaysia"
MONT KIARA THE RESIDENCE,MUKIM BATU,Kuala Lumpur,,,none,
MONTE BAYU CONDOMINIUM,BANDAR AMPANG,Hulu Langat,3.1072527,101.7543476,scheme,"Monte Bayu Condominium, Pandan Perdana, Ampang, Ampang Jaya Municipal Council, Hulu Langat, Selangor, 55300, Malaysia"
MONTEREZ GOLF & COUNTRY CLUB,BUKIT RAJA,Petaling,,,none,
MUN NANG MANSION,KUALA LUMPUR TOWN CENTRE,Kuala Lumpur,,,none,
MUTIARA ANGGERIK -SEK.15 SHAH ALAM,BANDAR SHAH ALAM,Petaling,,,none,
MUTIARA BUKIT JALIL,MUKIM PETALING,Kuala Lumpur,3.0595317,101.6542606,scheme,"Mutiara Bukit Jalil, Overseas Union Garden, Kuala Lumpur, Malaysia"
MUTIARA BUKIT RAJA,KAPAR,Klang,3.0753711,101.4486455,scheme,"Mutiara Bukit Raja, Jalan Meru, Taman Seri Pekan, Klang City, Klang, Selangor, 41400, Malaysia"
MUTIARA BUKIT RAJA 2,KAPAR,Klang,,,none,
MUTIARA DAMANSARA,PEKAN BARU SG BULUH,Petaling,3.1601152,101.6088982,scheme,"Mutiara Damansara, Petaling Jaya, Petaling, Selangor, 47820, Malaysia"
MUTIARA DAMANSARA,SUNGAI BULUH,Petaling,3.1601152,101.6088982,scheme,"Mutiara Damansara, Petaling Jaya, Petaling, Selangor, 47820, Malaysia"
MUTIARA HEIGHTS,KAJANG,Hulu Langat,3.0119952,101.8143598,scheme,"Ameera Residence Mutiara Heights, Jalan Mutiara 3, Kajang Municipal Council, Hulu Langat, Selangor, 43000, Malaysia"
MUTIARA HEIGHTS,SEMENYIH,Hulu Langat,3.0119952,101.8143598,scheme,"Ameera Residence Mutiara Heights, Jalan Mutiara 3, Kajang Municipal Council, Hulu Langat, Selangor, 43000, Malaysia"
MUTIARA HILLS @ SEMENYIH,SEMENYIH,Hulu Langat,2.9336331,101.8411546,road,"Jalan Eco Mutiara 1, Bandar Rinching, Semenyih, Kajang Municipal Council, Hulu Langat, Selangor, 43700, Malaysia"
MUTIARA KERUING,DENGKIL,Sepang,2.9136735,101.7415822,scheme,"Taman Mutiara Keruing, Kampung Desa Putra, Sepang, Selangor, Malaysia"
MUTIARA RESIDENCE-SERVICE APT-SERDANG,BANDAR SHAH ALAM,Petaling,,,none,
MUTIARA SENTUL CONDOMINIUM,MUKIM SETAPAK,Kuala Lumpur,,,none,
MUTIARA SEPUTEH,KUALA LUMPUR TOWN CENTRE,Kuala Lumpur,3.1156552,101.6899955,scheme,"Mutiara Seputeh, Seputeh, Kuala Lumpur, Malaysia"
MUTIARA SUBANG-U5 BDR PINGGIRAN SUBANG,BUKIT RAJA,Petaling,,,none,
MUTIARA SUBANG-U5 BDR PINGGIRAN SUBANG,SUNGAI BULUH,Petaling,,,none,
MUTIARA TROPICANA(KEDIAMAN),BDR DAMANSARA,Petaling,3.1281482,101.6002091,scheme,"Mutiara Tropicana, PJU 3, Bandar Utama, Petaling Jaya, Petaling, Selangor, Malaysia"
MUTIARA UPPER EAST CONDO,MUKIM AMPANG,Kuala Lumpur,,,none,
MUTIARA UPPER EAST CONDO,MUKIM BATU,Kuala Lumpur,,,none,
MUTIARA VILLA+,KUALA LUMPUR TOWN CENTRE,Kuala Lumpur,3.1462924,101.7071797,scheme,"Mutiara Villa, Bukit Bintang, Kuala Lumpur, Malaysia"
MYRA ALAM,IJOK,Kuala Selangor,,,none,
MYRA MERANTI,DENGKIL,Sepang,2.9671301,101.641713,scheme,"Myra Meranti, Kampung Pulau Meranti, Sepang, Selangor, 47100, Malaysia"
MYRA PUTRA,DENGKIL,Sepang,,,none,
MYRA SAUJANA,DENGKIL,Sepang,2.8981458,101.7228358,scheme,"Taman Myra Saujana, Kampung Orang Asli Bukit Dugang, Kajang Municipal Council, Selangor, 43000, Malaysia"
MYRA VISTA,DENGKIL,Sepang,,,none,
NADAYU 28 RESIDEN -PJS 11 BDR SUNWAY,BDR SUNWAY,Petaling,,,none,
NADAYU 62,HULU KLANG,Gombak,3.2226841,101.7524119,scheme,"Nadayu 63, Ulu Kelang, Ampang Jaya Municipal Council, Gombak, Selangor, Malaysia"
NADAYU 801-U5 BDR PINGGIRANN SUBANG,PEKAN BARU SUBANG,Petaling,,,none,
NADIA PARKFRONT CONDO (DESA PARKCITY),MUKIM BATU,Kuala Lumpur,,,none,
NANYANG ESTATE,MUKIM BATU,Kuala Lumpur,3.2218891,101.663119,scheme,"Jalan Nanyang Estate, Taman Nanyang, Jinjang, Kepong, Kuala Lumpur, 52000, Malaysia"
NANYANG GARDEN  (JLN ALOR),KUALA LUMPUR TOWN CENTRE,Kuala Lumpur,,,none,
NASSIM HEIGHTS TAMAN UKAY BISTARI,BANDAR HULU KELANG,Gombak,,,none,
NAUTICA CONDOMINIUM - BDR SUNWAY PJS 9,BDR SUNWAY,Petaling,,,none,
NEO DAMANSARA-PJU 8 D'SARA PERDANA,SUNGAI BULUH,Petaling,,,none,
NEW CITY BUSINESS CENTRE,BANDAR KELANG,Klang,3.0629725,101.4677633,scheme,"Klang New Town Police Station, 32, Jalan Tiara 2D, Klang New Town, Klang City, Klang, Selangor, 41150, Malaysia"
NIDOZ RESIDENCES @ DESA PETALING,MUKIM PETALING,Kuala Lumpur,3.0858593,101.699897,scheme,"Nidoz Residences @ Desa Petaling, 22A, Bandar Sri Permaisuri, Salak South, Kuala Lumpur, 57100, Malaysia"
NILAM APARTMENTS,MUKIM BATU,Kuala Lumpur,,,none,
NILAM PURI -BDR BUKIT PUCHONG 2,DENGKIL,Sepang,,,none,
NOVA APARTMENT,MUKIM BATU,Kuala Lumpur,3.1863374,101.648101,scheme,"Nova Apartment, Jalan 30/38A, Taman Sri Sinar, Segambut, Kepong, Kuala Lumpur, 52200, Malaysia"
NUSA RHU,MUKIM KUALA LUMPUR,Kuala Lumpur,3.1342513,101.6631508,scheme,"Nusa Rhu, Bangsar, Kuala Lumpur, Malaysia"
NYAMAN COURT,MUKIM PETALING,Kuala Lumpur,3.0821274,101.6800441,scheme,"Nyaman Court, Jalan Nyaman 1, Taman Bukit Indah, Overseas Union Garden, Kuala Lumpur, 58200, Malaysia"
O.B.D GARDEN TOWER,MUKIM KUALA LUMPUR,Kuala Lumpur,,,none,
O.G HEIGHTS,MUKIM PETALING,Kuala Lumpur,3.0663057,101.6699856,scheme,"O.G. Heights, Overseas Union Garden, Kuala Lumpur, Malaysia"
OAKLEAF PARK/ VILLAS,BANDAR HULU KELANG,Gombak,,,none,
OASIS KAJANG,BANDAR BATU 18 SEMENYIH,Hulu Langat,3.0515923,101.7467024,scheme,"Jalan Oasis 4, Taman Cheras Utama, Bandar Damai Perdana, Cheras, Kajang Municipal Council, Hulu Langat, Selangor, 56000,"
OFF JALAN KELANG LAMA,KUALA LUMPUR TOWN CENTRE,Kuala Lumpur,3.0830547,101.6632733,scheme,"Old Klang Road, Overseas Union Garden, Kuala Lumpur, 58200, Malaysia"
OFF JALAN KELANG LAMA,MUKIM KUALA LUMPUR,Kuala Lumpur,3.0830547,101.6632733,scheme,"Old Klang Road, Overseas Union Garden, Kuala Lumpur, 58200, Malaysia"
OFF JALAN TUANKU ABD. RAHMAN,KUALA LUMPUR TOWN CENTRE,Kuala Lumpur,3.1524004,101.6960846,scheme,"Jalan Tuanku Abdul Rahman, Kampung Cendana, Kuala Lumpur, 50100, Malaysia"
OFF JLN BKT KUDA,BANDAR KELANG,Klang,3.0409079,101.4623768,scheme,"Jalan Bukit Kuda, Taman Kampung Kuantan, Kampung Kuantan, Klang City, Klang, Selangor, 41000, Malaysia"
OFF JLN BKT KUDA,KAPAR,Klang,3.0409079,101.4623768,scheme,"Jalan Bukit Kuda, Taman Kampung Kuantan, Kampung Kuantan, Klang City, Klang, Selangor, 41000, Malaysia"
OFF JLN BROGA,SEMENYIH,Hulu Langat,2.9453959,101.8650651,scheme,"Jalan Broga, Taman Tasik Semenyih, Semenyih, Kajang Municipal Council, Hulu Langat, Selangor, 43500, Malaysia"
OFF JLN BUKIT (KAJANG),BANDAR KAJANG,Hulu Langat,3.0545392,101.7988159,scheme,"Jalan Bukit Permai Satu, Bandar Sungai Long, Kajang Municipal Council, Hulu Langat, Selangor, 43000, Malaysia"
OFF JLN CHERAS LAMA,CHERAS,Hulu Langat,,,none,
OFF JLN GOMBAK,MUKIM SETAPAK,Kuala Lumpur,3.1922033,101.705597,scheme,"Jalan Gombak, Kampung Puah Seberang, Kuala Lumpur, 53000, Malaysia"
OFF JLN HULU LANGAT,HULU LANGAT,Hulu Langat,3.0689996,101.7735362,scheme,"Jalan Hulu Langat, Taman Mas 1, Kampung Melaka, Cheras, Kajang Municipal Council, Hulu Langat, Selangor, 43100, Malaysia"
OFF JLN KAPAR,BANDAR KELANG,Klang,3.0603869,101.4431401,scheme,"Jalan Kapar, Teluk Pulai, Klang City, Klang, Selangor, 41400, Malaysia"
OFF JLN KAPAR,KAPAR,Klang,3.1169636,101.3673281,scheme,"Jalan Kapar, Kapar, Klang City, Klang, Selangor, 42200, Malaysia"
OFF JLN MERU,BANDAR KELANG,Klang,3.0590562,101.4520586,scheme,"Jalan Meru, Jalan Pulau Pinang 2, Klang City, Klang, Selangor, 41400, Malaysia"
OFF JLN MERU,KAPAR,Klang,3.110271,101.4092189,scheme,"Jalan Aman Perdana 3B/KU5, Aman Perdana, Meru, Klang City, Klang, Selangor, 42200, Malaysia"
OFF JLN SEMENYIH (KAJANG),SEMENYIH,Hulu Langat,2.957481,101.8419731,scheme,"Jalan Semenyih, Taman Aik Ann, Kajang East, Semenyih, Kajang Municipal Council, Hulu Langat, Selangor, 43500, Malaysia"
OFF JLN SG RAMAL,KAJANG,Hulu Langat,2.9838366,101.7699988,scheme,"Sonoco Products (Malaysia) Sdn Bhd, Jalan SC 4, Taman Semarak, Kampung Kwan Tung Baru, Kajang Municipal Council, Hulu La"
OFF JLN SUNGAI PUTUS,BANDAR KELANG,Klang,3.0700734,101.4331588,scheme,"Jalan Sungai Putus 1, Kampung Batu 3, Klang City, Klang, Selangor, 41400, Malaysia"
OFF JLN SUNGAI PUTUS,KAPAR,Klang,3.0700734,101.4331588,scheme,"Jalan Sungai Putus 1, Kampung Batu 3, Klang City, Klang, Selangor, 41400, Malaysia"
OFF JLN TELOK GADONG,BANDAR KELANG,Klang,3.0232896,101.4204272,scheme,"Jalan Telok Gadong KS1, Kampung Raja Uda, Port Klang, Klang City, Klang, Selangor, 42000, Malaysia"
OFF JLN TELOK GADONG,KELANG,Klang,3.0232896,101.4204272,scheme,"Jalan Telok Gadong KS1, Kampung Raja Uda, Port Klang, Klang City, Klang, Selangor, 42000, Malaysia"
OFF JLN TELUK PULAI,BANDAR KELANG,Klang,3.0391807,101.4387921,scheme,"Jalan Teluk Pulai, Taman Melawis, Teluk Pulai, Klang City, Klang, Selangor, 41400, Malaysia"
OFF JLN TELUK PULAI,KELANG,Klang,3.0321246,101.4261598,scheme,"Nichiren Shoshu Malaysia Propagation Centre, Jalan Hilir, Taman Gembira, Teluk Pulai, Port Klang, Klang City, Klang, Sel"
OFF JLN TEPI SUNGAI,BANDAR KELANG,Klang,3.047751,101.430673,scheme,"Jalan Tepi Sungai, Teluk Pulai, Klang City, Klang, Selangor, 41400, Malaysia"
OFF JLN TEPI SUNGAI,KELANG,Klang,3.047751,101.430673,scheme,"Jalan Tepi Sungai, Teluk Pulai, Klang City, Klang, Selangor, 41400, Malaysia"
OLAK LEMPIT,TANJUNG 12,Kuala Langat,2.8349369,101.5928134,scheme,"Kampung Olak Lempit, Banting, Kuala Langat, Selangor, Malaysia"
ONE AMPANG AVENUE,BANDAR AMPANG,Hulu Langat,3.1550769,101.752615,scheme,"One Ampang Avenue, Kampung Pandan Dalam, Ampang, Ampang Jaya Municipal Council, Hulu Langat, Selangor, Malaysia"
ONE CENTRAL PARK KONDO,MUKIM BATU,Kuala Lumpur,,,none,
ONE COCHRANE RESIDENCES,KUALA LUMPUR TOWN CENTRE,Kuala Lumpur,3.1334859,101.7202359,scheme,"One Cochrane Residences, Maluri, Cheras, Kuala Lumpur, 55100, Malaysia"
ONE JELATEK,BANDAR HULU KELANG,Gombak,3.1729606,101.7344445,scheme,"One Jelatek, Jalan Jelatek, Ulu Kelang, Kuala Lumpur, Gombak, Selangor, 54100, Malaysia"
ONE KL,KUALA LUMPUR TOWN CENTRE,Kuala Lumpur,3.155703,101.710587,scheme,"ONE KL, 6, Jalan Pinang, Kampung Paya, Kampung Cendana, Kuala Lumpur, 50540, Malaysia"
ONE MENERUNG,MUKIM KUALA LUMPUR,Kuala Lumpur,3.145382,101.6657857,scheme,"One Menerung, Bangsar, Kuala Lumpur, Malaysia"
ONE SELAYANG,BANDAR SELAYANG,Gombak,3.2546869,101.6539761,scheme,"Selayang.18 Residences, Bandar Baru Selayang, Batu Caves, Selayang Municipal Council, Gombak, Selangor, Malaysia"
ONE SIERRA,BANDAR SELAYANG,Gombak,3.2652679,101.6477215,scheme,"One Sierra Selayang, Batu Caves, Selayang Municipal Council, Gombak, Selangor, Malaysia"
OPAL RESIDENSI-SEK.7 SHAH ALAM,BANDAR SHAH ALAM,Petaling,,,none,
OPEL KONDOMINIUM(SUNWAY DAMANSARA),PEKAN BARU SG BULUH,Petaling,,,none,
"ORCHIS APARTMENT, BDR PARKLANDS",KELANG,Klang,,,none,
OVERSEAS UNION GARDEN,MUKIM PETALING,Kuala Lumpur,3.0767866,101.6800631,scheme,"POS MALAYSIA, Jalan Perisa 2, Taman Bukit Indah, Overseas Union Garden, Kuala Lumpur, 58200, Malaysia"
P'PURI SERI MERANTI-TMN PUCHONG HARTAMAS,PETALING,Petaling,,,none,
P/ L 311,PEKAN PENDAMARAN,Klang,,,none,
P/ PURI SRI KESIDANG-BDR PUCHONG JAYA,PEKAN KINRARA,Petaling,,,none,
P//PURI NURI-BDR PINGGIRAN SUBANG,SUNGAI BULUH,Petaling,,,none,
P/L 101856 (DESA PUTRA),DENGKIL,Sepang,,,none,
P/L 1020 (KG BUKIT BANGKONG),SEPANG,Sepang,2.6503518,101.6734391,road,"Kampung Bukit Bangkong, Sepang, Selangor, 43950, Malaysia"
P/L 10490 TMN PUTRI SENTOSA,KELANG,Klang,,,none,
P/L 1260 OFF JLN KEMUNING,KELANG,Klang,,,none,
P/L 1323 TMN SRI KEMUNIN,KELANG,Klang,,,none,
P/L 15498 (1616),KAPAR,Klang,,,none,
P/L 1587 (PEKAN JENJARUM),PEKAN JENJAROM,Kuala Langat,,,none,
P/L 1918,HULU LANGAT,Hulu Langat,3.1136447,101.8156587,road,"Batu 14 Hulu Langat, Kajang Municipal Council, Hulu Langat, Selangor, 43100, Malaysia"
P/L 192 TMN BDR KLANG (OFF JLN KAPAR),BANDAR KELANG,Klang,,,none,
"P/L 2051,SG.BINJAI M/RES, J. BELIMBING",KAPAR,Klang,,,none,
"P/L 2223 & 2224, JLN KASBAN",KAPAR,Klang,,,none,
"P/L 2223 & 2224,JLN KASBAN,MERU",KAPAR,Klang,,,none,
P/L 2228 JALAN KASBAN,KAPAR,Klang,,,none,
P/L 2346,DENGKIL,Sepang,2.8611537,101.7033061,road,"Jalan Aman Serenia 3/3, Serenia Amalia 1, Serenia City, Kampung Lalang, Dengkil, Sepang, Selangor, 43800, Malaysia"
P/L 2363 (LABU LANJUT),LABU,Sepang,2.8006448,101.7220668,road,"Jalan Utama Lanjut, Kampung Labu Lanjut, Bandar Baru Salak Tinggi, Sepang, Selangor, 43900, Malaysia"
P/L 23731(230),KAPAR,Klang,,,none,
P/L 2918,DENGKIL,Sepang,,,none,
P/L 3178 KAPAR,KAPAR,Klang,3.1225632,101.3645891,road,"Jalan Penghulu Rashid 15/KU15, Kapar, Klang City, Klang, Selangor, 42200, Malaysia"
P/L 3209,KAPAR,Klang,,,none,
P/L 3211,DENGKIL,Sepang,,,none,
P/L 3214 JALAN KEBUN,KELANG,Klang,,,none,
P/L 3220 OFF JLN KAPAR,KAPAR,Klang,,,none,
"P/L 3232,JLN KAPAR",KAPAR,Klang,,,none,
P/L 3236,KELANG,Klang,2.9836061,101.4342601,scheme,"Pulau Indah Expressway, Taman Pendamar Indah 2, Bayuemas, Port Klang, Klang City, Klang, Selangor, 41200, Malaysia"
P/L 3290,DENGKIL,Sepang,,,none,
P/L 33543/33544,KAPAR,Klang,,,none,
P/L 34135,KAPAR,Klang,,,none,
P/L 3469 KAPAR,PEKAN KAPAR,Klang,,,none,
P/L 348 JLN KG JAWA,KELANG,Klang,,,none,
P/L 3487(LABU),LABU,Sepang,,,none,
"P/L 359,539,540",PEKAN KUALA SUNGAI BULUH,Kuala Selangor,,,none,
"P/L 3679, JLN NENAS",KAPAR,Klang,,,none,
"P/L 3679, OFF JLN NENAS",KAPAR,Klang,,,none,
P/L 3734 & 3735  TMN MERU RIA,KAPAR,Klang,,,none,
"P/L 3998, TOK MUDA",KAPAR,Klang,3.1619147,101.4037138,road,"Jalan Pusara, Kapar, Klang City, Klang, Selangor, Malaysia"
"P/L 4337,BT 9 ,KEBUN BARU",TELOK PANGLIMA GARANG,Kuala Langat,,,none,
P/L 4515 (JENDERAM HULU),DENGKIL,Sepang,,,none,
P/L 4703 SG.KEMBONG P.INDAH,KELANG,Klang,,,none,
P/L 491 KG SG UDANG,KELANG,Klang,,,none,
P/L 5023,DENGKIL,Sepang,2.8381599,101.6998325,road,"Jalan Sunsuria 1, Sunsuria City, Dengkil, Sepang, Selangor, 43900, Malaysia"
"P/L 5165, PULAU INDAH",KELANG,Klang,,,none,
"P/L 5786, P. INDAH",KELANG,Klang,,,none,
"P/L 6289, KG RANTAU PANJANG",KAPAR,Klang,,,none,
P/L 6927,PEKAN KAPAR,Klang,,,none,
P/L 7131&6874,PEKAN KAPAR,Klang,,,none,
P/L 7957 (DENGKIL),DENGKIL,Sepang,,,none,
P/L 837 OFF JLN. HAJI SIRAT,KAPAR,Klang,,,none,
P/L 8396&8397,BANDAR KELANG,Klang,,,none,
P/L 847,KAPAR,Klang,3.1017518,101.381469,road,"Jalan Sungai Kapar Indah 12, Kapar, Klang City, Klang, Selangor, 42200, Malaysia"
P/L 851 OFF JLN SG PUTUS,KAPAR,Klang,,,none,
P/L 8673 (RKT SG MERAB 1),DENGKIL,Sepang,2.87373,101.6707882,road,"Jalan Kenanga 9, Taman Dengkil Jaya, Dengkil, Sepang, Selangor, 43800, Malaysia"
P/L 8965 (RKT SUNGAI MERAB),DENGKIL,Sepang,,,none,
"P/L 965,TMN WARISAN",BANDAR KUALA SELANGOR,Kuala Selangor,3.3310008,101.2580385,road,"Jalan Warisan 3, Taman Warisan, Bandar Malawati, Kuala Selangor, Selangor, 45000, Malaysia"
P/LOT 1434 (HULU LANGAT),HULU LANGAT,Hulu Langat,3.1171293,101.8095947,road,"Laman Kesuma, Batu 14 Hulu Langat, Kajang Municipal Council, Hulu Langat, Selangor, Malaysia"
P/LOT 1826 TMN DESA SALAK JAYA,LABU,Sepang,2.7967726,101.7232827,road,"Jalan Jaya 1, Kampung Labu Lanjut, Bandar Baru Salak Tinggi, Sepang, Selangor, 43900, Malaysia"
P/LOT 1957 (LABU LANJUT),LABU,Sepang,,,none,
P/LOT 2000 (MUKIM LABU),LABU,Sepang,2.7898312,101.725776,road,"Jalan Salak Setia 1, Kampung Labu Lanjut, Bandar Baru Salak Tinggi, Sepang, Selangor, 43900, Malaysia"
P/LOT 2086(SG SEMUNGKIS),HULU LANGAT,Hulu Langat,3.134227,101.8142074,road,"Jalan Felcra Semungkis, Kampung Sungai Semungkis, Batu 14 Hulu Langat, Kajang Municipal Council, Hulu Langat, Selangor, "
P/LOT 2167 (LABU LANJUT),LABU,Sepang,2.7962493,101.717548,road,"Jalan 5 A, Kampung Labu Lanjut, Bandar Baru Salak Tinggi, Sepang, Selangor, 43900, Malaysia"
P/LOT 2197(LABU LANJUT),LABU,Sepang,,,none,
P/LOT 2234(IMPIAN VILLAS) LABU,LABU,Sepang,2.8006448,101.7220668,road,"Jalan Utama Lanjut, Kampung Labu Lanjut, Bandar Baru Salak Tinggi, Sepang, Selangor, 43900, Malaysia"
P/LOT 238 (HULU LANGAT),HULU LANGAT,Hulu Langat,3.0917736,101.7944956,road,"Kampung Sungai Serai, Batu 14 Hulu Langat, Kajang Municipal Council, Hulu Langat, Selangor, 43100, Malaysia"
P/LOT 3202,DENGKIL,Sepang,2.8617953,101.6394686,road,"Lorong 6, Taman Arked, Dengkil, Sepang, Selangor, 43800, Malaysia"
P/LOT 3438 (OFF JALAN JENDERAM - SALAK),DENGKIL,Sepang,,,none,
P/LOT 3440(OFFJLN SALAK),DENGKIL,Sepang,,,none,
P/LOT 3446,DENGKIL,Sepang,,,none,
P/LOT 4487& 5906(DENGKIL),DENGKIL,Sepang,,,none,
P/LOT 47776 (2248),DENGKIL,Sepang,2.8644734,101.6747684,road,"Jalan Putrajaya - Dengkil, Taman Jed, Kampung Cemperai, Dengkil, Sepang, Selangor, 43800, Malaysia"
P/LOT 4990 (HULU LANGAT),HULU LANGAT,Hulu Langat,3.0693728,101.7834351,road,"Jalan Hulu Langat Jaya, Taman Hulu Langat Jaya, Kampung Melaka, Kampung Bukit Raya, Kajang Municipal Council, Hulu Langa"
P/LOT 5233(TMN DESA KAYANGAN),DENGKIL,Sepang,,,none,
P/LOT 524,MORIB,Kuala Langat,2.7574468,101.4607443,road,"Jalan Ketingting 1, Riviera, Morib Bay Resort City, Kampung Tali Air, Banting, Kuala Langat, Selangor, Malaysia"
P/LOT 5303 (SG. MAKAU),HULU LANGAT,Hulu Langat,3.1174019,101.828547,road,"Jalan Kenangan 6, Kampung Kenangan 18, Kampung Sungai Semungkis, Batu 14 Hulu Langat, Kajang Municipal Council, Hulu Lan"
P/LOT 5303 (SG. MAKAU),PEKAN SUNGAI MAKAU,Hulu Langat,,,none,
P/LOT 6289,KAJANG,Hulu Langat,2.9906898,101.7895994,scheme,"Lot 90, Kampung Sungai Jernih, Kajang Municipal Council, Hulu Langat, Selangor, Malaysia"
P/LOT 8671(RKT SG MERAB 1),DENGKIL,Sepang,,,none,
P/LOT 9184,DENGKIL,Sepang,,,none,
P/LOT 9863(RT JENDERAM/AMPAR TENANG),DENGKIL,Sepang,,,none,
P/LOT SG RAMAL DALAM,KAJANG,Hulu Langat,2.9742546,101.7628849,road,"Persiaran Teratai 4, Kampung Sungai Ramal Dalam, Kajang Municipal Council, Hulu Langat, Selangor, 43000, Malaysia"
P/PURI ANGGERIK 2 (NURI 2)-BDR PCHG JAYA,PEKAN PUCHONG JAYA,Petaling,,,none,
P/PURI ANGGERIK INDAH - SEK.16 SHAH ALAM,BANDAR SHAH ALAM,Petaling,,,none,
P/PURI BAYU(PUNCAK SRDG)-TMN BKT SERDANG,PEKAN SERDANG,Petaling,,,none,
P/PURI CAHAYA PERMAI - PUTRA PERMAI,PETALING,Petaling,,,none,
P/PURI CEMARA - TMN PINGGIRAN PUTRA,PETALING,Petaling,,,none,
P/PURI CEMPAKA-BELIMBING INDAH,PEKAN BARU SG BESI,Petaling,,,none,
P/PURI DAHLIA-TMN SUBANG PERDANA,PEKAN BARU SUBANG,Petaling,,,none,
P/PURI DELIMA-BUKIT JELUTONG,DAMANSARA,Petaling,,,none,
P/PURI DESA SAUJANA - TMN SG BESI INDAH,PEKAN BARU SG BESI,Petaling,,,none,
P/PURI DESA TANJUNG - PST BDR PUCHONG,PEKAN KINRARA,Petaling,,,none,
P/PURI EXCELSA - TMN UNIVERSITI INDAH,PEKAN SERDANG,Petaling,,,none,
"P/PURI HAPPY MANSION - SEK. 17, PJ",BANDAR PETALING JAYA,Petaling,,,none,
P/PURI ILHAM - TTDI JAYA,DAMANSARA,Petaling,,,none,
P/PURI IMPIAN HEIGHTS - BDR PUCHONG JAYA,PEKAN PUCHONG JAYA,Petaling,,,none,
P/PURI INDAH 1- PRIMA DAMANSARA,SUNGAI BULUH,Petaling,,,none,
P/PURI INDAH-DAMANSARA DAMAI,SUNGAI BULUH,Petaling,,,none,
P/PURI INTAN-TMN PUCHONG INTAN,PEKAN PUCHONG PERDANA,Petaling,,,none,
P/PURI JASMIN -JLN PLUTO BDR PGGIRAN SBG,PEKAN BARU SUBANG,Petaling,,,none,
P/PURI JASMIN -JLN PLUTO BDR PGGIRAN SBG,SUNGAI BULUH,Petaling,,,none,
P/PURI JASMINE COURT - BDR PUCHONG JAYA,PEKAN PUCHONG JAYA,Petaling,,,none,
P/PURI JATI 1 - TMN SBG MEWAH,PEKAN PENAGA,Petaling,,,none,
P/PURI JATI 1 - TMN SBG MEWAH,PETALING,Petaling,,,none,
P/PURI KELANA IMPIAN - SS8 PETALING JAYA,BANDAR PETALING JAYA,Petaling,,,none,
P/PURI KENANGA - PUSAT BANDAR PUCHONG,PEKAN KINRARA,Petaling,,,none,
P/PURI KENANGA - TMN KINRARA,PEKAN KINRARA,Petaling,,,none,
"P/PURI KETITIR, KUANG-TMN SG BESI INDAH",PEKAN BARU SG BESI,Petaling,,,none,
P/PURI KINRARA PUTRI - TMN KINRARA SEK.4,PEKAN PUCHONG JAYA,Petaling,,,none,
P/PURI KINRARA RIA-TMN KINRARA,PEKAN PUCHONG JAYA,Petaling,,,none,
P/PURI LATAN BIRU - KOTA DAMANSARA,PEKAN BARU SG BULUH,Petaling,,,none,
"P/PURI LILI & ROSE - SS 26,PETALING JAYA",BANDAR PETALING JAYA,Petaling,,,none,
"P/PURI LILI & ROSE - SS 26,PETALING JAYA",SUNGAI BULUH,Petaling,,,none,
"P/PURI MAWAR - SEK.4, KOTA DAMANSARA",PEKAN BARU SG BULUH,Petaling,,,none,
P/PURI MAYANG-BANDAR KINRARA,PEKAN KINRARA,Petaling,,,none,
P/PURI MEDAN MAS-U19  KG BARU SG BULOH,SUNGAI BULUH,Petaling,,,none,
P/PURI MEGARIA II - TMN BKT SERDANG,PEKAN SERDANG,Petaling,,,none,
P/PURI MEGARIA III LILI-TMN BKT SERDANG,PEKAN SERDANG,Petaling,,,none,
P/PURI MEGARIA IV(ROS) - BKT SERDANG,PEKAN SERDANG,Petaling,,,none,
P/PURI MEGARIA TULIP-BUKIT SERDANG SEK.8,PEKAN SERDANG,Petaling,,,none,
P/PURI MELUR - KOTA DAMANSARA,PEKAN BARU SG BULUH,Petaling,,,none,
P/PURI MERAK - BANDAR KINRARA,PEKAN KINRARA,Petaling,,,none,
P/PURI MUTIARA PERDANA-PJS 7 BDR SUNWAY,BDR SUNWAY,Petaling,,,none,
P/PURI MUTIARA PERDANA-PJS 7 BDR SUNWAY,PETALING,Petaling,,,none,
P/PURI MY PLACE - SS15 SUBANG JAYA,BANDAR SUBANG JAYA,Petaling,,,none,
P/PURI NURI-BDR PINGGIRAN SUBANG,SUNGAI BULUH,Petaling,,,none,
P/PURI OPAL & RUBY-BDR PINGGIRAN SUBANG,PETALING,Petaling,,,none,
P/PURI OPAL & RUBY-BDR PINGGIRAN SUBANG,SUNGAI BULUH,Petaling,,,none,
P/PURI ORKID - BDR PINGGIRAN SUBANG,SUNGAI BULUH,Petaling,,,none,
P/PURI ORKID-TMN BKT SERDANG SEKSYEN 13,PETALING,Petaling,,,none,
P/PURI PALM TERRACE -TMN KINRARA,PEKAN PUCHONG JAYA,Petaling,,,none,
P/PURI PALM VILLE - TMN KINRARA SEK 1,PEKAN PUCHONG JAYA,Petaling,,,none,
P/PURI PUTERI BAYU - BDR PUTERI,PETALING,Petaling,,,none,
P/PURI PUTERI-SEK17 S.ALAM PADANG JAWA,BANDAR SHAH ALAM,Petaling,,,none,
P/PURI PUTRA IMPIAN-TMN PINGGIRAN PUTRA,PETALING,Petaling,,,none,
P/PURI PUTRA INDAH - TMN PINGGIRAN PUTRA,PETALING,Petaling,,,none,
P/PURI PUTRA RAYA-PINGGIRAN PUTRA SEK 2,PETALING,Petaling,,,none,
P/PURI PUTRA RIA - TMN PINGGIRAN PUTRA,PETALING,Petaling,,,none,
P/PURI RUBY - JLN MATAHARI U5/117,SUNGAI BULUH,Petaling,,,none,
P/PURI RUSELIA - TMN PINGGIRAN PUTRA,PETALING,Petaling,,,none,
P/PURI SD APARTMENT 1 & 2-BDR SRI D'SARA,BDR SRI DAMANSARA,Petaling,,,none,
P/PURI SD TIARA-BDR SRI D'SARA,BDR SRI DAMANSARA,Petaling,,,none,
P/PURI SEAPARK - SS21,BANDAR PETALING JAYA,Petaling,,,none,
P/PURI SEAPARK - SS21,SUNGAI BULUH,Petaling,,,none,
P/PURI SEMARAK - PST BDR PUCHONG,PEKAN KINRARA,Petaling,,,none,
P/PURI SENTOSA -BDR SETIA ALAM,BUKIT RAJA,Petaling,,,none,
P/PURI SERI BINTANG-U5 SUBANG BESTARI,SUNGAI BULUH,Petaling,,,none,
P/PURI SERI DAHLIA - BDR PUTERI,PETALING,Petaling,,,none,
P/PURI SERI IMPIAN - BKT SERDANG,PEKAN SERDANG,Petaling,,,none,
P/PURI SERI INDAH MAS -BKT SERDANG,PEKAN SERDANG,Petaling,,,none,
P/PURI SERI INDAH-SG BESI INDAH,PEKAN BARU SG BESI,Petaling,,,none,
P/PURI SERI JASA - SG BESI INDAH,PEKAN BARU SG BESI,Petaling,,,none,
P/PURI SERI JASA - SG BESI INDAH,PETALING,Petaling,,,none,
P/PURI SERI KEJORA -U5 SUBANG BESTARI,SUNGAI BULUH,Petaling,,,none,
P/PURI SERI MAS - TMN PINGGIRAN PUTRA,PETALING,Petaling,,,none,
P/PURI SERI PAGI-TMN BKT SERDANG SEK. 4,PEKAN SERDANG,Petaling,,,none,
P/PURI SERI PELANGI-BDR PINGGIRAN SUBANG,SUNGAI BULUH,Petaling,,,none,
P/PURI SERI PINANG-TMN BKT SERDANG SEK.1,PEKAN SERDANG,Petaling,,,none,
P/PURI SERI UTAMA-PUCHONG UTAMA,PEKAN PUCHONG PERDANA,Petaling,,,none,
P/PURI SPECTRUM - PJS 10 SUBANG INDAH,BDR SUNWAY,Petaling,,,none,
P/PURI SRI ANGGERIK1 (NURI 1)-PCHNG JAYA,PEKAN PUCHONG JAYA,Petaling,,,none,
P/PURI SRI ARA - ARA DAMANSARA,DAMANSARA,Petaling,,,none,
P/PURI SRI BAYU - BDR PUCHONG JAYA,PEKAN PUCHONG JAYA,Petaling,,,none,
P/PURI SRI CAMELLIA - BDR PUTERI,PETALING,Petaling,,,none,
P/PURI SRI CEMPAKA - BDR PUCHONG JAYA,PEKAN PUCHONG JAYA,Petaling,,,none,
P/PURI SRI GALAKSI-BDR PINGGIRANG SUBANG,SUNGAI BULUH,Petaling,,,none,
P/PURI SRI KESIDANG-BDR PUCHONG JAYA,PEKAN KINRARA,Petaling,,,none,
P/PURI SRI MEKAR - BDR PUCHONG JAYA,PEKAN KINRARA,Petaling,,,none,
P/PURI SRI PENAGA - PST BDR PUCHONG,PEKAN KINRARA,Petaling,,,none,
P/PURI SRI TANJUNG - BDR PUCHONG JAYA,PEKAN PUCHONG JAYA,Petaling,,,none,
P/PURI SRI TERATAI-BDR PUCHONG JAYA,PEKAN KINRARA,Petaling,,,none,
P/PURI SURIA - PJS 3,BDR PETALING JAYA SELATAN,Petaling,,,none,
P/PURI SURIA - TMN KINRARA SEK. 4,PEKAN PUCHONG JAYA,Petaling,,,none,
P/PURI SURIA RAFFLESIA-BDR SETIA ALAM,BUKIT RAJA,Petaling,,,none,
P/PURI SURIA RAFFLESIA-BDR SETIA ALAM,PETALING,Petaling,,,none,
P/PURI SURIA SUBANG-U5 BDR PINGGRAN SBG,SUNGAI BULUH,Petaling,,,none,
P/PURI VISTA LAVENDAR-TMN KINRARA SEK.3,PEKAN PUCHONG JAYA,Petaling,,,none,
PAK CHAN MANSION,KUALA LUMPUR TOWN CENTRE,Kuala Lumpur,,,none,
PALAZZIO SUNWAY,MUKIM KUALA LUMPUR,Kuala Lumpur,3.1546676,101.6474004,scheme,"Sunway Palazzio, Sri Hartamas, Kuala Lumpur, Malaysia"
PALM COURT,KUALA LUMPUR TOWN CENTRE,Kuala Lumpur,3.1297843,101.6870247,scheme,"Palm Court, Jalan Sultan Abdul Samad, Brickfields, Kuala Lumpur, 50470, Malaysia"
"PALM GARDEN APARTMENT, BDR BARU KLANG",KAPAR,Klang,3.0651334,101.4618067,scheme,"Palm Garden Apartment, Persiaran Bukit Raja, Klang New Town, Klang City, Klang, Selangor, 41300, Malaysia"
PALM SPRING - SEK.13 KOTA DAMANSARA,PEKAN BARU SG BULUH,Petaling,,,none,
"PALM WALK , BDR SG LONG",CHERAS,Hulu Langat,3.053154,101.8113001,scheme,"Palm Walk 3, Bandar Sungai Long, Kajang Municipal Council, Hulu Langat, Selangor, 43000, Malaysia"
"PALM WALK , BDR SG LONG",PEKAN CHERAS,Hulu Langat,3.053154,101.8113001,scheme,"Palm Walk 3, Bandar Sungai Long, Kajang Municipal Council, Hulu Langat, Selangor, 43000, Malaysia"
PALM WALK @ BANDAR SUNGAI LONG,CHERAS,Hulu Langat,3.053154,101.8113001,scheme,"Palm Walk 3, Bandar Sungai Long, Kajang Municipal Council, Hulu Langat, Selangor, 43000, Malaysia"
PALM WALK @ BDR SG LONG,CHERAS,Hulu Langat,3.053154,101.8113001,scheme,"Palm Walk 3, Bandar Sungai Long, Kajang Municipal Council, Hulu Langat, Selangor, 43000, Malaysia"
"PALMA PERAK&PUTERI-SEK.6, KOTA DAMANSARA",PEKAN BARU SG BULUH,Petaling,,,none,
PALMVILLE RESORT KONDO-PJS 9 BDR SUNWAY,BDR SUNWAY,Petaling,,,none,
PALMYRA BANGSAR,MUKIM KUALA LUMPUR,Kuala Lumpur,3.1381686,101.6598732,scheme,"Palmyra, 9, Bangsar, Kuala Lumpur, 59100, Malaysia"
PANDAMARAN JAYA,KELANG,Klang,3.0093926,101.4217718,scheme,"Taman Kampung Pandamaran Jaya, Port Klang, Klang City, Klang, Selangor, 42000, Malaysia"
PANDAMARAN JAYA,PEKAN PENDAMARAN,Klang,3.0093926,101.4217718,scheme,"Taman Kampung Pandamaran Jaya, Port Klang, Klang City, Klang, Selangor, 42000, Malaysia"
PANDAN HEIGHTS (STRATA),MUKIM KUALA LUMPUR,Kuala Lumpur,,,none,
PANDAN HEIGHTS(STRATA),MUKIM KUALA LUMPUR,Kuala Lumpur,,,none,
PANDAN MAS RESIDENCE,MUKIM AMPANG,Kuala Lumpur,,,none,
PANGSA MURNI,KUALA LUMPUR TOWN CENTRE,Kuala Lumpur,3.1690118,101.7236599,scheme,"Pangsa Murni, Persiaran Gurney, Kampung Datuk Keramat, Kuala Lumpur, 54000, Malaysia"
PANGSA MURNI,MUKIM ULU KELANG,Kuala Lumpur,3.1690118,101.7236599,scheme,"Pangsa Murni, Persiaran Gurney, Kampung Datuk Keramat, Kuala Lumpur, 54000, Malaysia"
PANGSAPURI ADELIA,MUKIM SETAPAK,Kuala Lumpur,3.198616,101.7301524,scheme,"Pangsapuri Adelia, Wangsa Maju, Kuala Lumpur, Malaysia"
PANGSAPURI AKASIA @ BDR BOTANIC,KELANG,Klang,2.9864333,101.4254604,scheme,"Acacia Apartments, Bandar Botanic, Port Klang, Klang City, Klang, Selangor, Malaysia"
"PANGSAPURI AKASIA, SEK. 32",KELANG,Klang,,,none,
PANGSAPURI ALAM PRIMA - BATU 3 SHAH ALAM,DAMANSARA,Petaling,,,none,
PANGSAPURI ALAM PRIMA - BATU 3 SHAH ALAM,PEKAN HICOM,Petaling,,,none,
PANGSAPURI AMAN PERDANA,KAPAR,Klang,3.0948863,101.4079342,scheme,"Aman Perdana Apartment, Taman Klang Utama, Klang City, Klang, Selangor, 40150, Malaysia"
PANGSAPURI ANGGERIK,KELANG,Klang,3.0425381,101.4168442,scheme,"Kampung Sungai Udang/Pangsapuri Anggerik, Jalan Sungai Udang, Teluk Pulai, Klang City, Klang, Selangor, 41250, Malaysia"
"PANGSAPURI ARANDA, KOTA KEMUNING",KELANG,Klang,,,none,
PANGSAPURI ARISTA @ BDR PARKLANDS,KELANG,Klang,2.966834,101.4588866,scheme,"Pangsapuri Arista, Bandar Parklands (Bandar Bukit Tinggi 3), Bandar Bukit Tinggi, Klang City, Klang, Selangor, Malaysia"
"PANGSAPURI ARISTA, BDR PARKLANDS",KELANG,Klang,2.966834,101.4588866,scheme,"Pangsapuri Arista, Bandar Parklands (Bandar Bukit Tinggi 3), Bandar Bukit Tinggi, Klang City, Klang, Selangor, Malaysia"
"PANGSAPURI ARONIA, BDR PARKLANDS",KELANG,Klang,,,none,
"PANGSAPURI ASTERIA, BDR PARKLAND",KELANG,Klang,,,none,
PANGSAPURI AZARIA @ BDR PARKLANDS,KELANG,Klang,,,none,
"PANGSAPURI AZARIA, BDR PARKLANDS",KELANG,Klang,,,none,
PANGSAPURI BANDAR BARU SENTUL,KUALA LUMPUR TOWN CENTRE,Kuala Lumpur,3.1870431,101.6973875,scheme,"Pangsapuri Bandar Baru Sentul, Kampung Chubadak Hilir, Kuala Lumpur, Malaysia"
PANGSAPURI BANDAR BARU SENTUL,MUKIM SETAPAK,Kuala Lumpur,3.1870431,101.6973875,scheme,"Pangsapuri Bandar Baru Sentul, Kampung Chubadak Hilir, Kuala Lumpur, Malaysia"
PANGSAPURI BANDARAYA GOMBAK,MUKIM SETAPAK,Kuala Lumpur,,,none,
PANGSAPURI BANDARAYA SETAPAK,MUKIM SETAPAK,Kuala Lumpur,,,none,
PANGSAPURI BANGSAR UTAMA,KUALA LUMPUR TOWN CENTRE,Kuala Lumpur,3.1287639,101.6769805,scheme,"Pangsapuri KTMB Bangsar Utama, Bangsar, Kuala Lumpur, Malaysia"
PANGSAPURI BARAT & TIMUR-TMN BKT SERDANG,PETALING,Petaling,,,none,
PANGSAPURI BARAT-TMN BKT SERDANG,PETALING,Petaling,,,none,
PANGSAPURI BAYU PUTERI-PJU 3,BDR DAMANSARA,Petaling,,,none,
PANGSAPURI BAYU PUTERI-PJU 3,DAMANSARA,Petaling,,,none,
PANGSAPURI BAYU SENTUL,MUKIM SETAPAK,Kuala Lumpur,,,none,
PANGSAPURI BEREMBANG INDAH,BANDAR HULU KELANG,Gombak,3.1650448,101.7377441,scheme,"Pangsapuri Berembang Indah, Ampang-Kuala Lumpur Elevated Highway, Ulu Kelang, Ampang Jaya Municipal Council, Gombak, Sel"
PANGSAPURI BUKIT AWAN SARI,MUKIM PETALING,Kuala Lumpur,,,none,
PANGSAPURI BUKIT BARU,BANDAR HULU KELANG,Gombak,3.1749475,101.7324898,scheme,"Pangsapuri Bukit Baru, Ulu Kelang, Ampang Jaya Municipal Council, Gombak, Selangor, Malaysia"
PANGSAPURI BUKIT KUDA,BANDAR KELANG,Klang,3.0506463,101.4665596,scheme,"Pangsapuri Permai, Jalan Bukit Kuda, Taman Ros, Kampung Kuantan, Klang City, Klang, Selangor, 41300, Malaysia"
PANGSAPURI CARMILA-SEK.5 KOTA DAMANSARA,PEKAN BARU SG BULUH,Petaling,,,none,
PANGSAPURI CENDANA,MUKIM KUALA LUMPUR,Kuala Lumpur,,,none,
PANGSAPURI CERIA,KAPAR,Klang,,,none,
"PANGSAPURI CERIA, TMN SG KAPAR INDAH",KAPAR,Klang,,,none,
PANGSAPURI D CAHAYA - BDR PUCHONG JAYA,PEKAN KINRARA,Petaling,3.0481156,101.6332526,scheme,"D'Cahaya Aparment, Bandar Puchong Jaya, Puchong, Subang Jaya City Council, Petaling, Selangor, Malaysia"
"PANGSAPURI DAHLIA, BDR BARU KLANG",KAPAR,Klang,,,none,
PANGSAPURI DAISY - SUBANG PERDANA,PEKAN BARU SUBANG,Petaling,,,none,
"PANGSAPURI DAMAI, TMN SRI MUDA",BANDAR SHAH ALAM,Klang,3.0363407,101.5307955,scheme,"Damai Apartments, Section 25, Taman Sri Muda, Shah Alam, Klang, Selangor, Malaysia"
PANGSAPURI DANAU MAS - SEK 7. SHAH ALAM,BANDAR SHAH ALAM,Petaling,,,none,
PANGSAPURI DANAU PERINTIS,BANDAR KUALA SELANGOR,Kuala Selangor,,,none,
PANGSAPURI DANAU PERINTIS,JERAM,Kuala Selangor,,,none,
PANGSAPURI DESA TENAGA,MUKIM KUALA LUMPUR,Kuala Lumpur,,,none,
PANGSAPURI ENGGANG -BDR KINRARA SEK.6,PEKAN KINRARA,Petaling,,,none,
"PANGSAPURI GLEN COURT, BDR SG LONG",BANDAR CHERAS,Hulu Langat,,,none,
PANGSAPURI HARMONI -PUTRA HEIGHT,DAMANSARA,Petaling,,,none,
PANGSAPURI IMPIAN MERU,KAPAR,Klang,3.1380931,101.4280334,scheme,"Pangsapuri Impian Meru (Blok B), Jalan Nenas Madu KU 2/6, Taman Meru Mulia, Meru, Klang City, Klang, Selangor, 41050, Ma"
PANGSAPURI IMPIAN-DAMANSARA DAMAI,SUNGAI BULUH,Petaling,,,none,
PANGSAPURI JAYA-TTDI JAYA,DAMANSARA,Petaling,3.0994931,101.5558142,scheme,"Pangsapuri Jaya, Jalan Ilham U2/14, TTDI Jaya, Section U2, Bukit Jelutong, Shah Alam, Petaling, Selangor, 40100, Malaysi"
PANGSAPURI JENDERAM INDAH,DENGKIL,Sepang,,,none,
PANGSAPURI KASUARINA @ BDR BOTANIC,KELANG,Klang,2.9850236,101.4254406,scheme,"Casuarina Apartments, Bandar Botanic, Port Klang, Klang City, Klang, Selangor, Malaysia"
PANGSAPURI KEMUNING AMAN,KELANG,Klang,,,none,
PANGSAPURI KEMUNING IDAMAN,BANDAR KOTA KEMUNING,Klang,,,none,
PANGSAPURI KEMUNING IDAMAN,KELANG,Klang,,,none,
PANGSAPURI KESUMA - BDR KINRARA,PEKAN KINRARA,Petaling,,,none,
PANGSAPURI KINRARA MAS,MUKIM PETALING,Kuala Lumpur,,,none,
PANGSAPURI KLANG VILLA,PEKAN PORT SWETTENHAM,Klang,,,none,
PANGSAPURI LAFITE-SS17 SUBANG JAYA,BANDAR SUBANG JAYA,Petaling,,,none,
PANGSAPURI MAMPU MILIK -SERAI WANGI U12,BANDAR SHAH ALAM,Petaling,,,none,
PANGSAPURI MARKISA - PUCHONG,PETALING,Petaling,2.9867328,101.5964233,scheme,"Block C Pangsapuri Seri Markisa, Bandar Puchong Utama, Subang Jaya City Council, Petaling, Selangor, Malaysia"
PANGSAPURI MAWAR,KUALA LUMPUR TOWN CENTRE,Kuala Lumpur,3.1816021,101.7534394,scheme,"Pangsapuri Mawar Sari, Setiawangsa, Kuala Lumpur, Malaysia"
PANGSAPURI MAWAR-TMN BKT SERDANG,PETALING,Petaling,3.0418261,101.686815,scheme,"Pangsapuri Mawar, Bukit Serdang, Seri Kembangan, Subang Jaya City Council, Petaling, Selangor, Malaysia"
PANGSAPURI MAYANG TAMAN PUNCAK JALIL,PETALING,Petaling,3.0362244,101.6788862,scheme,"Pangsapuri Mayang, Puncak Jalil, Seri Kembangan, Subang Jaya City Council, Petaling, Selangor, 43300, Malaysia"
PANGSAPURI MELUR,KUALA LUMPUR TOWN CENTRE,Kuala Lumpur,3.1849936,101.6962705,scheme,"Pangsapuri Melur, 72A, Kampung Chubadak Hilir, Kuala Lumpur, Malaysia"
"PANGSAPURI MELUR, KOTA DAMANSARA",PEKAN BARU SG BULUH,Petaling,,,none,
PANGSAPURI MERANTI- USJ 1,PEKAN PENAGA,Petaling,,,none,
PANGSAPURI MERU EHSAN,KAPAR,Klang,3.1347694,101.4332297,scheme,"Pangsapuri Meru Ehsan, Meru, Klang City, Klang, Selangor, Malaysia"
PANGSAPURI MUTIARA BUKIT RAJA 1,KAPAR,Klang,,,none,
PANGSAPURI MUTIARA BUKIT RAJA 2,KAPAR,Klang,,,none,
PANGSAPURI NURI DESA PETALING,MUKIM PETALING,Kuala Lumpur,,,none,
PANGSAPURI OPAL,PEKAN PUCHONG PERDANA,Petaling,3.1685567,101.5430092,scheme,"Pangsapuri Opal, Section U5, Shah Alam, Petaling, Selangor, Malaysia"
PANGSAPURI PALMA @ BDR BOTANIC,KELANG,Klang,2.9893542,101.4254743,scheme,"Pangsapuri Palma, Bandar Botanic, Port Klang, Klang City, Klang, Selangor, Malaysia"
PANGSAPURI PANTAI INDAH,JERAM,Kuala Selangor,,,none,
PANGSAPURI PELANGI COURT,BANDAR KELANG,Klang,,,none,
PANGSAPURI PENDAMAR A,KELANG,Klang,,,none,
PANGSAPURI PENDAMAR B,KELANG,Klang,,,none,
PANGSAPURI PERDANA-SEK 13 SHAH ALAM,BANDAR PETALING JAYA,Petaling,,,none,
PANGSAPURI PERDANA-SEK 13 SHAH ALAM,BANDAR SHAH ALAM,Petaling,,,none,
PANGSAPURI PEREPAT PERMAI,KAPAR,Klang,,,none,
PANGSAPURI PERMAI,KAPAR,Klang,3.0506463,101.4665596,scheme,"Pangsapuri Permai, Jalan Bukit Kuda, Taman Ros, Kampung Kuantan, Klang City, Klang, Selangor, 41300, Malaysia"
PANGSAPURI PERMAI,MUKIM PETALING,Kuala Lumpur,3.0640174,101.7059604,scheme,"Pangsapuri Permai, Sungai Besi, Kuala Lumpur, Malaysia"
"PANGSAPURI PERMAI INDAH, PANDAMARAN",PEKAN PENDAMARAN,Klang,,,none,
"PANGSAPURI PERMAI INDAH, PANDAMARAN JAYA",PEKAN PENDAMARAN,Klang,,,none,
PANGSAPURI PERMATA-PUCHONG PERMAI,PEKAN PUCHONG PERDANA,Petaling,,,none,
"PANGSAPURI PURI PESONA, BDR SG LONG",CHERAS,Hulu Langat,,,none,
PANGSAPURI PUTRA LAKSAMANA,BANDAR SELAYANG,Gombak,3.2461281,101.6760356,scheme,"Pangsapuri Putra Laksamana, Kampung Laksamana, Batu Caves, Selayang Municipal Council, Gombak, Selangor, Malaysia"
PANGSAPURI PUTRI LAKSAMANA,BANDAR SELAYANG,Gombak,3.2434836,101.6796382,scheme,"Pangsapuri Putri Laksamana, Kampung Indian Settlement Batu Caves, Batu Caves, Selayang Municipal Council, Gombak, Selang"
PANGSAPURI RANDA,KELANG,Klang,,,none,
"PANGSAPURI RANDA, KOTA KEMUNING",KELANG,Klang,,,none,
"PANGSAPURI REBANA, BDR BUKIT RAJA",KAPAR,Klang,,,none,
PANGSAPURI RESAK - U10 SHAH ALAM,BUKIT RAJA,Petaling,,,none,
PANGSAPURI RIMAU INDAH,KELANG,Klang,2.9989619,101.5210586,scheme,"Pangsapuri Rimau Indah, Section 32, Shah Alam, Klang, Selangor, Malaysia"
PANGSAPURI RIMAU PERDANA,KELANG,Klang,3.001277,101.5227025,scheme,"Pangsapuri Rimau Perdana, Section 32, Shah Alam, Klang, Selangor, Malaysia"
PANGSAPURI RIMBA 2,KAPAR,Klang,,,none,
PANGSAPURI SALVIA-SEK.11 KOTA D'SARA,PEKAN BARU SG BULUH,Petaling,,,none,
"PANGSAPURI SAMUDERA, PULAU INDAH",KELANG,Klang,,,none,
PANGSAPURI SARAKA-PST BDR PUCHONG,PEKAN KINRARA,Petaling,,,none,
PANGSAPURI SAUJANA DAMAI (P/L:4109),BANDAR KELANG,Klang,3.0418125,101.4420914,scheme,"Pangsapuri Saujana Damai, Kampung Atap, Klang City, Klang, Selangor, Malaysia"
PANGSAPURI SAUJANA-DAMANSARA DAMAI,PEKAN SUNGAI BULOH,Petaling,,,none,
PANGSAPURI SAUJANA-DAMANSARA DAMAI,SUNGAI BULUH,Petaling,,,none,
PANGSAPURI SEKATA SELANGORKU,DENGKIL,Sepang,,,none,
PANGSAPURI SELANGORKU @ SRI TEMENGGUNG,BANDAR SELAYANG,Gombak,,,none,
PANGSAPURI SELANGORKU @CENDANA,BANDAR KUNDANG,Gombak,,,none,
PANGSAPURI SELANGORKU SERUNI,CHERAS,Hulu Langat,,,none,
"PANGSAPURI SERI ERA, DESA LATANIA",KELANG,Klang,,,none,
PANGSAPURI SERI INTAN-BDR SETIA ALAM,BUKIT RAJA,Petaling,,,none,
PANGSAPURI SERI INTAN-BDR SETIA ALAM,PETALING,Petaling,,,none,
PANGSAPURI SERI KASTURI-BDR KINRARA,PEKAN KINRARA,Petaling,,,none,
PANGSAPURI SERI KAYAN-PINGGIRAN USJ,DAMANSARA,Petaling,,,none,
PANGSAPURI SERI MUSYTARI-U5,SUNGAI BULUH,Petaling,,,none,
"PANGSAPURI SERI PALMA, DESA LATANIA",KELANG,Klang,,,none,
PANGSAPURI SERI PELANGI,BANDAR KELANG,Klang,,,none,
PANGSAPURI SERI PELANGI-TASIK PRIMA,PEKAN PUCHONG PERDANA,Petaling,,,none,
PANGSAPURI SERI PERANTAU,PEKAN PORT SWETTENHAM,Klang,,,none,
PANGSAPURI SERI PINANG-BDR SETIA ALAM,BUKIT RAJA,Petaling,,,none,
PANGSAPURI SERI PROTON,KELANG,Klang,,,none,
PANGSAPURI SERI PURNAMA,SUNGAI BULUH,Petaling,3.1832307,101.5410613,scheme,"Pangsapuri Seri Purnama, Section U5, Sungai Buloh, Shah Alam, Petaling, Selangor, Malaysia"
PANGSAPURI SERI SERAYA @ PUNCAK BESTARI,IJOK,Kuala Selangor,,,none,
PANGSAPURI SERI SIANTAN-TMN SERDANG RAYA,PEKAN SERDANG,Petaling,3.0390109,101.7027311,scheme,"Pangsapuri Seri Siantan, Serdang Raya, Seri Kembangan, Subang Jaya City Council, Petaling, Selangor, 43300, Malaysia"
PANGSAPURI SERI SURIA,KELANG,Klang,,,none,
PANGSAPURI SEROJA-BKT JELUTONG,DAMANSARA,Petaling,,,none,
PANGSAPURI SRI ALPINA-BDR PUTERI PUCHONG,PETALING,Petaling,,,none,
PANGSAPURI SRI ANGKASA - SEKSYEN 28,PEKAN HICOM,Petaling,,,none,
"PANGSAPURI SRI ANGKASA, BAYU PERDANA",BANDAR KELANG,Klang,,,none,
"PANGSAPURI SRI ANGKASA, BAYU PERDANA",KELANG,Klang,,,none,
"PANGSAPURI SRI AYU, BDR PUTERA",KELANG,Klang,2.9943417,101.4926291,scheme,"Pangsapuri Sri Ayu, Lebuh Kebun Nenas 1/KS 7, Bandar Putera, Klang City, Klang, Selangor, 42450, Malaysia"
"PANGSAPURI SRI BAHTERA, BDR ARMADA PUTRA",KELANG,Klang,,,none,
PANGSAPURI SRI BANDAR,KUALA LUMPUR TOWN CENTRE,Kuala Lumpur,3.1750175,101.6826052,scheme,"Pangsapuri Sri Bandar, Kampung Kasipillay, Kuala Lumpur, Malaysia"
PANGSAPURI SRI BATU,MUKIM BATU,Kuala Lumpur,3.2019875,101.6604144,scheme,"Pangsapuri Sri Jinjang, Jinjang, Kepong, Kuala Lumpur, Malaysia"
"PANGSAPURI SRI BAYU, BAYU PERDANA",BANDAR KELANG,Klang,,,none,
PANGSAPURI SRI BUDIMAN -U10 SHAH ALAM,BUKIT RAJA,Petaling,,,none,
PANGSAPURI SRI CEMPAKA -PST BDR PUCHONG,PEKAN KINRARA,Petaling,,,none,
PANGSAPURI SRI IXORA - SEK 27 SHAH ALAM,PEKAN HICOM,Petaling,,,none,
PANGSAPURI SRI KEMUNING,KELANG,Klang,,,none,
PANGSAPURI SRI MELEWAR-U11 SHAH ALAM,BDR GLENMARIE,Petaling,3.094717,101.5566679,scheme,"Pangsapuri Sri Melewar, Section U1, Shah Alam, Petaling, Selangor, Malaysia"
PANGSAPURI SRI MELEWAR-U11 SHAH ALAM,PETALING,Petaling,3.094717,101.5566679,scheme,"Pangsapuri Sri Melewar, Section U1, Shah Alam, Petaling, Selangor, Malaysia"
PANGSAPURI SRI NERVILLIA,KELANG,Klang,,,none,
"PANGSAPURI SRI NERVILLIA, KOTA KEMUNING",KELANG,Klang,,,none,
PANGSAPURI SRI PELANGI -PST BDR PUCHONG,PEKAN PUCHONG PERDANA,Petaling,,,none,
PANGSAPURI SRI PINANG-PST BDR PUCHONG,PEKAN KINRARA,Petaling,,,none,
PANGSAPURI SRI RASAU,KAPAR,Klang,3.0601121,101.4838422,scheme,"Pangsapuri Taman Sri Rasau Seksyen 16, Section 16, Shah Alam, Klang, Selangor, Malaysia"
PANGSAPURI SRI SENTUL,MUKIM SETAPAK,Kuala Lumpur,3.1823236,101.6980509,scheme,"Pangsapuri Sri Perak, Jalan 1/48A, Kampung Chubadak Hilir, Kuala Lumpur, 51000, Malaysia"
PANGSAPURI SUBANG JAYA-SS15 S.JAYA,BANDAR SUBANG JAYA,Petaling,,,none,
PANGSAPURI SUITE DANAU KOTA,MUKIM SETAPAK,Kuala Lumpur,,,none,
PANGSAPURI SURIA SUBANG-BT.3 SHAH ALAM,DAMANSARA,Petaling,3.186039,101.533898,scheme,"Pangsapuri Subang Suria, Section U5, Sungai Buloh, Shah Alam, Petaling, Selangor, Malaysia"
PANGSAPURI SURIAMAS - PJS 10,BDR SUNWAY,Petaling,,,none,
PANGSAPURI SUTRAMAS - BDR PUCHONG JAYA,PEKAN KINRARA,Petaling,,,none,
PANGSAPURI TAINIA-SEK 11 KOTA DAMANSARA,PEKAN BARU SG BULUH,Petaling,,,none,
PANGSAPURI TASIK,KELANG,Klang,3.0016304,101.542637,scheme,"Lakes Condominiums, Section 31, Shah Alam, Klang, Selangor, Malaysia"
PANGSAPURI TEMASYA KASIH-U1 S.ALAM,BDR GLENMARIE,Petaling,,,none,
"PANGSAPURI TMN SRI NELAYAN, TELOK GONG",KELANG,Klang,,,none,
"PANGSAPURI TRIFOLIS, BDR BUKIT TINGGI",KELANG,Klang,,,none,
"PANGSAPURI TRIFOLIS, BDR BUKIT TINGGI 2",KELANG,Klang,,,none,
"PANGSAPURI TUN TEJA 1, ALAM IMPIAN",KELANG,Klang,3.0123784,101.4977818,scheme,"Pangsapuri Tun Teja 1, Block B, Jalan Tok Janggut 35/77A, Setia Alam Impian, Section 35, Shah Alam, Klang, Selangor, 404"
PANGSAPURI UNIVILLAGE,SEMENYIH,Hulu Langat,,,none,
"PANGSAPURI VALENCIA, TMN SRI MUDA",BANDAR SHAH ALAM,Klang,3.0340619,101.5331434,scheme,"Pangsapuri Valencia, Section 25, Taman Sri Muda, Shah Alam, Klang, Selangor, Malaysia"
PANGSAPURI VILLAMAS,KAPAR,Klang,3.0692295,101.4203184,scheme,"Pangsapuri Villamas, Kampung Batu 3, Klang City, Klang, Selangor, Malaysia"
PANGSAPURI VISTA SERDANG-TMN BKT SERDANG,PETALING,Petaling,3.0380843,101.6897446,scheme,"Pangsapuri Vista Serdang, Bukit Serdang, Seri Kembangan, Subang Jaya City Council, Petaling, Selangor, Malaysia"
PANGSAPURI WIRA DAMAI,BANDAR SELAYANG,Gombak,,,none,
PANGSARIA PETALING,MUKIM PETALING,Kuala Lumpur,3.083686,101.71171,scheme,"Pangsaria, Jalan 2/125, Desa Petaling, Bandar Tun Razak, Salak South, Kuala Lumpur, 56000, Malaysia"
PANORAMA RESIDENCE,MUKIM BATU,Kuala Lumpur,,,none,
PANTAI AVENUE (BUKIT KERINCHI),MUKIM KUALA LUMPUR,Kuala Lumpur,3.1125722,101.6675689,scheme,"BT Malaysia, Avenue 7, Bangsar South, Pantai Dalam, Kuala Lumpur, 59200, Malaysia"
PANTAI DALAM KG. KERINCHI,MUKIM KUALA LUMPUR,Kuala Lumpur,3.1141982,101.6630941,scheme,"Malaysia China Silk Road Entrepreneurs Association, 2, Jalan Kerinchi, Kampung Kerinchi, Pantai Dalam, Kuala Lumpur, 592"
PANTAI HILL,MUKIM KUALA LUMPUR,Kuala Lumpur,3.1233237,101.6678576,road,"Lorong Bukit Pantai 1, Pantai Hills, Bangsar, Kuala Lumpur, 59100, Malaysia"
PANTAI HILLPARK APARTMENT,MUKIM KUALA LUMPUR,Kuala Lumpur,,,none,
PANTAI INDAH,MUKIM KUALA LUMPUR,Kuala Lumpur,3.0942004,101.668097,scheme,"Apartment Pantai Indah, Pantai Dalam, Kuala Lumpur, 59200, Malaysia"
PANTAI PANORAMA CONDOMINIUM,MUKIM KUALA LUMPUR,Kuala Lumpur,,,none,
PANTAI PANORAMA KONDO,MUKIM KUALA LUMPUR,Kuala Lumpur,,,none,
PANTAI PANORAMA KONDO,MUKIM SETAPAK,Kuala Lumpur,,,none,
PANTAI TOWER,MUKIM KUALA LUMPUR,Kuala Lumpur,3.115238,101.6687697,scheme,"Tower B (Menara Pantai), Federal Highway Motorcycle Lane, Pantai Baru, Pantai Dalam, Kuala Lumpur, 50614, Malaysia"
PAPILLON DESA HILL CONDO,MUKIM KUALA LUMPUR,Kuala Lumpur,,,none,
PAR3 (IOI RESORT),PEKAN BUKIT BISA,Sepang,2.9658847,101.7103689,scheme,"Par3 Condo & Condo Villa, IOI Resort City, Sepang, Selangor, Malaysia"
PAR3 CONDO & CONDO VILLA,PEKAN BUKIT BISA,Sepang,2.9658847,101.7103689,scheme,"Par3 Condo & Condo Villa, IOI Resort City, Sepang, Selangor, Malaysia"
PARADESA RUSTICA-BDR BARU SRI D'SARA,BDR SRI DAMANSARA,Petaling,,,none,
PARADESA TROPICA-BDR BRU SRI D'SARA,BDR SRI DAMANSARA,Petaling,,,none,
PARAGON 3- LESTARI PERDANA,PETALING,Petaling,,,none,
PARAGON VALLEY,BATU,Gombak,,,none,
PARAISO @ THE EARTH,MUKIM CHERAS,Kuala Lumpur,3.0476161,101.6718157,scheme,"Paraiso Residence Bukit Jalil, Jalan Jalil 2, The Earth, Bukit Jalil, Kuala Lumpur, 57000, Malaysia"
PARAISO @ THE EARTH,MUKIM PETALING,Kuala Lumpur,3.0476161,101.6718157,scheme,"Paraiso Residence Bukit Jalil, Jalan Jalil 2, The Earth, Bukit Jalil, Kuala Lumpur, 57000, Malaysia"
PARK AVENUE CONDOMINIUM-DAMANSARA DAMAI,SUNGAI BULUH,Petaling,,,none,
PARK SEVEN,KUALA LUMPUR TOWN CENTRE,Kuala Lumpur,3.1535522,101.7171364,scheme,"Park Seven, Bukit Bintang, Kuala Lumpur, Malaysia"
PARK VILLA CONDO-BDR PUCHONG JAYA,PEKAN PUCHONG JAYA,Petaling,,,none,
PARKROSE CONDOMINIUM,MUKIM KUALA LUMPUR,Kuala Lumpur,,,none,
PAVILION HILTOP MONT KIARA,MUKIM BATU,Kuala Lumpur,,,none,
"PCHG PRIMA-MELOR, LILY & ELINA",PEKAN PUCHONG PERDANA,Petaling,,,none,
"PCHG PRIMA-MELOR, LILY & ELINA",PETALING,Petaling,,,none,
PEARL AVENUE CONDO,BANDAR BARU BANGI,Hulu Langat,,,none,
PEARL COURT,KUALA LUMPUR TOWN CENTRE,Kuala Lumpur,3.1292686,101.6828204,scheme,"Pearl Court, Brickfields, Kuala Lumpur, Malaysia"
PEARL POINT,MUKIM PETALING,Kuala Lumpur,3.0834908,101.6711068,scheme,"Pearl Point, Jalan Awan Mendung, Bandar Park, Overseas Union Garden, Kuala Lumpur, 58200, Malaysia"
PECAHAN LOT 3053,DENGKIL,Sepang,,,none,
PECAHAN LOT 3313 ( KPG MAYA ),MUKIM KUALA LUMPUR,Kuala Lumpur,3.0946519,101.7074533,road,"Jalan 27C, New Salak South Village, Bandar Sri Permaisuri, Salak South, Kuala Lumpur, 51020, Malaysia"
PEKAN KAPAR (P/L 17),KAPAR,Klang,3.1375054,101.3730576,scheme,"Pekan Kapar, Jalan Kapar - Kuala Selangor, Taman Pin Ke, Kapar, Klang City, Klang, Selangor, 42200, Malaysia"
PEKAN MERU,KAPAR,Klang,3.080054,101.4475649,scheme,"Taman Sri Pekan, Jalan Meru, Taman Seri Pekan, Klang City, Klang, Selangor, 41050, Malaysia"
PEKAN MERU,PEKAN MERU,Klang,3.080054,101.4475649,scheme,"Taman Sri Pekan, Jalan Meru, Taman Seri Pekan, Klang City, Klang, Selangor, 41050, Malaysia"
PEKAN PETALING,MUKIM PETALING,Kuala Lumpur,3.0505833,101.6994837,scheme,"Technology Park Malaysia, Sungai Besi, Kuala Lumpur, Malaysia"
PEKAN RAWANG,BANDAR RAWANG,Gombak,3.3201269,101.5789898,scheme,"Lembaga Hasil Dalam Negeri Malaysia (LHDN) Pusat Khidmat Hasil Rawang, 47, Jalan Bandar Rawang 8, Bandar Baru Rawang, Ka"
PEKAN SEMENYIH,PEKAN SEMENYIH,Hulu Langat,2.9476414,101.8446311,scheme,"Pos Malaysia, Jalan Bangi Lama, Pekan Semenyih, Semenyih, Kajang Municipal Council, Hulu Langat, Selangor, 43500, Malays"
PEKAN TEMPLER,PEKAN TEMPLER,Gombak,,,none,
PELABUHAN KLANG,KELANG,Klang,2.9996963,101.3913589,scheme,"Port Klang, Jalan Syahbandar, Bagan Hailam, Port Klang, Klang City, Klang, Selangor, 42009, Malaysia"
PELABUHAN KLANG,PEKAN PORT SWETTENHAM,Klang,2.9996963,101.3913589,scheme,"Port Klang, Jalan Syahbandar, Bagan Hailam, Port Klang, Klang City, Klang, Selangor, 42009, Malaysia"
PELANGI ASTANA - PJU 6 PETALING JAYA,BANDAR PETALING JAYA,Petaling,3.1532128,101.6035557,scheme,"Pelangi Astana, Persiaran Surian, PJU 6, Mutiara Damansara, Petaling Jaya, Petaling, Selangor, 47800, Malaysia"
PELANGI CONDO,MUKIM SETAPAK,Kuala Lumpur,,,none,
PELANGI CONDOMINIUM,MUKIM SETAPAK,Kuala Lumpur,3.1970149,101.7129275,scheme,"Sri Pelangi Condominium, Setapak, Kampung Padang Balang, Kuala Lumpur, Malaysia"
PELANGI COURT,BANDAR KELANG,Klang,,,none,
"PELANGI DAMANSARA 2-PJU 6 , P.JAYA",BANDAR PETALING JAYA,Petaling,,,none,
"PELANGI DAMANSARA 2-PJU 6 , P.JAYA",PEKAN KAYU ARA,Petaling,,,none,
"PELANGI DAMANSARA FASA 1A-PJU 6, P.JAYA",BANDAR PETALING JAYA,Petaling,,,none,
"PELANGI DAMANSARA FASA 1A-PJU 6, P.JAYA",PEKAN KAYU ARA,Petaling,,,none,
"PELANGI DAMANSARA SENTRAL-PJU 6, P.JAYA",BANDAR PETALING JAYA,Petaling,,,none,
PELANGI HEIGHTS,BANDAR KELANG,Klang,,,none,
PELANGI INDAH,BANDAR KELANG,Klang,,,none,
PELANGI INDAH CONDO,MUKIM BATU,Kuala Lumpur,,,none,
PELANGI INDAH CONDO,MUKIM PETALING,Kuala Lumpur,,,none,
PELANGI INDAH CONDOMINIUM,MUKIM BATU,Kuala Lumpur,3.1976694,101.6770352,scheme,"Pelangi Indah Condominium, 4 1/2 Miles, Kampung Medan Wira Utama, Kuala Lumpur, 51200, Malaysia"
PELANGI UTAMA-JLN PJU 6A,PEKAN KAYU ARA,Petaling,,,none,
PENINSULA  PARK (S/L 441),PEKAN PASIR PENAMBANG,Kuala Selangor,3.3435289,101.2557504,scheme,"Peninsula Park, Pasir Penambang, Kuala Selangor, Selangor, Malaysia"
PENINSULA PARK @ ECO SYMPHONY RESIDENCE,PEKAN PASIR PENAMBANG,Kuala Selangor,3.3548238,101.2487076,scheme,"Jalan Peninsula Lili 1, Eco Symphony Residence, Peninsula Park, Pasir Penambang, Kuala Selangor, Selangor, 45000, Malays"
PERDANA EMERALD KONDO-BDR D'SARA PERDANA,SUNGAI BULUH,Petaling,,,none,
PERDANA EXCLUSIVE CONDOMINIUM,SUNGAI BULUH,Petaling,3.1690682,101.6050346,scheme,"Perdana Exclusive Condominium, PJU 8, Damansara Perdana (PJU 8), Petaling Jaya, Petaling, Selangor, Malaysia"
PERDANA HEIGHTS,BUKIT RAJA,Petaling,3.1402564,101.4935448,scheme,"Perdana Heights, Section U10, Shah Alam, Petaling, Selangor, Malaysia"
PERDANA RESIDENCE,BANDAR SELAYANG,Gombak,3.2571023,101.6460185,scheme,"Perdana Residence, Bukit Idaman, Jalan Ipoh, Puncak Templer, Batu Caves, Selayang Municipal Council, Gombak, Selangor, 6"
PERDANA RESIDENCE 2,BANDAR SELAYANG,Gombak,3.3297016,101.5298663,road,"Jalan Desa 2/6, Phase 2 Bandar Country Homes, Bandar Country Homes, Selayang Municipal Council, Gombak, Selangor, 48000,"
PERDANA VIEW BOUTIQUE KONDOMINIUM,SUNGAI BULUH,Petaling,,,none,
PERDANA VIEW CONDOMINIUM-D'SARA PERDANA,SUNGAI BULUH,Petaling,,,none,
PERDANA VILLA APARTMENT,KELANG,Klang,,,none,
PERINDU TOWNHOUSE,MUKIM SETAPAK,Kuala Lumpur,,,none,
PERMAI APARTMENT-PJU 3,BDR DAMANSARA,Petaling,3.1325561,101.5994407,scheme,"Permai Apartment, PJU 3, Bandar Utama, Petaling Jaya, Petaling, Selangor, Malaysia"
PERMAI APARTMENT-PJU 3,DAMANSARA,Petaling,3.1325561,101.5994407,scheme,"Permai Apartment, PJU 3, Bandar Utama, Petaling Jaya, Petaling, Selangor, Malaysia"
PERMAI APT - DAMANSARA DAMAI,SUNGAI BULUH,Petaling,3.1943011,101.5883025,scheme,"Permai Apartment, Jalan PJU 10/1, Damansara Damai, PJU 10, Petaling Jaya, Petaling, Selangor, 47930, Malaysia"
PERMAI COURT-PUCHONG PERMAI,PEKAN PUCHONG PERDANA,Petaling,3.0079606,101.5996514,scheme,"Permai Court Puchong Perdana (Opp), Persiaran Puchong Perdana, Puchong Permai, Puchong Perdana, Puchong, Subang Jaya Cit"
PERMAI RIA CONDOMINIUM,MUKIM BATU,Kuala Lumpur,3.2065246,101.6762208,scheme,"Permai Ria Condominium, Kampung Medan Wira Utama, Kuala Lumpur, Malaysia"
PERMAI VILLA-PUCHONG PERMAI,PEKAN PUCHONG PERDANA,Petaling,,,none,
PERMATA RESIDENCE@ CHERAS,CHERAS,Hulu Langat,,,none,
PERTIWI INDAH APARTMENT,MUKIM AMPANG,Kuala Lumpur,,,none,
PERUMAHAN AWAM JELATEK,KUALA LUMPUR TOWN CENTRE,Kuala Lumpur,,,none,
PERUMAHAN AWAM SERI KELANTAN,MUKIM SETAPAK,Kuala Lumpur,3.191045,101.6921266,scheme,"Perumahan Awam Seri Kelantan, Kampung Chubadak Hilir, Kuala Lumpur, Malaysia"
PERUMAHAN AWAM SERI KOTA,MUKIM KUALA LUMPUR,Kuala Lumpur,,,none,
PERUMAHAN BERJUNTAI TIN,BATANG BERJUNTAI,Kuala Selangor,,,none,
PERUMAHAN DESA REJANG,MUKIM KUALA LUMPUR,Kuala Lumpur,3.1877156,101.7311605,scheme,"Perumahan Awam Desa Rejang, Setiawangsa, Hulu Kelang, Kuala Lumpur, 54100, Malaysia"
PERUMAHAN DESA REJANG,MUKIM SETAPAK,Kuala Lumpur,3.1877156,101.7311605,scheme,"Perumahan Awam Desa Rejang, Setiawangsa, Hulu Kelang, Kuala Lumpur, 54100, Malaysia"
PERUMAHAN KINRARA,PEKAN KINRARA,Petaling,3.0362066,101.657426,scheme,"Perumahan Hening, Jalan Kinrara 6, Bandar Kinrara, Subang Jaya City Council, Petaling, Selangor, 47180, Malaysia"
PERUMAHAN KINRARA,PETALING,Petaling,3.0430988,101.6418015,scheme,"Perumahan BK 5, Jalan Kinrara 5, Bandar Kinrara, Puchong, Subang Jaya City Council, Petaling, Selangor, 47180, Malaysia"
PERUMAHAN KOS RENDAH PAYA JARAS,SUNGAI BULUH,Petaling,,,none,
PERUMAHAN KOS RENDAH PEKAN BATU ARANG,BANDAR BATU ARANG,Gombak,,,none,
PERUMAHAN LADANG TENNAMARAM,BATANG BERJUNTAI,Kuala Selangor,3.4023606,101.4038156,scheme,"Kompleks Perumahan dan Pengurusan Ladang Tennamaram, Sime Darby Plantation Ladang Tennamaram, Bestari Jaya, Kuala Selang"
PERUMAHAN LADANG TENNAMARAM,IJOK,Kuala Selangor,3.4023606,101.4038156,scheme,"Kompleks Perumahan dan Pengurusan Ladang Tennamaram, Sime Darby Plantation Ladang Tennamaram, Bestari Jaya, Kuala Selang"
PERUMAHAN PKNS JLN PETOLA,KELANG,Klang,,,none,
PERUMAHAN RAKYAT PANTAI PERMAI,MUKIM KUALA LUMPUR,Kuala Lumpur,,,none,
PERUMAHAN SENTUL UTARA,MUKIM SETAPAK,Kuala Lumpur,,,none,
PESONA VILLA,HULU KLANG,Gombak,3.2154582,101.7647572,scheme,"Pesona Villa, Kampung Kemensah, Ulu Kelang, Ampang Jaya Municipal Council, Gombak, Selangor, Malaysia"
PETALING GARDEN,MUKIM BATU,Kuala Lumpur,3.1985153,101.6755308,scheme,"Petaling Street Charcoal Hokkien Mee, 46, Jalan Manjoi, Kok Lian Garden, Batu, Kuala Lumpur, 51200, Malaysia"
PETALING INDAH,MUKIM PETALING,Kuala Lumpur,3.0767866,101.6800631,scheme,"POS MALAYSIA, Jalan Perisa 2, Taman Bukit Indah, Overseas Union Garden, Kuala Lumpur, 58200, Malaysia"
PGB PLAZA CITY APT,KUALA LUMPUR TOWN CENTRE,Kuala Lumpur,,,none,
PGB PLAZA CITY APT,MUKIM PETALING,Kuala Lumpur,,,none,
PINANG APARTMENT,MUKIM PETALING,Kuala Lumpur,3.0728129,101.6539172,scheme,"Apartment Pinang 1C, Overseas Union Garden, Kuala Lumpur, Malaysia"
"PINANG HEIGHTS - SEK.18, SHAH ALAM",BANDAR SHAH ALAM,Petaling,,,none,
PINGGIRAN BATU CAVES,BANDAR RAWANG,Gombak,3.2553978,101.693314,scheme,"Pinggiran Batu Caves, Batu Caves, Selayang Municipal Council, Gombak, Selangor, 65100, Malaysia"
PINGGIRAN BATU CAVES,BANDAR SELAYANG,Gombak,3.2616274,101.6518918,scheme,"Taman Pinggiran Templer (Utara), Persiaran 1, Persiaran 1, Puncak Templer, Bandar Baru Selayang, Batu Caves, Selayang Mu"
PINGGIRAN BATU CAVES,BATU,Gombak,3.2553978,101.693314,scheme,"Pinggiran Batu Caves, Batu Caves, Selayang Municipal Council, Gombak, Selangor, 65100, Malaysia"
PINGGIRAN KIAR T.T. DR. ISMAIL,MUKIM KUALA LUMPUR,Kuala Lumpur,3.1566634,101.6209532,road,"Jalan 3/71B, Pinggiran TTDI, Kuala Lumpur, 47820, Malaysia"
PINGGIRAN KIARA,MUKIM KUALA LUMPUR,Kuala Lumpur,3.1521745,101.631367,scheme,"Pinggiran Kiara, Taman Tun Dr Ismail, Kuala Lumpur, 60000, Malaysia"
PINGGIRAN SG. LONG (CHERAS),CHERAS,Hulu Langat,3.0389114,101.7880414,scheme,"Taman Pinggiran Sungai Long, Bandar Mahkota Cheras, Kajang Municipal Council, Hulu Langat, Selangor, 43000, Malaysia"
PINGGIRAN SUNGAI BULOH,SUNGAI BULUH,Petaling,3.1864363,101.5377591,scheme,"Jalan Pinggiran Teratai, Section U5, Sungai Buloh, Shah Alam, Petaling, Selangor, 40160, Malaysia"
PINGGIRAN UKAY,BANDAR HULU KELANG,Gombak,3.1898105,101.7637954,scheme,"Pinggiran Ukay, Bukit Antarabangsa, Ulu Kelang, Ampang Jaya Municipal Council, Gombak, Selangor, Malaysia"
PINGGIRAN USJ,DAMANSARA,Petaling,3.0517141,101.5569025,scheme,"Taman Pinggiran USJ 1, Subang Hi-Tech, Batu Tiga, Subang Jaya City Council, Petaling, Selangor, 47600, Malaysia"
PINGGIRAN USJ,PEKAN PENAGA,Petaling,3.0517141,101.5569025,scheme,"Taman Pinggiran USJ 1, Subang Hi-Tech, Batu Tiga, Subang Jaya City Council, Petaling, Selangor, 47600, Malaysia"
PINGGIRAN USJ,PEKAN SUBANG JAYA,Petaling,3.0517141,101.5569025,scheme,"Taman Pinggiran USJ 1, Subang Hi-Tech, Batu Tiga, Subang Jaya City Council, Petaling, Selangor, 47600, Malaysia"
PJ MIDTOWN,BANDAR PETALING JAYA,Petaling,3.1136693,101.6406572,scheme,"PJ Midtown, Jalan Kemajuan, Section 13, Petaling Jaya, Petaling, Selangor, 46200, Malaysia"
PJ ONE-PJS 1,BANDAR PETALING JAYA,Petaling,3.0820183,101.6437359,scheme,"PJ One Motor, Medan Maju Jaya, PJS 1, Petaling Jaya South, Petaling Jaya, Petaling, Selangor, 46050, Malaysia"
PJ ONE-PJS 1,BDR PETALING JAYA SELATAN,Petaling,3.0820183,101.6437359,scheme,"PJ One Motor, Medan Maju Jaya, PJS 1, Petaling Jaya South, Petaling Jaya, Petaling, Selangor, 46050, Malaysia"
PJS 11 BDR SUNWAY,BDR SUNWAY,Petaling,3.0639234,101.6007834,scheme,"Monash University Malaysia, Persiaran Tasik Barat, PJS 11, Sunway City, Puchong, Subang Jaya City Council, Petaling, Sel"
PJS 2,BDR PETALING JAYA SELATAN,Petaling,3.0774433,101.6148653,scheme,"2, Lorong PJS 6/3D, Kampung Lindungan, PJS 6, Sunway City, Petaling Jaya, Petaling, Selangor, 46150, Malaysia"
PJS 2 - JLN  PJS 2B/1(DESA MENTARI 2),BDR PETALING JAYA SELATAN,Petaling,,,none,
PJS 2-TMN MEDAN JAYAJLN 2/1-2/5,BDR PETALING JAYA SELATAN,Petaling,,,none,
PJS 2. JLN 2D/1,BDR PETALING JAYA SELATAN,Petaling,,,none,
PJS 4,BDR PETALING JAYA SELATAN,Petaling,3.0774435,101.6149273,scheme,"4, Lorong PJS 6/3D, Kampung Lindungan, PJS 6, Sunway City, Petaling Jaya, Petaling, Selangor, 46150, Malaysia"
PJS 4,PETALING,Petaling,3.0746315,101.6288714,scheme,"PJS 4, Petaling Jaya South, Petaling Jaya, Petaling, Selangor, Malaysia"
PJS 5-JLN 5/2A-5/18,BDR PETALING JAYA SELATAN,Petaling,,,none,
PJS 5-JLN 5/2A-5/18,BDR SUNWAY,Petaling,,,none,
PJS 5-JLN 5/2A-5/18,PETALING,Petaling,,,none,
PJS 5-TMN DESARIA,BDR PETALING JAYA SELATAN,Petaling,3.0787134,101.6198521,scheme,"Jalan PJS 5/12, Taman Desa Ria, PJS 5, Petaling Jaya South, Petaling Jaya, Petaling, Selangor, 46150, Malaysia"
PJS 5-TMN DESARIA,PETALING,Petaling,3.0803441,101.6220824,scheme,"Jalan PJS 5/7, Taman Desa Ria, PJS 5, Petaling Jaya South, Petaling Jaya, Petaling, Selangor, 46150, Malaysia"
PJS 6 - JLN 6/4E,BDR SUNWAY,Petaling,,,none,
PJS 6 - JLN 6/6 - 6G,BDR SUNWAY,Petaling,3.083333,101.583333,scheme,"Petaling, Selangor, Malaysia"
PJS 6 KG.LINDUNGAN JLN 5A-5G,BDR SUNWAY,Petaling,,,none,
PJS 9  BDR SUNWAY,BDR SUNWAY,Petaling,3.0666576,101.6121695,scheme,"PJS 9, Sunway City, Puchong, Subang Jaya City Council, Petaling, Selangor, Malaysia"
PJS 9  BDR SUNWAY,PEKAN PENAGA,Petaling,3.0666576,101.6121695,scheme,"PJS 9, Sunway City, Puchong, Subang Jaya City Council, Petaling, Selangor, Malaysia"
PKNS FLAT (JLN RAJA MUDA MUSA),KUALA LUMPUR TOWN CENTRE,Kuala Lumpur,3.1657938,101.7143982,scheme,"Rumah Pangsa PKNS Jalan Tun Razak, Kampung Paya, Kampung Bharu, Kuala Lumpur, Malaysia"
PKNS FLAT JLN KUCHING (TMN SRI DELIMA ),MUKIM BATU,Kuala Lumpur,,,none,
PKNS FLAT(JLN RAJA MUDA MUSA),KUALA LUMPUR TOWN CENTRE,Kuala Lumpur,3.1657938,101.7143982,scheme,"Rumah Pangsa PKNS Jalan Tun Razak, Kampung Paya, Kampung Bharu, Kuala Lumpur, Malaysia"
PKNS KAMPUNG KERINCHI,MUKIM KUALA LUMPUR,Kuala Lumpur,3.112281,101.6621562,scheme,"Flat PKNS Kerinchi, Jalan Kerinchi, Kampung Kerinchi, Pantai Dalam, Kuala Lumpur, 59200, Malaysia"
PKNS KG. KERINCHI,MUKIM KUALA LUMPUR,Kuala Lumpur,3.112281,101.6621562,scheme,"Flat PKNS Kerinchi, Jalan Kerinchi, Kampung Kerinchi, Pantai Dalam, Kuala Lumpur, 59200, Malaysia"
PKNS ULU KELANG,MUKIM ULU KELANG,Kuala Lumpur,3.1761821,101.7495841,road,"Jalan AU 2C, Taman Seri Keramat, Taman Sri Keramat (AU 2), Ulu Kelang, Kuala Lumpur, Gombak, Selangor, 54200, Malaysia"
"PL 5165, PULAU INDAH",KELANG,Klang,2.9830133,101.4133824,scheme,"BHPetrol Pulau Indah, Pulau Indah Expressway, Pendamar Villa, Port Klang, Klang City, Klang, Selangor, 42009, Malaysia"
PL 6927,PEKAN KAPAR,Klang,,,none,
PLATINIUM LAKE CONDO PV 16,MUKIM SETAPAK,Kuala Lumpur,,,none,
PLATINIUM LAKE CONDO PV20,MUKIM SETAPAK,Kuala Lumpur,,,none,
PLATINIUM LAKE CONDOMINIUM PV20,MUKIM SETAPAK,Kuala Lumpur,,,none,
PLATINUM HILL CONDO PV2,MUKIM SETAPAK,Kuala Lumpur,,,none,
PLATINUM HILL CONDO PV3,MUKIM SETAPAK,Kuala Lumpur,,,none,
PLATINUM HILL CONDO PV5,MUKIM SETAPAK,Kuala Lumpur,,,none,
PLATINUM HILL CONDO PV6,MUKIM SETAPAK,Kuala Lumpur,,,none,
PLATINUM HILL CONDO PV8,MUKIM SETAPAK,Kuala Lumpur,,,none,
PLATINUM LAKE CONDO PV10,MUKIM SETAPAK,Kuala Lumpur,,,none,
PLATINUM LAKE CONDO PV12,MUKIM SETAPAK,Kuala Lumpur,,,none,
PLATINUM LAKE CONDO PV15,MUKIM SETAPAK,Kuala Lumpur,,,none,
PLATINUM LAKE PV13,MUKIM KUALA LUMPUR,Kuala Lumpur,3.200966,101.7156384,scheme,"Platinum Lake Condominium, Setapak, Kampung Padang Balang, Kuala Lumpur, Malaysia"
PLATINUM LAKE PV13,MUKIM SETAPAK,Kuala Lumpur,3.200966,101.7156384,scheme,"Platinum Lake Condominium, Setapak, Kampung Padang Balang, Kuala Lumpur, Malaysia"
PLAZA 393 CITY APT,KUALA LUMPUR TOWN CENTRE,Kuala Lumpur,,,none,
PLAZA GM ( PLAZA MUTIARA ),KUALA LUMPUR TOWN CENTRE,Kuala Lumpur,3.1659164,101.6970492,scheme,"Plaza GM, Lorong Chow Kit, Chow Kit, Kampung Cendana, Kuala Lumpur, 50300, Malaysia"
PLAZA KLH BUS. CENTRE PUCHONG,PEKAN DESA PUCHONG,Petaling,,,none,
PLAZA MENJALARA,MUKIM BATU,Kuala Lumpur,3.1942579,101.6297863,scheme,"Plaza Menjalara, Jalan Menjalara Idaman, Menjalara City, Kepong, Kuala Lumpur, 52200, Malaysia"
PLAZA PRIMA APARTMENT,MUKIM BATU,Kuala Lumpur,,,none,
PLAZA PRIMA SETAPAK APARTMENT,MUKIM SETAPAK,Kuala Lumpur,,,none,
PLAZA RAH (KG.BARU),KUALA LUMPUR TOWN CENTRE,Kuala Lumpur,3.1669415,101.7034328,scheme,"Plaza RAH, 111, Jalan Raja Abdullah, Kampung Hujung Pasir, Chow Kit, Kampung Bharu, Kuala Lumpur, 50300, Malaysia"
PLAZA SERDANG RAYA,PEKAN SERDANG,Petaling,3.04235,101.7041344,scheme,"Plaza Serdang Raya, Jalan SR 7/6, Serdang Raya 7, Serdang Raya, Seri Kembangan, Subang Jaya City Council, Petaling, Sela"
PLAZA SINAR (KEDIAMAN),MUKIM BATU,Kuala Lumpur,3.1897612,101.6534152,scheme,"Plaza Sri Sinar, Jalan Lang Emas, Taman Sri Sinar, Segambut, Kepong, Kuala Lumpur, 52000, Malaysia"
PORT GARDEN,BANDAR KELANG,Klang,,,none,
PORT GARDEN,KELANG,Klang,3.020986,101.4130824,road,"Jalan Melikai 44, Taman Pelabuhan, Kampung Raja Uda, Port Klang, Klang City, Klang, Selangor, 42000, Malaysia"
PPA1M BUKIT JALIL,MUKIM PETALING,Kuala Lumpur,3.0540426,101.6966827,scheme,"PPA1M Bukit Jalil, Bukit Jalil, Kuala Lumpur, 57000, Malaysia"
PPA1M LARAI,BANDAR PUTRAJAYA,Putrajaya,,,none,
PPA1M MERCU JALIL @ BUKIT JALIL,MUKIM PETALING,Kuala Lumpur,,,none,
PPA1M METROPOLITAN KEPONG,MUKIM BATU,Kuala Lumpur,,,none,
PPA1M PUDINA,BANDAR PUTRAJAYA,Putrajaya,,,none,
PPA1M SERULING,BANDAR PUTRAJAYA,Putrajaya,,,none,
PPAM KASTURI,BANDAR PUTRAJAYA,Putrajaya,,,none,
PPAM KETUMBAR,BANDAR PUTRAJAYA,Putrajaya,,,none,
PPAM KETUMBAR,KUALA LUMPUR TOWN CENTRE,Kuala Lumpur,,,none,
PPAM MELINJAU,BANDAR PUTRAJAYA,Putrajaya,2.9673616,101.6673958,scheme,"PPAM Melinjau, Precinct 11, Putrajaya, Malaysia"
PPAM RESIDENSI VISTA DEDANAU,MUKIM SETAPAK,Kuala Lumpur,,,none,
PPR DESA PETALING,MUKIM PETALING,Kuala Lumpur,3.0818131,101.7139536,scheme,"PPR Desa Petaling, Bandar Tun Razak, Salak South, Kuala Lumpur, 56000, Malaysia"
PPR DESA TUN RAZAK,MUKIM PETALING,Kuala Lumpur,3.0787204,101.7161816,scheme,"PPR Desa Tun Razak, Bandar Tun Razak, Cheras, Kuala Lumpur, 56000, Malaysia"
PPR HILIRAN AMPANG,MUKIM AMPANG,Kuala Lumpur,3.1501236,101.7459306,scheme,"PPR Hiliran Ampang, Ampang Hilir, Kampung Pandan, Kuala Lumpur, Malaysia"
PPR INTAN BAIDURI,MUKIM BATU,Kuala Lumpur,3.2342445,101.6542297,scheme,"PPR Intan Baiduri, Kepong, Kuala Lumpur, Malaysia"
PPR KERINCHI LEMBAH PANTAI,MUKIM KUALA LUMPUR,Kuala Lumpur,3.1065112,101.6685219,scheme,"PPR Kerinchi, Pantai Dalam, Kuala Lumpur, 59200, Malaysia"
PPR KG. BARU AIR PANAS,MUKIM SETAPAK,Kuala Lumpur,3.1952954,101.7193732,scheme,"PPR Kampung Baru Air Panas, Setapak, Kuala Lumpur, 53200, Malaysia"
PPR KG. BATU MUDA,MUKIM BATU,Kuala Lumpur,,,none,
PPR KG. LIMAU,KUALA LUMPUR TOWN CENTRE,Kuala Lumpur,3.1086252,101.675161,scheme,"PPR Kampung Limau, Pantai Dalam, Kuala Lumpur, Malaysia"
PPR KG. MUHIBBAH,MUKIM PETALING,Kuala Lumpur,3.0597351,101.6607884,scheme,"PPR Kampung Muhibbah, Overseas Union Garden, Kuala Lumpur, 58200, Malaysia"
PPR PANTAI RIA,MUKIM KUALA LUMPUR,Kuala Lumpur,3.0956218,101.6709727,scheme,"PPR Pantai Ria, Pantai Dalam, Kuala Lumpur, 59200, Malaysia"
PPR PEKAN BATU,MUKIM BATU,Kuala Lumpur,3.2041156,101.6733312,scheme,"PPR Pekan Batu, Batu, Batu Caves, Kuala Lumpur, 52000, Malaysia"
PPR PUDU ULU,KUALA LUMPUR TOWN CENTRE,Kuala Lumpur,,,none,
PPR RAYA PERMAI,MUKIM PETALING,Kuala Lumpur,3.0605851,101.7053445,scheme,"PPR Raya Permai, Sungai Besi, Seri Kembangan, Kuala Lumpur, 57000, Malaysia"
PPR SALAK SELATAN,MUKIM PETALING,Kuala Lumpur,3.0912744,101.7060268,scheme,"PPR Salak Selatan, Bandar Sri Permaisuri, Salak South, Kuala Lumpur, 57100, Malaysia"
PPR SG.BONUS,MUKIM SETAPAK,Kuala Lumpur,3.1881444,101.721461,scheme,"PPR Sungai Bonus, Jalan Ayer Keroh, Semarak, Kuala Lumpur, 53200, Malaysia"
PPR SRI ANGGERIK,MUKIM PETALING,Kuala Lumpur,,,none,
PPR SRI PANTAI,KUALA LUMPUR TOWN CENTRE,Kuala Lumpur,3.1063007,101.6741397,scheme,"PPR Sri Pantai, Pantai Dalam, Kuala Lumpur, 59200, Malaysia"
PPR SRI PANTAI,MUKIM KUALA LUMPUR,Kuala Lumpur,3.1063007,101.6741397,scheme,"PPR Sri Pantai, Pantai Dalam, Kuala Lumpur, 59200, Malaysia"
PPR TAMAN MULIA,MUKIM KUALA LUMPUR,Kuala Lumpur,3.0903244,101.7138662,scheme,"PPR Taman Mulia, Bandar Tun Razak, Cheras, Kuala Lumpur, 56000, Malaysia"
PPR WAHYU 1 (BERINGIN),MUKIM BATU,Kuala Lumpur,3.2198925,101.6697007,scheme,"PPR Taman Wahyu, Jinjang, Batu Caves, Kuala Lumpur, 51200, Malaysia"
PR1MA ALAM DAMAI,MUKIM PETALING,Kuala Lumpur,3.0570195,101.7420586,scheme,"Residensi PR1MA @ Alam Damai, Cheras, Kuala Lumpur, 56000, Malaysia"
"PRIMA BAYU APARTMENT, BAYU PERDANA",BANDAR KELANG,Klang,,,none,
PRIMA COURT ( SAUJANA MELAWATI ),HULU KLANG,Gombak,3.2172823,101.7582932,scheme,"Prima Court, Ulu Kelang, Ampang Jaya Municipal Council, Gombak, Selangor, Malaysia"
PRIMA DAMANSARA,MUKIM KUALA LUMPUR,Kuala Lumpur,3.1600544,101.6606978,scheme,"Prima Damansara Condominium, Damansara Heights, Kuala Lumpur, Malaysia"
PRIMA DAMANSARA,SUNGAI BULUH,Petaling,3.1979321,101.6001072,scheme,"Prima Damansara, PJU 10, Petaling Jaya, Petaling, Selangor, Malaysia"
PRIMA DUTA KONDOMINIUM,MUKIM BATU,Kuala Lumpur,,,none,
PRIMA IMPIAN,MUKIM BATU,Kuala Lumpur,3.1973626,101.6787043,scheme,"Cantonment Exchange, 698, Jalan Ipoh, Eastern Garden, Kampung Medan Wira Utama, Kuala Lumpur, 51200, Malaysia"
PRIMA JALAN JUBILEE,KUALA LUMPUR TOWN CENTRE,Kuala Lumpur,,,none,
PRIMA MIDAH HEIGHTS,MUKIM BATU,Kuala Lumpur,,,none,
PRIMA MIDAH HEIGHTS,MUKIM KUALA LUMPUR,Kuala Lumpur,,,none,
PRIMA PELANGI,MUKIM BATU,Kuala Lumpur,3.1779224,101.6479648,scheme,"Taman Prima Pelangi, Segambut, Kepong, Kuala Lumpur, Malaysia"
PRIMA RIA APARTMENT,MUKIM BATU,Kuala Lumpur,,,none,
PRIMA SELAYANG,BANDAR SELAYANG,Gombak,3.24857,101.6481759,scheme,"Taman Prima Selayang, Batu Caves, Selayang Municipal Council, Gombak, Selangor, Malaysia"
PRIMA SELAYANG,BATU,Gombak,3.24857,101.6481759,scheme,"Taman Prima Selayang, Batu Caves, Selayang Municipal Council, Gombak, Selangor, Malaysia"
PRIMA SETAPAK,MUKIM SETAPAK,Kuala Lumpur,3.1982507,101.7112569,scheme,"Prima Setapak, Setapak, Kampung Padang Balang, Kuala Lumpur, Malaysia"
PRIMA SETAPAK II,MUKIM SETAPAK,Kuala Lumpur,3.1982507,101.7112569,scheme,"Prima Setapak, Setapak, Kampung Padang Balang, Kuala Lumpur, Malaysia"
PRIMA SETAPAK KONDO,MUKIM SETAPAK,Kuala Lumpur,,,none,
PRIMA SETAPAK KONDOMINIUM,MUKIM SETAPAK,Kuala Lumpur,,,none,
PRIMA SIXTEEN - SEK.16 PJ,BANDAR PETALING JAYA,Petaling,,,none,
PRIMA TIARA,MUKIM BATU,Kuala Lumpur,3.1839522,101.6520817,scheme,"Prima Tiara 2, Segambut, Kepong, Kuala Lumpur, Malaysia"
PRIMA TIARA,MUKIM KUALA LUMPUR,Kuala Lumpur,3.1839522,101.6520817,scheme,"Prima Tiara 2, Segambut, Kepong, Kuala Lumpur, Malaysia"
PRIMA UKAY,BANDAR HULU KELANG,Gombak,3.2178708,101.7602338,scheme,"Jalan Ukay Prima 1B, Kampung Kemensah, Ulu Kelang, Ampang Jaya Municipal Council, Gombak, Selangor, 53100, Malaysia"
PRIMA UKAY,HULU KLANG,Gombak,3.2178708,101.7602338,scheme,"Jalan Ukay Prima 1B, Kampung Kemensah, Ulu Kelang, Ampang Jaya Municipal Council, Gombak, Selangor, 53100, Malaysia"
PRIMA VILLA,MUKIM KUALA LUMPUR,Kuala Lumpur,3.101676,101.6894425,scheme,"Prima Villa, Taman Desa, Kuala Lumpur, Malaysia"
PRIMA VILLA,PEKAN CHERAS,Hulu Langat,3.0726905,101.7582187,scheme,"Green Terrain Prima Villa, Cheras, Kajang Municipal Council, Hulu Langat, Selangor, 43200, Malaysia"
PRIMA VILLA ( SAUJANA MELAWATI ),HULU KLANG,Gombak,3.2158731,101.7585062,scheme,"Prima Villa, Ulu Kelang, Ampang Jaya Municipal Council, Gombak, Selangor, Malaysia"
PRIMA VILLE,BANDAR RAWANG,Gombak,3.3238924,101.5937997,scheme,"Prima Ville, Rawang, Selayang Municipal Council, Gombak, Selangor, Malaysia"
PRIMER GARDEN TOWN VILLAS@CAHAYA SPK,BUKIT RAJA,Petaling,,,none,
PRISMA CHERAS,MUKIM KUALA LUMPUR,Kuala Lumpur,3.0991941,101.7298695,scheme,"Prisma Cheras Condo, Bandar Tun Razak, Cheras, Kuala Lumpur, 56000, Malaysia"
PRISMA PERDANA  APT,MUKIM KUALA LUMPUR,Kuala Lumpur,,,none,
PRISMA PERDANA APARTMENT,MUKIM KUALA LUMPUR,Kuala Lumpur,,,none,
PUCHONG HARTAMAS,PETALING,Petaling,3.002921,101.6235113,scheme,"Puchong Hartamas, Bandar Puchong Utama, Puchong, Subang Jaya City Council, Petaling, Selangor, Malaysia"
PUCHONG PERMAI - JLN 2/1 - 2/18,PEKAN PUCHONG PERDANA,Petaling,,,none,
PUCHONG PERMAI - JLN 2/1 - 2/18,PETALING,Petaling,,,none,
PUCHONG UTAMA COURT2-JLN PU 6,PEKAN PUCHONG PERDANA,Petaling,,,none,
PUCHUNG HOUSING ESTATE,MUKIM PETALING,Kuala Lumpur,3.0637936,101.6486482,road,"Jalan Puchong, Puchong, Kuala Lumpur, Petaling, Selangor, 47180, Malaysia"
PUDU IMPIAN 1,KUALA LUMPUR TOWN CENTRE,Kuala Lumpur,,,none,
PUDU IMPIAN 2 - VILA TROPIKA,KUALA LUMPUR TOWN CENTRE,Kuala Lumpur,,,none,
PULASAN&TEMBIKAI - TMN UNIVERSTI INDAH,PEKAN SERDANG,Petaling,,,none,
PULAU INDAH,KELANG,Klang,2.9837235,101.4323844,scheme,"Pulau Indah Expressway, Taman Pendamar Indah, Bayuemas, Port Klang, Klang City, Klang, Selangor, 41200, Malaysia"
PUNCAK  SAUJANA,BANDAR KAJANG,Hulu Langat,3.0151993,101.8074971,scheme,"Taman Puncak Saujana, Kajang Municipal Council, Hulu Langat, Selangor, 43000, Malaysia"
PUNCAK  SAUJANA,KAJANG,Hulu Langat,3.0151993,101.8074971,scheme,"Taman Puncak Saujana, Kajang Municipal Council, Hulu Langat, Selangor, 43000, Malaysia"
PUNCAK ALAM,IJOK,Kuala Selangor,3.2342055,101.4258355,scheme,"Bandar Puncak Alam, Kuala Selangor, Selangor, 42300, Malaysia"
PUNCAK ALAM,JERAM,Kuala Selangor,3.2342055,101.4258355,scheme,"Bandar Puncak Alam, Kuala Selangor, Selangor, 42300, Malaysia"
PUNCAK ALAM (APARTMENT),IJOK,Kuala Selangor,3.2499432,101.4285752,scheme,"P/E Apartment No. 4 Puncak Alam, Lorong Jentayu, Puncak Alam Fasa 3, Seksyen 13, Bandar Puncak Alam, Kuala Selangor, Sel"
PUNCAK ARA DAMANSARA,PEKAN KAYU ARA,Petaling,3.112207,101.5802779,scheme,"Puncak Nusa Kelana Condominium, PJU 1A, Ara Damansara, Petaling Jaya, Petaling, Selangor, 47301, Malaysia"
PUNCAK BAIDURI,PEKAN CHERAS,Hulu Langat,3.0460499,101.7531099,scheme,"Jalan Puncak Baiduri, Cheras, Kajang Municipal Council, Hulu Langat, Selangor, 43200, Malaysia"
PUNCAK BANYAN,MUKIM PETALING,Kuala Lumpur,3.0779442,101.7307649,scheme,"Puncak Banyan Condominium, Cheras, Kuala Lumpur, Malaysia"
PUNCAK BESTARI,IJOK,Kuala Selangor,3.2359405,101.4306589,scheme,"Puncak Bestari, Seksyen 7, Puncak Alam, Kuala Selangor, Selangor, 42300, Malaysia"
PUNCAK BESTARI 2,IJOK,Kuala Selangor,3.2382625,101.4222466,scheme,"Puncak Bestari 2, Seksyen 9, Bandar Puncak Alam, Kuala Selangor, Selangor, 42300, Malaysia"
PUNCAK DESA,BANDAR KEPONG,Gombak,3.2097166,101.6289921,scheme,"Taman Puncak Desa, Selayang Municipal Council, Gombak, Selangor, Malaysia"
PUNCAK HIJAUAN@HIJAUAN HEIGHT,PEKAN KG SUNGAI TANGKAS,Hulu Langat,,,none,
PUNCAK KAYANGAN KEMENSAH,HULU KLANG,Gombak,3.2184201,101.7680368,scheme,"The Reserve @ Puncak Kayangan Kemensah, Kampung Kemensah, Ulu Kelang, Ampang Jaya Municipal Council, Gombak, Selangor, M"
PUNCAK NUSA KELANA-JLN 1A/48,DAMANSARA,Petaling,,,none,
"PUNCAK NUSA KELANA-PJU 1A, P.JAYA",DAMANSARA,Petaling,,,none,
PUNCAK PERDANA,BANDAR CHERAS,Hulu Langat,3.0483183,101.7644291,scheme,"Puncak Perdana, Cheras, Kajang Municipal Council, Hulu Langat, Selangor, Malaysia"
PUNCAK PERDANA,BUKIT RAJA,Petaling,3.131967,101.4950056,scheme,"Puncak Perdana, Section U10, Shah Alam, Petaling, Selangor, 40710, Malaysia"
PUNCAK PRIMA-SRI HARTAMAS,MUKIM KUALA LUMPUR,Kuala Lumpur,3.1644668,101.6592479,scheme,"Puncak Prima, Sri Hartamas, Kuala Lumpur, Malaysia"
PUNCAK SAUJANA,KAJANG,Hulu Langat,3.0151993,101.8074971,scheme,"Taman Puncak Saujana, Kajang Municipal Council, Hulu Langat, Selangor, 43000, Malaysia"
PUNCAK SERI KELANA,DAMANSARA,Petaling,3.1119905,101.5811416,scheme,"Puncak Seri Kelana Condominium, PJU 1A, Ara Damansara, Petaling Jaya, Petaling, Selangor, 47301, Malaysia"
PUNCAK UKAY (UKAY HEIGHTS),BANDAR HULU KELANG,Gombak,3.2078461,101.7763544,scheme,"De Puncak Ukay UP3, Ukay Perdana, Ulu Kelang, Ampang Jaya Municipal Council, Gombak, Selangor, Malaysia"
PUNCAK UTAMA,KAJANG,Hulu Langat,2.9963706,101.7449419,scheme,"Puncak Utama, Kajang Municipal Council, Hulu Langat, Selangor, Malaysia"
PUNCAK UTAMA,PEKAN KAJANG,Hulu Langat,2.9963706,101.7449419,scheme,"Puncak Utama, Kajang Municipal Council, Hulu Langat, Selangor, Malaysia"
PURI AIYU KONDOMINIUM-SEK 20 SHAH ALAM,PEKAN BATU TIGA,Petaling,,,none,
PURI AIYU KONDOMINIUM-SEK 22 SHAH ALAM,PEKAN BATU TIGA,Petaling,,,none,
PURI TOWER KONDO-PST BDR PUCHONG,PETALING,Petaling,,,none,
PUSAT BANDAR SUBANG UTAMA,PEKAN SUBANG,Petaling,2.9959285,101.6217335,scheme,"Pusat Tuisyen Minda Wawasan, Jalan BPU 2, Kawasan Perniagaan Bandar Puchong Utama, Bandar Bukit Puchong, Subang Jaya Cit"
PUSAT BDR PUCHONG,PEKAN DESA PUCHONG,Petaling,3.0332368,101.6160797,scheme,"Pusat Bandar Puchong, Jalan Bandar 3, Pusat Bandar Puchong, Puchong, Subang Jaya City Council, Petaling, Selangor, 47160"
PUSAT BDR PUCHONG,PEKAN KINRARA,Petaling,3.0332368,101.6160797,scheme,"Pusat Bandar Puchong, Jalan Bandar 3, Pusat Bandar Puchong, Puchong, Subang Jaya City Council, Petaling, Selangor, 47160"
PUSAT BDR PUCHONG,PETALING,Petaling,3.0332368,101.6160797,scheme,"Pusat Bandar Puchong, Jalan Bandar 3, Pusat Bandar Puchong, Puchong, Subang Jaya City Council, Petaling, Selangor, 47160"
PUSAT KEPONG,MUKIM BATU,Kuala Lumpur,3.2016018,101.6560788,scheme,"Taman Pusat Kepong, Jinjang, Kepong, Kuala Lumpur, Malaysia"
"PUSAT KOMERSIAL SEK. 7, SHAH ALAM",BANDAR SHAH ALAM,Petaling,3.0671202,101.4915042,scheme,"Pusat Komersial Seksyen 7 (Timur), Persiaran Kayangan, Section 1, Shah Alam, Petaling, Selangor, 40450, Malaysia"
PUSAT NIAGA METRO PRIMA,MUKIM BATU,Kuala Lumpur,,,none,
PUSAT PERHENTIAN KAJANG,BANDAR KAJANG,Hulu Langat,2.957435,101.7912661,scheme,"Kompleks Perhentian Kajang, Jalan Hentian 1, Pusat Hentian Kajang, Kajang 2, Kajang Municipal Council, Hulu Langat, Sela"
PUSAT PERNIAGAAN DESA RIA,PEKAN KAJANG,Hulu Langat,,,none,
PUSAT PERNIAGAAN RAYA BARAT,BANDAR KELANG,Klang,,,none,
PUTERA APARTMENT,MUKIM SETAPAK,Kuala Lumpur,,,none,
PUTERA HEIGHTS,DAMANSARA,Petaling,,,none,
PUTERI APARTMENT,MUKIM SETAPAK,Kuala Lumpur,,,none,
PUTERI HEIGHTS,RAWANG,Gombak,3.3420108,101.5306174,scheme,"Jalan Puteri Heights 10, Taman Desa Mas, Bandar Country Homes, Selayang Municipal Council, Gombak, Selangor, 48000, Mala"
PUTERI PALMA,PEKAN BUKIT BISA,Sepang,2.9660763,101.7122863,scheme,"Puteri Palma Condominium, IOI Resort City, Sepang, Selangor, Malaysia"
PUTRA  INTAN CONDOMINIUM,DENGKIL,Sepang,,,none,
PUTRA  INTAN CONDOMINIUM,PEKAN DENGKIL,Sepang,,,none,
PUTRA 1 RESIDENCE,PEKAN BARU SG BULUH,Petaling,,,none,
PUTRA COURT CONDO(STRATA),KUALA LUMPUR TOWN CENTRE,Kuala Lumpur,,,none,
PUTRA MUTIARA RESIDENCES,DENGKIL,Sepang,2.8590726,101.691103,road,"Jalan 4, Taman Gemilang, Kampung Lalang, Dengkil, Sepang, Selangor, 43800, Malaysia"
PUTRA MUTIARA RESIDENCES,SEPANG,Sepang,2.7901118,101.6753494,road,"Jalan Labohan Dagang ‒ Nilai, Sepang, Selangor, 64000, Malaysia"
PUTRA RIA APT,KUALA LUMPUR TOWN CENTRE,Kuala Lumpur,3.1233033,101.6763005,scheme,"Apartment Putra Ria (Opp), Jalan Bangsar, Bangsar, Kuala Lumpur, 50614, Malaysia"
PUTRA SURIA RESIDENSI,MUKIM KUALA LUMPUR,Kuala Lumpur,3.1132723,101.7166738,scheme,"Putra Suria Residensi, Bandar Sri Permaisuri, Cheras, Kuala Lumpur, Malaysia"
PUTRA VILLA  KONDOMINIUM,MUKIM SETAPAK,Kuala Lumpur,3.2285848,101.7256996,scheme,"Kondominium Putra Villa, Kuala Lumpur, Malaysia"
PUTRAJAYA PRESINT 10,BANDAR PUTRAJAYA,Putrajaya,2.9765457,101.6983965,scheme,"Putrajaya (2), South Klang Valley Expressway, Precinct 13, Putrajaya, 62502, Malaysia"
PUTRAJAYA PRESINT 11,BANDAR PUTRAJAYA,Putrajaya,2.9660642,101.6844537,scheme,"Putraya Power Station, Precinct 11, Putrajaya, Malaysia"
PUTRAJAYA PRESINT 12,BANDAR PUTRAJAYA,Putrajaya,2.9381087,101.6974558,scheme,"Persiaran Sultan Salahuddin Abdul Aziz Shah, Precinct 1, Putrajaya, 62514, Malaysia"
PUTRAJAYA PRESINT 14,BANDAR PUTRAJAYA,Putrajaya,2.9545655,101.7285644,scheme,"Jalan Gate 1 Putrajaya, Precinct 14, Putrajaya, 62500, Malaysia"
PUTRAJAYA PRESINT 15,BANDAR PUTRAJAYA,Putrajaya,2.9405674,101.7223495,scheme,"Sports Field - Nexus International School Malaysia, Jalan P15, Precinct 15, Putrajaya, 62050, Malaysia"
PUTRAJAYA PRESINT 16,BANDAR PUTRAJAYA,Putrajaya,2.9233456,101.6884903,scheme,"Election Commission of Malaysia, Jalan Tun Hussein, Precinct 2, Putrajaya, 62592, Malaysia"
PUTRAJAYA PRESINT 18,BANDAR PUTRAJAYA,Putrajaya,2.9147403,101.6931774,scheme,"Perumahan Penjawat Awam Malaysia Madani Dalur, Jalan P18 B, Precinct 18, Putrajaya, 62618, Malaysia"
PUTRAJAYA PRESINT 5,BANDAR PUTRAJAYA,Putrajaya,2.8994792,101.6722831,scheme,"Heriot-Watt University Malaysia, Lebuh Gemilang, Precinct 5, Putrajaya, 62200, Malaysia"
PUTRAJAYA PRESINT 8,BANDAR PUTRAJAYA,Putrajaya,2.9308764,101.6816016,scheme,"SK Putrajaya Presint 8(2), Jalan P8 E2, Precinct 8, Putrajaya, 62250, Malaysia"
PUTRAJAYA PRESINT 9,BANDAR PUTRAJAYA,Putrajaya,2.9415938,101.6632528,scheme,"Putrajaya Line, Jalan Tempua P9 B/1, Pangsapuri Putra Harmoni, Precinct 9, Putrajaya, 61250, Malaysia"
PYRAMID TOWER-PJS 11 BDR SUNWAY,BDR SUNWAY,Petaling,3.0722651,101.6083635,scheme,"Sunway Pyramid Hotel, Persiaran Lagoon, PJS 11, Sunway City, Subang Jaya City Council, Petaling, Selangor, 46150, Malays"
R. PANGSA KG. AMAN SATU-BKT SERDANG,PEKAN SERDANG,Petaling,,,none,
R/P BANDAR BUKIT TINGGI 1,PEKAN PENDAMARAN,Klang,,,none,
R/P BANDAR BUKIT TINGGI 2,KELANG,Klang,,,none,
R/P K RENDAH  MELATI-PST BDR PUCHONG,PETALING,Petaling,,,none,
R/P K/RENDAH SRI INDAH-T LESTARI PERDANA,PETALING,Petaling,,,none,
R/P KOS RDH DEDAP - SEK.11  KOTA D'SARA,PEKAN BARU SG BULUH,Petaling,,,none,
R/P KOS RDH(GUGUSAN KEMBOJA)-KOTA D'SARA,PEKAN BARU SG BULUH,Petaling,,,none,
R/P KOS REN SERI NIPAH-BDR PINGGIRAN USJ,DAMANSARA,Petaling,,,none,
R/P KOS RENDAH (INDAH)- BDR PGGRN SBG,SUNGAI BULUH,Petaling,,,none,
R/P KOS RENDAH - IDAMAN (D'SARA DAMAI),PEKAN BARU SG BULUH,Petaling,,,none,
R/P KOS RENDAH - IDAMAN (D'SARA DAMAI),SUNGAI BULUH,Petaling,,,none,
R/P KOS RENDAH AMAN-TMN PUCHONG PRIMA,PETALING,Petaling,,,none,
R/P KOS RENDAH DAMAI-TMN PUTERI IMPIAN,BDR DAMANSARA,Petaling,,,none,
R/P KOS RENDAH DAMAI-TMN PUTERI IMPIAN,DAMANSARA,Petaling,,,none,
R/P KOS RENDAH JLN PJS 2C/2-MEDAN CAHAYA,BDR PETALING JAYA SELATAN,Petaling,,,none,
R/P KOS RENDAH LESTARI DAMANSARA DAMAI,SUNGAI BULUH,Petaling,,,none,
R/P KOS RENDAH MELUR -TMN BUKIT KINRARA,PEKAN KINRARA,Petaling,,,none,
R/P KOS RENDAH PUTRA-TMN PUTRA PERMAI,PETALING,Petaling,,,none,
R/P KOS RENDAH SEMARAK -SEK 4 K. D'SARA,PEKAN BARU SG BULUH,Petaling,,,none,
R/P KOS RENDAH SERI ANGSANA,PETALING,Petaling,,,none,
R/P KOS RENDAH SERI JATI-BDR PCHG JAYA,PEKAN KINRARA,Petaling,,,none,
R/P KOS RENDAH SERI PULAI-PCHG HARTAMAS,PETALING,Petaling,,,none,
R/P KOS RENDAH SRI AMAN - SEK.22 P.JAYA,BANDAR PETALING JAYA,Petaling,,,none,
R/P KOS RENDAH SRI CEMPAKA-PST BDR PCHG,PEKAN KINRARA,Petaling,,,none,
R/P KOS RENDAH SRI JASA-SG. BESI INDAH,PEKAN BARU SG BESI,Petaling,,,none,
R/P KOS RENDAH SRI SAUJANA-BDR PGRAN SBG,PETALING,Petaling,,,none,
R/P KOS RENDAH-IMPIAN BAIDURI SEK 51A PJ,BANDAR PETALING JAYA,Petaling,,,none,
"R/P SAUJANA TERATAI, ALAM JAYA",IJOK,Kuala Selangor,,,none,
R/PANGSA CHERAS RIA (TAMAN CHERAS UTAMA),MUKIM KUALA LUMPUR,Kuala Lumpur,,,none,
R/PANGSA CHERAS RIA(TAMAN CHERAS UTAMA),MUKIM KUALA LUMPUR,Kuala Lumpur,,,none,
R/PANGSA DESA MUTIARA-MUTIARA DAMANSARA,SUNGAI BULUH,Petaling,,,none,
R/PANGSA K/RENDAH CEMPAKA- PUCHONG PRIMA,PETALING,Petaling,,,none,
R/PANGSA KOS RENDAH (DAMAI)-SRI SUBANG,BDR SUNWAY,Petaling,,,none,
R/PANGSA KOS RENDAH (KANTAN)-KOTA D'SARA,PEKAN BARU SG BULUH,Petaling,,,none,
R/PANGSA KOS RENDAH ANGSANA-USJ 1,PEKAN PENAGA,Petaling,,,none,
R/PANGSA KOS RENDAH DESA SEPAKAT PJS 3,BDR PETALING JAYA SELATAN,Petaling,,,none,
R/PANGSA KOS RENDAH IXORA-KOTA DAMANSARA,PEKAN BARU SG BULUH,Petaling,,,none,
R/PANGSA KOS RENDAH MATAHARI-KOTA D'SARA,PEKAN BARU SG BULUH,Petaling,,,none,
R/PANGSA KOS RENDAH PKNS-SERI KEMBANGAN,PEKAN SERDANG,Petaling,,,none,
R/PANGSA KOS RENDAH UTARID-BDR PGRN SBG,SUNGAI BULUH,Petaling,,,none,
R/PANGSA KOS SEDERHANA MELATI-KOTA D'SRA,PEKAN BARU SG BULUH,Petaling,,,none,
R/PANGSA KOS SEDERHANA MILIA-KOTA D'SARA,PEKAN BARU SG BULUH,Petaling,,,none,
R/PANGSA SEROJA-TMN PUCONG INDAH,PEKAN PUCHONG PERDANA,Petaling,,,none,
RADIUS RESIDENCE,BATU,Gombak,,,none,
RAJA MOHAR SCHEME,KUALA LUMPUR TOWN CENTRE,Kuala Lumpur,,,none,
RAMAL VILLA,KAJANG,Hulu Langat,2.9768769,101.7561895,scheme,"Ramal Villa, Kampung Sungai Ramal Dalam, Kajang Municipal Council, Hulu Langat, Selangor, Malaysia"
RAMPAI COURT,MUKIM SETAPAK,Kuala Lumpur,3.1933479,101.7326631,scheme,"Rampai Court (Selatan), Jalan 34/26, Taman Sri Rampai, Wangsa Maju, Kuala Lumpur, 53300, Malaysia"
RAMPAI IDAMAN PRIMA DAMANSARA,SUNGAI BULUH,Petaling,,,none,
RAN. PER. SENTUL  FASA 3,KUALA LUMPUR TOWN CENTRE,Kuala Lumpur,,,none,
RAN. PER. SENTUL  FASA 3,MUKIM SETAPAK,Kuala Lumpur,,,none,
RAN. PER. SENTUL FASA 3,KUALA LUMPUR TOWN CENTRE,Kuala Lumpur,,,none,
RAN. PER. SENTUL FASA 3,MUKIM SETAPAK,Kuala Lumpur,,,none,
RANCANGAN PERUMAHAN SENTUL  FASA 3,MUKIM SETAPAK,Kuala Lumpur,,,none,
RANCANGAN TANAH SUNGAI SERAI,RAWANG,Gombak,3.2842283,101.5434815,road,"Jalan BGG 1, Gamuda Gardens, Kampung Sungai Serai, Kuang, Selayang Municipal Council, Gombak, Selangor, 48050, Malaysia"
RAWANA PARK( TMN GARING PERMAI),BANDAR RAWANG,Gombak,,,none,
RAWANG IDAMAN,BANDAR RAWANG,Gombak,3.3098657,101.5581714,scheme,"Pangsaputri Rawang Idaman, Kota Emerald, Rawang, Selayang Municipal Council, Gombak, Selangor, Malaysia"
REGINA USJ 1,PEKAN SUBANG JAYA,Petaling,3.0524265,101.5996671,scheme,"Regina USJ 1, USJ 1, UEP Subang Jaya, Puchong, Subang Jaya City Council, Petaling, Selangor, Malaysia"
RENTAK PERDANA@LBS ALAM PERDANA,IJOK,Kuala Selangor,3.2407366,101.4620444,scheme,"Jalan Rentak 1/8, Taman Alam Perdana, Eco Grandeur, Bandar Puncak Alam, Kuala Selangor, Selangor, 42300, Malaysia"
RESIDENCE 8,MUKIM PETALING,Kuala Lumpur,3.0763701,101.6908978,scheme,"Aster Green Residence, Sri Petaling, Kuala Lumpur, 57000, Malaysia"
RESIDENCY @ PARK 51-SEK.51 P.JAYA,BANDAR PETALING JAYA,Petaling,,,none,
RESIDENSI 22 MONT KIARA,MUKIM BATU,Kuala Lumpur,3.1679562,101.6499072,scheme,"Residensi 22, Mont Kiara, Kuala Lumpur, Malaysia"
RESIDENSI 333 KEPONG / THREE33 RESIDENSI,MUKIM BATU,Kuala Lumpur,,,none,
RESIDENSI 338 U-THANT,KUALA LUMPUR TOWN CENTRE,Kuala Lumpur,,,none,
RESIDENSI 6 KAPAS,MUKIM KUALA LUMPUR,Kuala Lumpur,,,none,
RESIDENSI 99 @ KL NORTH,MUKIM BATU,Kuala Lumpur,,,none,
RESIDENSI ADELIA,KAJANG,Hulu Langat,2.9055262,101.7988179,scheme,"Residensi Adelia, Kampung Batu Lima, Bangi Lama, Kajang Municipal Council, Hulu Langat, Selangor, Malaysia"
RESIDENSI AETAS DAMANSARA - PJU 3,BDR DAMANSARA,Petaling,,,none,
RESIDENSI AKASIA PERMAISURI,MUKIM KUALA LUMPUR,Kuala Lumpur,,,none,
RESIDENSI ALAMANDA,MUKIM KUALA LUMPUR,Kuala Lumpur,,,none,
RESIDENSI ALAMI AURORA-SEK. 13 S.ALAM,BANDAR SHAH ALAM,Petaling,,,none,
RESIDENSI ALLEVIA,MUKIM BATU,Kuala Lumpur,,,none,
RESIDENSI AMAN,SEMENYIH,Hulu Langat,,,none,
RESIDENSI AMAN BKT JALIL,MUKIM PETALING,Kuala Lumpur,3.0493225,101.6613574,scheme,"Residensi Aman Bukit Jalil, Kuala Lumpur, Malaysia"
RESIDENSI AMAN BUKIT JALIL,MUKIM PETALING,Kuala Lumpur,3.0493225,101.6613574,scheme,"Residensi Aman Bukit Jalil, Kuala Lumpur, Malaysia"
RESIDENSI AMPANG TENGAH 6 (AT6),KUALA LUMPUR TOWN CENTRE,Kuala Lumpur,,,none,
RESIDENSI ANDES RIA @ BUKIT JALIL,MUKIM PETALING,Kuala Lumpur,3.060725,101.6507103,road,"Jalan Mas 3, Puchong, Kuala Lumpur, Petaling, Selangor, 47180, Malaysia"
RESIDENSI ANGGERIK WIRA,PEKAN SUNGAI MAKAU,Hulu Langat,3.1130293,101.8291489,scheme,"Residensi Anggerik Wira, Batu 14 Hulu Langat, Kajang Municipal Council, Hulu Langat, Selangor, Malaysia"
RESIDENSI ARMANI BUKIT LANJAN,MUKIM BATU,Kuala Lumpur,,,none,
RESIDENSI ARMANI PETALING,MUKIM PETALING,Kuala Lumpur,,,none,
RESIDENSI ASCENDA,MUKIM SETAPAK,Kuala Lumpur,,,none,
RESIDENSI ASTREA MONT KIARA,MUKIM BATU,Kuala Lumpur,3.1699804,101.646628,scheme,"Astrea Mont' Kiara, Mont Kiara, Kuala Lumpur, Malaysia"
RESIDENSI AURORA-PUCHONG PRIMA,PEKAN PUCHONG PERDANA,Petaling,,,none,
RESIDENSI BANJARAN (UPPERVILLE),HULU KLANG,Gombak,,,none,
RESIDENSI BAYU ANDAMAN,MUKIM SETAPAK,Kuala Lumpur,3.1989781,101.6969809,scheme,"Residensi Bayu Andaman PPAM, Kampung Chubadak Hulu, Kampung Padang Balang, Kuala Lumpur, Malaysia"
RESIDENSI BERLIAN SETAPAK 2,MUKIM SETAPAK,Kuala Lumpur,,,none,
RESIDENSI BINTANG BUKIT JALIL,MUKIM PETALING,Kuala Lumpur,3.0470876,101.6605195,scheme,"Residensi Bintang Bukit Jalil, Jalan Jalil Impian, Kuala Lumpur, Petaling, Selangor, 47180, Malaysia"
RESIDENSI BUKIT ORKID,HULU LANGAT,Hulu Langat,,,none,
RESIDENSI BUKIT PALMA,CHERAS,Hulu Langat,,,none,
RESIDENSI CAMELIA & LAVENDER @ SG LONG,CHERAS,Hulu Langat,,,none,
"RESIDENSI CAMELIA & LAVENDER, SG LONG",CHERAS,Hulu Langat,,,none,
"RESIDENSI CAMELIA, BDR SG LONG",CHERAS,Hulu Langat,,,none,
RESIDENSI CHYMES,MUKIM SETAPAK,Kuala Lumpur,3.1692034,101.7259641,scheme,"Residensi Chymes Gurney, Kampung Datuk Keramat, Kuala Lumpur, Malaysia"
RESIDENSI DAMAI,SEMENYIH,Hulu Langat,2.9378513,101.781049,scheme,"Pangsapuri Damai Residensi Bangi, Seksyen 3, Bandar Baru Bangi, Kajang Municipal Council, Hulu Langat, Selangor, 43650, "
RESIDENSI DESA,MUKIM PETALING,Kuala Lumpur,3.0811733,101.6891209,scheme,"Residensi Desa, Kuchai Lama, Kuala Lumpur, Malaysia"
RESIDENSI DUTA KIARA,MUKIM BATU,Kuala Lumpur,,,none,
RESIDENSI EMERALD DAMAI (EMERALD HILLS),MUKIM PETALING,Kuala Lumpur,3.0584332,101.7338188,scheme,"Emerald Hills, Bandar Damai Perdana, Cheras, Kuala Lumpur, Malaysia"
RESIDENSI ENESTA KEPONG,MUKIM BATU,Kuala Lumpur,3.2079723,101.6572373,scheme,"Residensi Enesta Kepong, Jalan 1/32, Taman Jinjang Baru, Jinjang, Kepong, Kuala Lumpur, 52000, Malaysia"
RESIDENSI GEMBIRA 33,MUKIM PETALING,Kuala Lumpur,3.0782883,101.6919525,scheme,"Residensi Gembira 33, Sri Petaling, Kuala Lumpur, 57000, Malaysia"
RESIDENSI GEMBIRA 737,MUKIM PETALING,Kuala Lumpur,3.0782883,101.6919525,scheme,"Residensi Gembira 33, Sri Petaling, Kuala Lumpur, 57000, Malaysia"
RESIDENSI GEN,MUKIM PETALING,Kuala Lumpur,3.0925307,101.674156,scheme,"Residensi Gen, Pantai Dalam, Kuala Lumpur, Malaysia"
RESIDENSI GURNEYMAS,MUKIM SETAPAK,Kuala Lumpur,,,none,
RESIDENSI HAMILTON,MUKIM SETAPAK,Kuala Lumpur,3.1977285,101.7388039,scheme,"Residensi WangsaMas, Jalan Hamilton, Residensi WangsaMas, Wangsa Maju, Kuala Lumpur, 53300, Malaysia"
RESIDENSI HAMSTEAD,MUKIM PETALING,Kuala Lumpur,,,none,
RESIDENSI HARMONI 2,MUKIM BATU,Kuala Lumpur,3.2049441,101.6903971,scheme,"Vista Harmoni Residences, 19, Kampung Chubadak Hulu, Kampung Padang Balang, Kuala Lumpur, 51100, Malaysia"
RESIDENSI HAUTE,MUKIM SETAPAK,Kuala Lumpur,,,none,
RESIDENSI HERZ,MUKIM BATU,Kuala Lumpur,,,none,
RESIDENSI HIJAUAN LUMAYAN,MUKIM PETALING,Kuala Lumpur,3.076614,101.6972744,scheme,"Residensi Hijauan Lumayan, Sri Petaling, Kuala Lumpur, 57000, Malaysia"
RESIDENSI HIJAUAN(THE GREEN)SEK22 S.ALAM,BANDAR SHAH ALAM,Petaling,,,none,
RESIDENSI HIJAUAN(THE GREEN)SEK22 S.ALAM,DAMANSARA,Petaling,,,none,
RESIDENSI HOLMES,MUKIM KUALA LUMPUR,Kuala Lumpur,,,none,
RESIDENSI IDAMAN ABADI,BANDAR BATU 18 SEMENYIH,Hulu Langat,,,none,
RESIDENSI INSPIRASI SETAPAK,MUKIM SETAPAK,Kuala Lumpur,3.209905,101.7039746,scheme,"Residensi Inspirasi Setapak, Kampung Sungai Mulia, Kampung Padang Balang, Kuala Lumpur, Malaysia"
RESIDENSI IRIS SELANGORKU,BARU BARU SALAK TINGGI,Sepang,,,none,
RESIDENSI JALILMAS,MUKIM PETALING,Kuala Lumpur,3.0580892,101.6654567,scheme,"Residensi Jalilmas, Bukit Jalil, Kuala Lumpur, Malaysia"
RESIDENSI KEPONGMAS,MUKIM BATU,Kuala Lumpur,3.2202695,101.6423017,scheme,"Kepongmas Residency, Jinjang, Kepong, Kuala Lumpur, Malaysia"
RESIDENSI KESUMA 1,BERANANG,Hulu Langat,,,none,
RESIDENSI LAGUNA,BANDAR PETALING JAYA,Petaling,3.060004,101.6094184,scheme,"Residensi Laguna, Jalan PJS 9/1, Sunway City, Puchong, Subang Jaya City Council, Petaling, Selangor, 46150, Malaysia"
RESIDENSI LAMAN PERMAI (GOODWOOD),MUKIM KUALA LUMPUR,Kuala Lumpur,,,none,
RESIDENSI LAMAN SARI (RUMAWIP),MUKIM BATU,Kuala Lumpur,3.230379,101.6665856,scheme,"Residensi Laman Sari, Kepong, Kuala Lumpur, Malaysia"
RESIDENSI LAMAN TIMUR,MUKIM SETAPAK,Kuala Lumpur,,,none,
RESIDENSI LANAI BUKIT JALIL,MUKIM PETALING,Kuala Lumpur,3.0509682,101.6876553,scheme,"Residensi Lanai, Bukit Jalil, Kuala Lumpur, Malaysia"
RESIDENSI LEGENDA,MUKIM BATU,Kuala Lumpur,,,none,
RESIDENSI LEGENDVIEW,BANDAR SELAYANG,Gombak,,,none,
RESIDENSI LEGENDVIEW,RAWANG,Gombak,,,none,
RESIDENSI M ADORA WANGSA,MUKIM SETAPAK,Kuala Lumpur,,,none,
RESIDENSI M ARISA,MUKIM SETAPAK,Kuala Lumpur,,,none,
RESIDENSI MAPEL OUG,MUKIM PETALING,Kuala Lumpur,,,none,
RESIDENSI MEDAN - RUMAH SELANGORKU,BDR PETALING JAYA SELATAN,Petaling,,,none,
RESIDENSI METRO KEPONG,MUKIM BATU,Kuala Lumpur,3.219375,101.6431894,scheme,"Residensi Metro Kepong, Jinjang, Kepong, Kuala Lumpur, Malaysia"
RESIDENSI MH PLATINUM 2,MUKIM SETAPAK,Kuala Lumpur,3.1951708,101.7231817,scheme,"Residensi MH Platinum 2, Setapak, Kuala Lumpur, Malaysia"
RESIDENSI MILLENIA,MUKIM KUALA LUMPUR,Kuala Lumpur,3.1112743,101.6871861,scheme,"Residensi Millenia, Seputeh, Kuala Lumpur, Malaysia"
RESIDENSI MIRAGE,KUALA LUMPUR TOWN CENTRE,Kuala Lumpur,,,none,
RESIDENSI MIRAGE,MUKIM KUALA LUMPUR,Kuala Lumpur,,,none,
RESIDENSI MIYU (TROPICANA HARAPAN),PEKAN SG PENCHALA,Petaling,3.1296184,101.6303224,scheme,"Tropicana Miyu, Section 17A, Petaling Jaya, Petaling, Selangor, Malaysia"
RESIDENSI MUTIARA,PEKAN CHERAS,Hulu Langat,2.9563469,101.7954701,scheme,"Residensi Mutiara, Kajang 2, Kajang Municipal Council, Hulu Langat, Selangor, Malaysia"
RESIDENSI MUTIARA KONDOMINIUM,KUALA LUMPUR TOWN CENTRE,Kuala Lumpur,,,none,
RESIDENSI PANDAN MAS 2,MUKIM AMPANG,Kuala Lumpur,,,none,
RESIDENSI PANTAI SENTRAL 1 (INWOOD),MUKIM KUALA LUMPUR,Kuala Lumpur,,,none,
RESIDENSI PANTAI SENTRAL 2,MUKIM KUALA LUMPUR,Kuala Lumpur,,,none,
RESIDENSI PARK @ PAVILION BUKIT JALIL,MUKIM PETALING,Kuala Lumpur,,,none,
RESIDENSI PARK HILL,MUKIM PETALING,Kuala Lumpur,,,none,
RESIDENSI PERMAI,SEMENYIH,Hulu Langat,,,none,
RESIDENSI PERMATA MELAWATI,HULU KLANG,Gombak,,,none,
RESIDENSI PICASSO,KUALA LUMPUR TOWN CENTRE,Kuala Lumpur,,,none,
RESIDENSI PIKSEL PERMAISURI,MUKIM KUALA LUMPUR,Kuala Lumpur,,,none,
RESIDENSI PLATINUM OUG,MUKIM PETALING,Kuala Lumpur,,,none,
RESIDENSI PLATINUM OUG (RUMAWIP),MUKIM PETALING,Kuala Lumpur,,,none,
RESIDENSI PLATINUM TERATAI,MUKIM SETAPAK,Kuala Lumpur,3.2013208,101.7086082,scheme,"Residensi Platinum Teratai, Setapak, Kampung Padang Balang, Kuala Lumpur, Malaysia"
RESIDENSI PR1MA @ BANDAR BUKIT MAHKOTA,BERANANG,Hulu Langat,2.8837204,101.7981552,scheme,"Residensi PR1MA Bandar Bukit Mahkota, Bukit Mahkota, Bangi Lama, Kajang Municipal Council, Hulu Langat, Selangor, Malays"
RESIDENSI PRIMA @ BANDAR BUKIT MAHKOTA,BERANANG,Hulu Langat,,,none,
RESIDENSI PRIMA BRICKFIELDS,KUALA LUMPUR TOWN CENTRE,Kuala Lumpur,,,none,
RESIDENSI PUNCAK TTDI (TTDI 16),MUKIM KUALA LUMPUR,Kuala Lumpur,3.1600134,101.6289253,road,"Lorong Cahaya 1, Pinggiran TTDI, Kampung Palimbayan Indah, Kuala Lumpur, 60000, Malaysia"
RESIDENSI PV 18,MUKIM SETAPAK,Kuala Lumpur,3.2013208,101.7086082,scheme,"Residensi Platinum Teratai, Setapak, Kampung Padang Balang, Kuala Lumpur, Malaysia"
RESIDENSI PV9,MUKIM SETAPAK,Kuala Lumpur,3.1951708,101.7231817,scheme,"Residensi MH Platinum 2, Setapak, Kuala Lumpur, Malaysia"
RESIDENSI R8,KUALA LUMPUR TOWN CENTRE,Kuala Lumpur,3.1586795,101.7311073,scheme,"Residensi R8, 8c, Kampung Datuk Keramat, Kuala Lumpur, 55000, Malaysia"
RESIDENSI RAH,KUALA LUMPUR TOWN CENTRE,Kuala Lumpur,3.1610257,101.7048914,scheme,"Residensi RAH, 16, Jalan Raja Ali, Kampung Hujung Pasir, Kampung Paya, Kampung Bharu, Kuala Lumpur, 50300, Malaysia"
RESIDENSI RAMPAI,MUKIM SETAPAK,Kuala Lumpur,3.1990407,101.7303859,scheme,"Residensi Rampai, Wangsa Maju, Kuala Lumpur, Malaysia"
RESIDENSI RAMPAI 2 (RUMAWIP),MUKIM SETAPAK,Kuala Lumpur,3.1990407,101.7303859,scheme,"Residensi Rampai, Wangsa Maju, Kuala Lumpur, Malaysia"
RESIDENSI RAZAKMAS 2,MUKIM KUALA LUMPUR,Kuala Lumpur,3.0884276,101.7207841,scheme,"Residensi Razakmas 2, Bandar Tun Razak, Cheras, Kuala Lumpur, 56000, Malaysia"
RESIDENSI RIVERVILLE,MUKIM PETALING,Kuala Lumpur,3.07578,101.656352,scheme,"Riverville Residences, Overseas Union Garden, Kuala Lumpur, Malaysia"
RESIDENSI SATERIA,MUKIM PETALING,Kuala Lumpur,3.0753444,101.7145495,scheme,"Residensi Sateria, Bandar Tun Razak, Sungai Besi, Kuala Lumpur, Malaysia"
RESIDENSI SEFINA,MUKIM BATU,Kuala Lumpur,3.1709316,101.6495554,scheme,"Residensi Sefina, Jalan Kiara 3, Kampung Segambut Dalam, Mont Kiara, Kuala Lumpur, 50480, Malaysia"
RESIDENSI SELINGSING,MUKIM BATU,Kuala Lumpur,,,none,
RESIDENSI SEMARAK PLATINUM,MUKIM SETAPAK,Kuala Lumpur,,,none,
RESIDENSI SERUNI (RUMAWIP),MUKIM SETAPAK,Kuala Lumpur,3.1900285,101.7312388,scheme,"Residensi Seruni Setapak, 3, Semarak, Kuala Lumpur, Malaysia"
RESIDENSI SETIA IMPIAN,PEKAN KAJANG,Hulu Langat,,,none,
RESIDENSI SETIA SKY SEPUTEH,KUALA LUMPUR TOWN CENTRE,Kuala Lumpur,,,none,
RESIDENSI SETIAWANGSA,MUKIM ULU KELANG,Kuala Lumpur,3.1912556,101.7563475,scheme,"Kaleidoscope Residensi Setiawangsa, Setiawangsa, Kuala Lumpur, 54200, Malaysia"
RESIDENSI SG PURUN,SEMENYIH,Hulu Langat,2.9193039,101.8250137,scheme,"Jalan Residensi Sungai Purun, Kampung Batu Tiga, Semenyih, Kajang Municipal Council, Hulu Langat, Selangor, 43700, Malay"
RESIDENSI SKYVOGUE,MUKIM KUALA LUMPUR,Kuala Lumpur,,,none,
RESIDENSI SOUTH BROOKS,MUKIM BATU,Kuala Lumpur,3.1825827,101.6259281,scheme,"South Brooks, Desa ParkCity, Kepong, Kuala Lumpur, Malaysia"
RESIDENSI STAR,KUALA LUMPUR TOWN CENTRE,Kuala Lumpur,3.1746013,101.6502842,scheme,"Star Kiara, Mont Kiara, Kuala Lumpur, Malaysia"
RESIDENSI SUNGAI MULIA,MUKIM SETAPAK,Kuala Lumpur,3.2088559,101.7108648,scheme,"Residensi Wangsa Meranti, Kampung Lee Kong Chian, Kampung Padang Balang, Kuala Lumpur, Malaysia"
RESIDENSI SUNWAY GEO LAKE,BDR SUNWAY,Petaling,,,none,
RESIDENSI SURIA PANTAI,MUKIM KUALA LUMPUR,Kuala Lumpur,3.0912839,101.6663877,scheme,"Residensi Suria Pantai, Pantai Dalam, Kuala Lumpur, Malaysia"
RESIDENSI THE ADDRESS,MUKIM KUALA LUMPUR,Kuala Lumpur,,,none,
RESIDENSI THE ADDRESS 2,MUKIM KUALA LUMPUR,Kuala Lumpur,,,none,
RESIDENSI THE HOUTE GURNEY,MUKIM SETAPAK,Kuala Lumpur,,,none,
RESIDENSI THE TREES,MUKIM BATU,Kuala Lumpur,,,none,
RESIDENSI UNGGUL/ FIRST RESIDENCE,MUKIM BATU,Kuala Lumpur,,,none,
RESIDENSI VISTA HARMONI,MUKIM SETAPAK,Kuala Lumpur,3.2049441,101.6903971,scheme,"Vista Harmoni Residences, 19, Kampung Chubadak Hulu, Kampung Padang Balang, Kuala Lumpur, 51100, Malaysia"
RESIDENSI VISTA SAUJANA,MUKIM SETAPAK,Kuala Lumpur,3.2040733,101.7145965,scheme,"Residensi Vista Saujana, Setapak, Kampung Padang Balang, Kuala Lumpur, Malaysia"
RESIDENSI VISTA WIRAJAYA,MUKIM SETAPAK,Kuala Lumpur,3.2170336,101.7236534,scheme,"Residensi Vista Wirajaya, Wangsa Maju, Kuala Lumpur, Malaysia"
RESIDENSI VYNE SUNGAI BESI,MUKIM KUALA LUMPUR,Kuala Lumpur,,,none,
RESIDENSI WALTZ,MUKIM CHERAS,Kuala Lumpur,3.06824,101.6724081,scheme,"Residensi Waltz, Overseas Union Garden, Kuala Lumpur, Malaysia"
RESIDENSI WALTZ,MUKIM PETALING,Kuala Lumpur,3.06824,101.6724081,scheme,"Residensi Waltz, Overseas Union Garden, Kuala Lumpur, Malaysia"
RESIDENSI WANGSA 9,MUKIM SETAPAK,Kuala Lumpur,3.2088559,101.7108648,scheme,"Residensi Wangsa Meranti, Kampung Lee Kong Chian, Kampung Padang Balang, Kuala Lumpur, Malaysia"
RESIDENSI WANGSA MERANTI,MUKIM SETAPAK,Kuala Lumpur,3.2088559,101.7108648,scheme,"Residensi Wangsa Meranti, Kampung Lee Kong Chian, Kampung Padang Balang, Kuala Lumpur, Malaysia"
RESIDENSI ZAMRUD,PEKAN KG SUNGAI TANGKAS,Hulu Langat,2.9526642,101.7917542,scheme,"Residensi Zamrud Block C & D, Kampung Sungai Tangkas, Kajang Municipal Council, Hulu Langat, Selangor, Malaysia"
RESILION RESIDENCE (RESIDENSI RIMBUNAN),CHERAS,Hulu Langat,,,none,
RESOURCES SPRING,MUKIM SETAPAK,Kuala Lumpur,,,none,
REZAB KUARI TANNAMARAN (P/L 551),BATANG BERJUNTAI,Kuala Selangor,,,none,
RHU PERMAI,BANDAR KUALA SELANGOR,Kuala Selangor,3.3173722,101.274662,scheme,"Taman Rhu Permai, Assam Jawa, Kuala Selangor, Selangor, 45000, Malaysia"
RIA APARTMENT SRI EHSAN,BANDAR KEPONG,Gombak,,,none,
RIANA GREEN EAST KL,MUKIM SETAPAK,Kuala Lumpur,,,none,
RIANA GREEN-PJU 3,BDR DAMANSARA,Petaling,3.1369546,101.5981959,scheme,"Riana Green Condominium, PJU 3, Bandar Utama, Petaling Jaya, Petaling, Selangor, Malaysia"
RIANA GREEN-PJU 3,DAMANSARA,Petaling,3.1369546,101.5981959,scheme,"Riana Green Condominium, PJU 3, Bandar Utama, Petaling Jaya, Petaling, Selangor, Malaysia"
RIANA UKAY,BANDAR HULU KELANG,Gombak,3.1985494,101.7779888,scheme,"Parit Utama (PU29 / Taman Riana Ukay), Ukay Perdana, Ulu Kelang, Ampang Jaya Municipal Council, Gombak, Selangor, 54200,"
RIDGEVIEW RESIDENCE @TMN BUKIT PERMAI,BANDAR KAJANG,Hulu Langat,,,none,
RIDZUAN CONDO-PJS 10 BDR SUNWAY,BDR SUNWAY,Petaling,3.078868,101.6058308,scheme,"Ridzuan Condo, PJS 10, Sunway City, Petaling Jaya, Petaling, Selangor, Malaysia"
RIMBA / TIARA KEMENSAH,HULU KLANG,Gombak,3.2204432,101.7619248,scheme,"Rimba @ Tiara Kemensah, Kampung Kemensah, Ulu Kelang, Ampang Jaya Municipal Council, Gombak, Selangor, Malaysia"
RIMBA RESIDENCE-BDR KINRARA,PEKAN KINRARA,Petaling,3.0355002,101.6352984,scheme,"Rimba Residence, Bandar Kinrara, Puchong, Subang Jaya City Council, Petaling, Selangor, Malaysia"
RIMBUN SANCTUARY - BUKIT JELUTONG,DAMANSARA,Petaling,3.1112168,101.5218625,scheme,"Rimbun Sanctuary Apartment, Section U8, Jelutong Hill, Shah Alam, Petaling, Selangor, Malaysia"
RIMBUNAN MELATI,MUKIM BATU,Kuala Lumpur,3.2202977,101.6523128,scheme,"Rimbunan Melati, Jalan 15/34C, Jinjang, Kepong, Kuala Lumpur, 52000, Malaysia"
"RITMA PERDANA, LBS ALAM PERDANA",IJOK,Kuala Selangor,3.2419986,101.4652425,scheme,"Jalan Ritma 1/8, Taman Alam Perdana, Eco Grandeur, Bandar Puncak Alam, Kuala Selangor, Selangor, 42300, Malaysia"
RIVER VIEW KEMENSAH (TAMAN MELAWATI),HULU KLANG,Gombak,3.2178973,101.7503387,road,"Jalan Melawati 5A, Riverview Kemensah, Ulu Kelang, Ampang Jaya Municipal Council, Gombak, Selangor, 53100, Malaysia"
RIVERCITY CONDOMINIUM,KUALA LUMPUR TOWN CENTRE,Kuala Lumpur,3.1798721,101.6814047,scheme,"Rivercity Condominium, Jalan 1/57A, Million Garden, Kampung Kasipillay, Kuala Lumpur, 51000, Malaysia"
RIVERDALE PARK  ( BUKIT ANTARABANGSA),BANDAR HULU KELANG,Gombak,3.1912711,101.7738882,scheme,"Riverdale Park Apartments, Bukit Antarabangsa, Ulu Kelang, Ampang Jaya Municipal Council, Gombak, Selangor, Malaysia"
RIVERDALE PARK  ( BUKIT ANTARABANGSA),HULU KLANG,Gombak,3.1912711,101.7738882,scheme,"Riverdale Park Apartments, Bukit Antarabangsa, Ulu Kelang, Ampang Jaya Municipal Council, Gombak, Selangor, Malaysia"
RIVERVIEW VILLAS,BANDAR BARU BANGI,Hulu Langat,,,none,
RMH PANGSA BDR BUKIT TINGGI 1,PEKAN PENDAMARAN,Klang,,,none,
RMH PANGSA BDR BUKIT TINGGI 2,KELANG,Klang,,,none,
RMH PANGSA BDR BUKIT TINGGI 2,PEKAN PENDAMARAN,Klang,,,none,
RMH PANGSA PANDAMARAN,PEKAN PORT SWETTENHAM,Klang,,,none,
RMH PANGSA SAUJANA MAWAR,IJOK,Kuala Selangor,,,none,
RMH PANGSA TMN KEM,PEKAN PORT SWETTENHAM,Klang,,,none,
RMH PANGSA TMN SURIA PENDAMAR,PEKAN PENDAMARAN,Klang,,,none,
ROBSON CONDOMINIUM,KUALA LUMPUR TOWN CENTRE,Kuala Lumpur,3.1210907,101.6838684,scheme,"Robson Condominium, Seputeh, Kuala Lumpur, Malaysia"
ROBSON HEIGHTS,KUALA LUMPUR TOWN CENTRE,Kuala Lumpur,3.1217574,101.6885882,scheme,"Robson Heights Condominium, Seputeh, Kuala Lumpur, Malaysia"
"ROSE APARTMENT, SAUJANA UTAMA",IJOK,Kuala Selangor,3.2084264,101.4830402,scheme,"Rose Apartment, Bandar Saujana Utama, Kuala Selangor, Selangor, Malaysia"
ROSVILLA CONDOMINIUM,MUKIM BATU,Kuala Lumpur,3.1791291,101.6469499,scheme,"Rosvilla Condominium, Segambut, Kepong, Kuala Lumpur, Malaysia"
ROYALLE CONDOMINIUM,MUKIM BATU,Kuala Lumpur,,,none,
RSS 91-C (TEPI SUNGAI),BANDAR KELANG,Klang,,,none,
RUBNA VILLA,DENGKIL,Sepang,,,none,
RUM AWAM BT 0.5,SEMENYIH,Hulu Langat,2.9481868,101.8323838,road,"Jalan 4, Kajang East, Semenyih, Kajang Municipal Council, Hulu Langat, Selangor, 43700, Malaysia"
RUM MURAH BERANANG,BERANANG,Hulu Langat,2.8920788,101.8729633,road,"Jalan 2, Rumah PKNS Batu 26 Beranang, Sesapan Batu Rembau, Beranang, Kajang Municipal Council, Hulu Langat, Selangor, 43"
RUM MURAH BKT KUNDANG,HULU LANGAT,Hulu Langat,3.0710929,101.7687686,road,"Jalan 4, Cheras, Kajang Municipal Council, Hulu Langat, Selangor, 43200, Malaysia"
RUM MURAH BT 15 JLN SEMENYIH,KAJANG,Hulu Langat,2.9591273,101.8395442,road,"Jalan Semenyih, Taman Aik Ann, Kajang East, Semenyih, Kajang Municipal Council, Hulu Langat, Selangor, 43500, Malaysia"
RUM MURAH KG MELAKA,CHERAS,Hulu Langat,3.0711497,101.7583702,road,"Jalan Mas 2, Taman Lagenda Mas, Cheras, Kajang Municipal Council, Hulu Langat, Selangor, 43200, Malaysia"
RUM MURAH KG PADANG,HULU LANGAT,Hulu Langat,3.1140337,101.8239311,road,"Jalan 16, Batu 14 Hulu Langat, Kajang Municipal Council, Hulu Langat, Selangor, 43100, Malaysia"
RUM MURAH KG PASIR,PEKAN KG PASIR BATU 14 SEM,Hulu Langat,,,none,
RUM MURAH KG PASIR,SEMENYIH,Hulu Langat,2.9228891,101.8368136,road,"Jalan Ecohill 3/1B, Setia EcoHill, Semenyih, Kajang Municipal Council, Hulu Langat, Selangor, 43700, Malaysia"
RUM MURAH KG SRI JAMBU,BANDAR KAJANG,Hulu Langat,2.9330182,101.8531147,road,"Jalan 4, Bandar Rinching, Semenyih, Kajang Municipal Council, Hulu Langat, Selangor, 43500, Malaysia"
RUM MURAH SG CHUA,BANDAR KAJANG,Hulu Langat,3.0590228,101.7662508,road,"Jalan 16, Taman Murni, Cheras, Kajang Municipal Council, Hulu Langat, Selangor, 43200, Malaysia"
RUM MURAH SG MAKAU,HULU LANGAT,Hulu Langat,3.0710929,101.7687686,road,"Jalan 4, Cheras, Kajang Municipal Council, Hulu Langat, Selangor, 43200, Malaysia"
RUM MURAH SG MERAB 2,DENGKIL,Sepang,,,none,
RUM MURAH SG RAMAL,KAJANG,Hulu Langat,2.8919509,101.8711153,road,"Jalan 1/3, Rumah PKNS Batu 26 Beranang, Sesapan Batu Rembau, Beranang, Kajang Municipal Council, Hulu Langat, Selangor, "
RUM MURAH SIMPANG BALAK,KAJANG,Hulu Langat,3.0451179,101.7739462,road,"Jalan 5, Cheras, Kajang Municipal Council, Hulu Langat, Selangor, 43200, Malaysia"
RUMAH AWAM KOS RENDAH KG MEDAN,TELOK PANGLIMA GARANG,Kuala Langat,,,none,
RUMAH MURAH BATU SATU,SEPANG,Sepang,2.7753153,101.7527187,road,"Rumah Murah Salak, Salak, Sepang, Selangor, 71760, Malaysia"
RUMAH MURAH BKT BADONG,IJOK,Kuala Selangor,3.338149,101.4145574,road,"Jalan 1, Taman Bukit Badong, Kampung Bukit Badong, Ijok, Kuala Selangor, Selangor, 45600, Malaysia"
RUMAH MURAH BT. 4.5 JLN KAPAR,KAPAR,Klang,3.1624445,101.3315726,road,"Jalan Sempadan Batu 14, Kapar, Klang City, Klang, Selangor, Malaysia"
RUMAH MURAH JENDERAM HILIR,DENGKIL,Sepang,,,none,
RUMAH MURAH JENDERAM HULU,DENGKIL,Sepang,2.848762,101.6488776,road,"Jalan Banting-Semenyih, Dengkil, Sepang, Selangor, 43800, Malaysia"
RUMAH MURAH KAMPONG LADANG BARU KUANG,RAWANG,Gombak,,,none,
RUMAH MURAH MERU I,PEKAN MERU,Klang,,,none,
RUMAH MURAH PKNS,LABU,Sepang,,,none,
RUMAH MURAH PKNS BATU 16 RAWANG,BANDAR RAWANG,Gombak,3.3232412,101.5765466,road,"Jalan Bandar Rawang 2, Bandar Baru Rawang, Kampung Melayu Pekan Rawang, Rawang, Selayang Municipal Council, Gombak, Sela"
RUMAH MURAH PKNS BATU 16 RAWANG,RAWANG,Gombak,3.3275196,101.5711057,road,"Jalan 1, New Green Park, Kampung Melayu Pekan Rawang, Rawang, Selayang Municipal Council, Gombak, Selangor, 48000, Malay"
RUMAH MURAH PKNS BATU 17 RAWANG,BANDAR RAWANG,Gombak,3.3139056,101.5380279,road,"Jalan Anggun 1J, Anggun Kota Emerald, Sungai Bakau, Selayang Municipal Council, Gombak, Selangor, 48000, Malaysia"
RUMAH MURAH PKNS BATU 20 KUANG,RAWANG,Gombak,,,none,
RUMAH MURAH PKNS BATU 6 (BANGI LAMA),KAJANG,Hulu Langat,3.0451179,101.7739462,road,"Jalan 5, Cheras, Kajang Municipal Council, Hulu Langat, Selangor, 43200, Malaysia"
RUMAH MURAH PKNS JLN KLINIK,KUALA SELANGOR,Kuala Selangor,3.3192333,101.4143458,road,"Jalan 2, Taman Ijok Jaya Seksyen 1, Ijok, Kuala Selangor, Selangor, 45600, Malaysia"
RUMAH MURAH PKNS PERINGKAT 111,BATANG BERJUNTAI,Kuala Selangor,3.3807809,101.4206952,road,"Jalan Kampung Pecah 5, Taman Muhibbah, Bestari Jaya, Kuala Selangor, Selangor, 45600, Malaysia"
RUMAH MURAH PKNS TELUK PIAH,API-API,Kuala Selangor,,,none,
"RUMAH MURAH PKNS, BATU ARANG",RAWANG,Gombak,,,none,
RUMAH MURAH PMTG. PASIR,JUGRA,Kuala Langat,2.820366,101.4497152,road,"Jalan 1, Taman Jugra Jaya, Kampung Seri Jugra, Sungai Raba, Kuala Langat, Selangor, 42960, Malaysia"
RUMAH MURAH SALAK,LABU,Sepang,2.7753153,101.7527187,scheme,"Rumah Murah Salak, Salak, Sepang, Selangor, 71760, Malaysia"
RUMAH MURAH SG UDANG,KELANG,Klang,,,none,
RUMAH MURAH SG. JAROM,PEKAN JENJAROM,Kuala Langat,,,none,
RUMAH MURAH SPG. MORIB,KELANANG,Kuala Langat,,,none,
RUMAH MURAH SPG. MORIB,PEKAN SIMPANG MORIB,Kuala Langat,,,none,
RUMAH MURAH TANJUNG MAS,SEPANG,Sepang,,,none,
RUMAH MURAH TELOK MERBAU,SEPANG,Sepang,2.6425835,101.6624364,road,"Jalan Cermai 8, Taman Teluk Merbau, Sepang, Selangor, 43950, Malaysia"
RUMAH MURAH TG. SEPAT,BATU (KUALA LANGAT),Kuala Langat,,,none,
RUMAH MURAH TMN BUNGA MELOR,KAPAR,Klang,3.1319472,101.3754024,road,"Jalan Haji Abdul Samad, Taman Sentosa Kapar, Kapar, Klang City, Klang, Selangor, 42200, Malaysia"
RUMAH MURAH TMN HJ. HAMZAH,KAPAR,Klang,3.1360976,101.3952501,road,"Persiaran Hamzah Alang, Taman Emas, Kapar, Klang City, Klang, Selangor, 42200, Malaysia"
RUMAH MURAH TMN ISKANDAR,KAPAR,Klang,,,none,
RUMAH PANGSA BUKIT KUNDANG,HULU LANGAT,Hulu Langat,,,none,
RUMAH PANGSA CHERAS,MUKIM KUALA LUMPUR,Kuala Lumpur,3.1104506,101.7233704,scheme,"Perumahan Awam Seri Melaka, Bandar Sri Permaisuri, Cheras, Kuala Lumpur, Malaysia"
RUMAH PANGSA JALAN LOKE YEW,KUALA LUMPUR TOWN CENTRE,Kuala Lumpur,,,none,
RUMAH PANGSA KOS RENDAH KASTURI,MUKIM KUALA LUMPUR,Kuala Lumpur,,,none,
RUMAH PANGSA PANDAMARAN,PEKAN PORT SWETTENHAM,Klang,3.0091746,101.4110746,scheme,"Rumah Pangsa Pandamaran, Jalan Raja Lumu, Kampung Baru Pandamaran, Port Klang, Klang City, Klang, Selangor, 42000, Malay"
RUMAH PANGSA SAUJANA MAWAR,IJOK,Kuala Selangor,,,none,
RUMAH PANGSA SERI MERANTI-ARA DAMANSARA,DAMANSARA,Petaling,,,none,
RUMAH PANGSA TMN KEM,PEKAN PORT SWETTENHAM,Klang,,,none,
RUMAH PANGSA TMN SURIA PENDAMAR,PEKAN PENDAMARAN,Klang,,,none,
RUMAH PEKERJA LOMBONG AIR HITAM,DENGKIL,Sepang,2.8786755,101.6682269,road,"Lorong 2, Kampung Dato Ahmad Razali, Dengkil, Sepang, Selangor, 43800, Malaysia"
RUMAHPANGSA CHERAS,MUKIM KUALA LUMPUR,Kuala Lumpur,,,none,
RUMAWIP LEGASI KAMPUNG BHARU,KUALA LUMPUR TOWN CENTRE,Kuala Lumpur,,,none,
RUMBIA RESIDENCE,MUKIM KUALA LUMPUR,Kuala Lumpur,,,none,
RUVENA VILLA,DENGKIL,Sepang,2.9412,101.6102111,scheme,"Ruvena Villa, Jalan Putra Perdana 6/6A, Taman Putra Perdana, Sepang, Selangor, 47130, Malaysia"
S1 RESIDENCES,BERANANG,Hulu Langat,3.09051,101.7580347,scheme,"Bali Residences, Taman Segar Perdana, Cheras, Kajang Municipal Council, Hulu Langat, Selangor, Malaysia"
SALAK SOUTH GARDEN,MUKIM PETALING,Kuala Lumpur,3.079381,101.6959597,road,"Jalan Gempita 2, Taman Naga Emas, Sri Petaling, Kuala Lumpur, 57000, Malaysia"
SALAK SOUTH LOW COST HOUSING,MUKIM KUALA LUMPUR,Kuala Lumpur,3.0949486,101.7048139,road,"Jalan 17/108, Taman Salak Jaya, Bandar Sri Permaisuri, Salak South, Kuala Lumpur, 57100, Malaysia"
SAN PENG FLAT,KUALA LUMPUR TOWN CENTRE,Kuala Lumpur,,,none,
SANG SURIA KONDOMINIUM,KUALA LUMPUR TOWN CENTRE,Kuala Lumpur,,,none,
SASTRA U-THANT CONDOMINIUM,KUALA LUMPUR TOWN CENTRE,Kuala Lumpur,,,none,
SASTRA U-THANT CONDOMINIUM,MUKIM KUALA LUMPUR,Kuala Lumpur,,,none,
SAUJANA AMAN,IJOK,Kuala Selangor,3.2369304,101.4776216,scheme,"Taman Saujana Aman, Bandar Seri Coalfields, Kuala Selangor, Selangor, 47000, Malaysia"
SAUJANA DAMANSARA,SUNGAI BULUH,Petaling,3.1985509,101.5851365,scheme,"Saujana Damansara (PJU 10/13 & PJU 10/14), PJU 10, Petaling Jaya, Petaling, Selangor, Malaysia"
SAUJANA GOMBAK,BANDAR SELAYANG,Gombak,3.3311811,101.5156934,scheme,"Tasik Saujana Rawang Camelia, Bandar Country Homes, Selayang Municipal Council, Gombak, Selangor, Malaysia"
SAUJANA IMPIAN,BANDAR KAJANG,Hulu Langat,3.0127287,101.7901729,scheme,"Saujana Impian, Sungai Kantan, Kajang Municipal Council, Hulu Langat, Selangor, 43000, Malaysia"
SAUJANA IMPIAN,KAJANG,Hulu Langat,3.0127287,101.7901729,scheme,"Saujana Impian, Sungai Kantan, Kajang Municipal Council, Hulu Langat, Selangor, 43000, Malaysia"
SAUJANA MELAWATI,HULU KLANG,Gombak,3.2159853,101.7585101,road,"Jalan PM 2, Prima Villa, Kampung Kemensah, Ulu Kelang, Ampang Jaya Municipal Council, Gombak, Selangor, 53100, Malaysia"
SAUJANA PERDANA,IJOK,Kuala Selangor,3.2174738,101.4780572,scheme,"Saujana Perdana, Bandar Saujana Utama, Kuala Selangor, Selangor, Malaysia"
"SAUJANA RESIDENCY -SS16 S,JAYA",BANDAR SUBANG JAYA,Petaling,,,none,
SAUJANA SUBANG,BDR SAUJANA,Petaling,2.9940005,101.6391891,scheme,"Taman Saujana Puchong, Subang Jaya City Council, Petaling, Selangor, Malaysia"
SAVANNA BUKIT JALIL CONDOMINIUM,MUKIM PETALING,Kuala Lumpur,3.0564557,101.6875411,scheme,"Savanna Bukit Jalil Condominium, Bukit Jalil, Seri Kembangan, Kuala Lumpur, 57000, Malaysia"
SAVILLE@KAJANG,BANDAR KAJANG,Hulu Langat,2.9720611,101.7896027,scheme,"Saville Kajang, Jalan Reko, Kajang 2, Kajang Municipal Council, Hulu Langat, Selangor, 43000, Malaysia"
SCIENTEX KUNDANG JAYA,RAWANG,Gombak,3.2767237,101.5253768,scheme,"Scientex Kundang Jaya, Kundang, Kuang, Selayang Municipal Council, Gombak, Selangor, Malaysia"
SCIENTEX RAWANG,RAWANG,Gombak,3.313842,101.541305,scheme,"Scientex Rawang, Kota Emerald, Selayang Municipal Council, Gombak, Selangor, Malaysia"
SE TERRA CONDOMINIUM-PJU6,PEKAN KAYU ARA,Petaling,,,none,
SEGAMBUT GARDEN,MUKIM BATU,Kuala Lumpur,3.1996034,101.6591925,scheme,"Sri Segambut Garden (North), Segambut Shortcut, Jinjang, Kepong, Kuala Lumpur, 52000, Malaysia"
SEGAR COURT APARTMENT,MUKIM KUALA LUMPUR,Kuala Lumpur,,,none,
SEGAR RIA,MUKIM KUALA LUMPUR,Kuala Lumpur,3.0938972,101.745468,scheme,"Pangsapuri Segar Ria, Taman Cheras, Cheras, Kuala Lumpur, 56100, Malaysia"
SEGAR VIEW CONDO,MUKIM KUALA LUMPUR,Kuala Lumpur,,,none,
SEJATI RESIDENCE @ CYBERJAYA,DENGKIL,Sepang,,,none,
SEK 1 BDR BARU BANGI,BANDAR BARU BANGI,Hulu Langat,2.9369618,101.7774154,scheme,"Surau Ar-Raudhah, Jalan 3/1, Seksyen 3, Bandar Baru Bangi, Kajang Municipal Council, Hulu Langat, Selangor, 43650, Malay"
SEK 1 BDR BARU BANGI,KAJANG,Hulu Langat,2.9369618,101.7774154,scheme,"Surau Ar-Raudhah, Jalan 3/1, Seksyen 3, Bandar Baru Bangi, Kajang Municipal Council, Hulu Langat, Selangor, 43650, Malay"
SEK 12 BDR BARU BANGI,DENGKIL,Sepang,2.9478389,101.7496846,scheme,"Seksyen 12, Bandar Baru Bangi, Sepang, Selangor, Malaysia"
SEK 14 BDR BARU BANGI,KAJANG,Hulu Langat,2.9290951,101.7604916,scheme,"Universiti Kuala Lumpur - Malaysia France Institute, Jalan P1A, Seksyen 14, Bandar Baru Bangi, Kajang Municipal Council,"
SEK 15 BDR BARU BANGI,BANDAR BARU BANGI,Hulu Langat,2.9298626,101.7682066,scheme,"Seksyen 15, Bandar Baru Bangi, Kajang Municipal Council, Hulu Langat, Selangor, Malaysia"
SEK 16 BDR BARU BANGI,BANDAR BARU BANGI,Hulu Langat,2.97761,101.7469913,scheme,"Repositori Jabatan Muzium Malaysia, Jalan P10/16, Seksyen 10, Bandar Baru Bangi, Kajang Municipal Council, Hulu Langat, "
SEK 16 BDR BARU BANGI,KAJANG,Hulu Langat,2.97761,101.7469913,scheme,"Repositori Jabatan Muzium Malaysia, Jalan P10/16, Seksyen 10, Bandar Baru Bangi, Kajang Municipal Council, Hulu Langat, "
SEK 17 P.JAYA(PKNS)-JLN 17/2,BANDAR PETALING JAYA,Petaling,,,none,
SEK 2 BDR BARU BANGI,BANDAR BARU BANGI,Hulu Langat,2.9674309,101.7684993,scheme,"Seksyen 8, Bandar Baru Bangi, Kajang Municipal Council, Hulu Langat, Selangor, Malaysia"
SEK 2 BDR BARU BANGI,KAJANG,Hulu Langat,2.9674309,101.7684993,scheme,"Seksyen 8, Bandar Baru Bangi, Kajang Municipal Council, Hulu Langat, Selangor, Malaysia"
SEK 28 S.ALAM(ALAM MEGAH)-JLN 28/24,PEKAN HICOM,Petaling,,,none,
SEK 3 BBB (BANGI PERDANA),BANDAR BARU BANGI,Hulu Langat,2.9487728,101.7819313,road,"Jalan 3/10, Seksyen 3, Bandar Baru Bangi, Kajang Municipal Council, Hulu Langat, Selangor, 43650, Malaysia"
SEK 3 BBB (BANGI PERDANA),KAJANG,Hulu Langat,3.0732027,101.7686396,road,"35, Jalan 3, Cheras, Kajang Municipal Council, Hulu Langat, Selangor, 43200, Malaysia"
SEK 3 BDR BARU BANGI,BANDAR BARU BANGI,Hulu Langat,2.9424329,101.7796439,scheme,"Seksyen 3, Bandar Baru Bangi, Kajang Municipal Council, Hulu Langat, Selangor, 43650, Malaysia"
SEK 3 BDR BARU BANGI,KAJANG,Hulu Langat,2.9424329,101.7796439,scheme,"Seksyen 3, Bandar Baru Bangi, Kajang Municipal Council, Hulu Langat, Selangor, 43650, Malaysia"
SEK 3 BDR BARU BANGI (BANGI PERDANA),BANDAR BARU BANGI,Hulu Langat,2.9424329,101.7796439,scheme,"Seksyen 3, Bandar Baru Bangi, Kajang Municipal Council, Hulu Langat, Selangor, 43650, Malaysia"
SEK 4 BDR BARU BANGI,BANDAR BARU BANGI,Hulu Langat,2.964732,101.7806947,scheme,"Jabatan Penerangan Malaysia Daerah Hulu Langat, Jalan 4/11A, Seksyen 4, Bandar Baru Bangi, Kajang Municipal Council, Hul"
SEK 4 BDR BARU BANGI,KAJANG,Hulu Langat,2.964732,101.7806947,scheme,"Jabatan Penerangan Malaysia Daerah Hulu Langat, Jalan 4/11A, Seksyen 4, Bandar Baru Bangi, Kajang Municipal Council, Hul"
SEK 5 BDR BARU BANGI,BANDAR BARU BANGI,Hulu Langat,2.9588503,101.7856411,scheme,"Section 5, Bandar Baru Bangi, Kajang Municipal Council, Hulu Langat, Selangor, Malaysia"
SEK 5 BDR BARU BANGI,BANDAR KAJANG,Hulu Langat,2.9588503,101.7856411,scheme,"Section 5, Bandar Baru Bangi, Kajang Municipal Council, Hulu Langat, Selangor, Malaysia"
SEK 5 BDR BARU BANGI,KAJANG,Hulu Langat,2.9588503,101.7856411,scheme,"Section 5, Bandar Baru Bangi, Kajang Municipal Council, Hulu Langat, Selangor, Malaysia"
SEK 6 BDR BARU BANGI,BANDAR BARU BANGI,Hulu Langat,2.9624937,101.7615157,scheme,"TMpoint, Jalan 6/7B, Seksyen 6, Kajang Municipal Council, Hulu Langat, Selangor, 43650, Malaysia"
SEK 6 BDR BARU BANGI,KAJANG,Hulu Langat,2.9624937,101.7615157,scheme,"TMpoint, Jalan 6/7B, Seksyen 6, Kajang Municipal Council, Hulu Langat, Selangor, 43650, Malaysia"
SEK 6 KOTA D'SARA-CEMPAKA,PEKAN BARU SG BULUH,Petaling,,,none,
SEK 7 BDR BARU BANGI,BANDAR BARU BANGI,Hulu Langat,2.9698342,101.7779106,scheme,"Seksyen 7, Bandar Baru Bangi, Kajang Municipal Council, Hulu Langat, Selangor, Malaysia"
SEK 7 BDR BARU BANGI,BANDAR KAJANG,Hulu Langat,2.9698342,101.7779106,scheme,"Seksyen 7, Bandar Baru Bangi, Kajang Municipal Council, Hulu Langat, Selangor, Malaysia"
SEK 8 BDR BARU BANGI,BANDAR BARU BANGI,Hulu Langat,2.9674309,101.7684993,scheme,"Seksyen 8, Bandar Baru Bangi, Kajang Municipal Council, Hulu Langat, Selangor, Malaysia"
SEK 8 BDR BARU BANGI,CHERAS,Hulu Langat,2.9674309,101.7684993,scheme,"Seksyen 8, Bandar Baru Bangi, Kajang Municipal Council, Hulu Langat, Selangor, Malaysia"
SEK 8 BDR BARU BANGI (SERI BANGI),BANDAR BARU BANGI,Hulu Langat,2.9674309,101.7684993,scheme,"Seksyen 8, Bandar Baru Bangi, Kajang Municipal Council, Hulu Langat, Selangor, Malaysia"
SEK 9 BDR BARU BANGI,BANDAR BARU BANGI,Hulu Langat,2.9612915,101.7490561,scheme,"Seksyen 9, Bandar Baru Bangi, Kajang Municipal Council, Hulu Langat, Selangor, Malaysia"
"SEK. 10, SHAH ALAM",BANDAR SHAH ALAM,Petaling,3.1550604,101.5521183,scheme,"Amanah Ikhtiar Malaysia, Jalan Zuhal U5/179, Bandar Pinggiran Subang, Section U5, Shah Alam, Petaling, Selangor, 47810, "
SEK. 11 SHAH ALAM,BANDAR SHAH ALAM,Petaling,3.0602315,101.4981412,scheme,"SYNZTEC (MALAYSIA) SDN. BHD, 5, Jalan Lada Sulah 16/11, Section 16, Shah Alam, Petaling, Selangor, 40200, Malaysia"
"SEK. 11, PETALING JAYA",BANDAR PETALING JAYA,Petaling,2.9950321,101.6100303,scheme,"Taman Perindustrian Puchong Utama Seksyen 2, Bandar Puchong Utama, Subang Jaya City Council, Petaling, Selangor, Malaysi"
SEK. 12 PETALING JAYA,BANDAR PETALING JAYA,Petaling,2.9950321,101.6100303,scheme,"Taman Perindustrian Puchong Utama Seksyen 2, Bandar Puchong Utama, Subang Jaya City Council, Petaling, Selangor, Malaysi"
SEK. 12 SHAH ALAM,BANDAR SHAH ALAM,Petaling,3.0706652,101.5351375,scheme,"Section 12, Shah Alam, Petaling, Selangor, Malaysia"
SEK. 13 SHAH ALAM,BANDAR SHAH ALAM,Petaling,3.0883959,101.5471591,scheme,"MYDIN MART SEK 13, UNIT 9, Jalan Ragbi 13/30, Tadisma Business Park, Section 13, Bukit Jelutong, Shah Alam, Petaling, Se"
SEK. 14 PETALING JAYA,BANDAR PETALING JAYA,Petaling,2.9950321,101.6100303,scheme,"Taman Perindustrian Puchong Utama Seksyen 2, Bandar Puchong Utama, Subang Jaya City Council, Petaling, Selangor, Malaysi"
SEK. 14 PETALING JAYA,PEKAN SERDANG,Petaling,3.1102245,101.6363669,scheme,"Pos Malaysia, 18, Jalan 14/14, Section 14, Petaling Jaya, Petaling, Selangor, 46200, Malaysia"
SEK. 16 PETALING JAYA,BANDAR PETALING JAYA,Petaling,2.9950321,101.6100303,scheme,"Taman Perindustrian Puchong Utama Seksyen 2, Bandar Puchong Utama, Subang Jaya City Council, Petaling, Selangor, Malaysi"
SEK. 16 SHAH ALAM-JALAN DAWAI 16/2,BANDAR SHAH ALAM,Petaling,,,none,
SEK. 16 TIARA KONDOMINIUM,BANDAR PETALING JAYA,Petaling,,,none,
SEK. 16 TIARA KONDOMINIUM,SUNGAI BULUH,Petaling,,,none,
SEK. 17  PETALING JAYA,BANDAR PETALING JAYA,Petaling,2.9950321,101.6100303,scheme,"Taman Perindustrian Puchong Utama Seksyen 2, Bandar Puchong Utama, Subang Jaya City Council, Petaling, Selangor, Malaysi"
SEK. 17  PETALING JAYA,SUNGAI BULUH,Petaling,3.1252203,101.6352417,scheme,"Section 17, Petaling Jaya, Petaling, Selangor, 46400, Malaysia"
SEK. 17 SHAH ALAM,BANDAR SHAH ALAM,Petaling,3.0511795,101.4925592,scheme,"Aisjrim Malaysia, Lorong Tok Janggut, Padang Jawa, Section 17, Shah Alam, Petaling, Selangor, 40200, Malaysia"
SEK. 17 SHAH ALAM-JLN 7/1-2 & 17/24-26,BANDAR SHAH ALAM,Petaling,,,none,
SEK. 18 PETALING JAYA,BANDAR PETALING JAYA,Petaling,2.9950321,101.6100303,scheme,"Taman Perindustrian Puchong Utama Seksyen 2, Bandar Puchong Utama, Subang Jaya City Council, Petaling, Selangor, Malaysi"
SEK. 18 SHAH ALAM,BANDAR SHAH ALAM,Petaling,3.0491786,101.5247809,scheme,"Perumahan Seksyen 18, Kemuning–Shah Alam Highway, Section 18, Shah Alam, Petaling, Selangor, 40420, Malaysia"
SEK. 19 PETALING JAYA,BANDAR PETALING JAYA,Petaling,2.9950321,101.6100303,scheme,"Taman Perindustrian Puchong Utama Seksyen 2, Bandar Puchong Utama, Subang Jaya City Council, Petaling, Selangor, Malaysi"
SEK. 19 PETALING JAYA,SUNGAI BULUH,Petaling,3.1566916,101.574317,scheme,"Pangsapuri Cempaka Sek 6, Jalan Cecawi 6/19, PJU 5, Kota Damansara, Petaling Jaya, Petaling, Selangor, 47810, Malaysia"
SEK. 19 PJ (JASMINE TOWERS KONDO),BANDAR PETALING JAYA,Petaling,3.114432,101.629805,scheme,"Section 19, Petaling Jaya, Petaling, Selangor, 47308, Malaysia"
SEK. 19 PJ (JASMINE TOWERS KONDO),SUNGAI BULUH,Petaling,3.114432,101.629805,scheme,"Section 19, Petaling Jaya, Petaling, Selangor, 47308, Malaysia"
SEK. 19 SHAH ALAM,BANDAR SHAH ALAM,Petaling,3.0662895,101.5475816,scheme,"Johnson Controls Malaysia Manufacturing Sdn Bhd, 8, Jalan Pengapit 15/19, Section 15, Shah Alam, Petaling, Selangor, 402"
SEK. 2 PETALING JAYA,BANDAR PETALING JAYA,Petaling,2.9950321,101.6100303,scheme,"Taman Perindustrian Puchong Utama Seksyen 2, Bandar Puchong Utama, Subang Jaya City Council, Petaling, Selangor, Malaysi"
SEK. 2 SHAH ALAM,BANDAR SHAH ALAM,Petaling,3.0712105,101.5092596,scheme,"Section 2, Shah Alam, Petaling, Selangor, Malaysia"
SEK. 20 PETALING JAYA,BANDAR PETALING JAYA,Petaling,2.9950321,101.6100303,scheme,"Taman Perindustrian Puchong Utama Seksyen 2, Bandar Puchong Utama, Subang Jaya City Council, Petaling, Selangor, Malaysi"
SEK. 20 SHAH ALAM,BANDAR SHAH ALAM,Petaling,3.0645757,101.4895223,scheme,"Section 7 Community Police Station, 20, Jalan Plumbum AA 7/AA, Section 7, Shah Alam, Petaling, Selangor, 40000, Malaysia"
SEK. 21 PETALING JAYA,BANDAR PETALING JAYA,Petaling,2.9950321,101.6100303,scheme,"Taman Perindustrian Puchong Utama Seksyen 2, Bandar Puchong Utama, Subang Jaya City Council, Petaling, Selangor, Malaysi"
SEK. 21 PETALING JAYA,SUNGAI BULUH,Petaling,3.1088816,101.6229276,scheme,"Section 21, Petaling Jaya, Petaling, Selangor, Malaysia"
SEK. 21-28 BDR KLANG,BANDAR KELANG,Klang,,,none,
SEK. 21-28 BDR KLANG,KAPAR,Klang,,,none,
SEK. 21-28 BDR KLANG,KELANG,Klang,,,none,
SEK. 22 PETALING JAYA,BANDAR PETALING JAYA,Petaling,2.9950321,101.6100303,scheme,"Taman Perindustrian Puchong Utama Seksyen 2, Bandar Puchong Utama, Subang Jaya City Council, Petaling, Selangor, Malaysi"
"SEK. 24 S.ALAM -JLN 24/1-,24/30(K.REN)",BANDAR SHAH ALAM,Petaling,,,none,
SEK. 24 SHAH ALAM,BANDAR SHAH ALAM,Petaling,3.0382248,101.5185803,scheme,"Section 24, Shah Alam, Petaling, Selangor, Malaysia"
SEK. 24 SHAH ALAM -JLN 24/1-24/2(K.SED),BANDAR SHAH ALAM,Petaling,3.0392887,101.5145453,scheme,"Flat PKNS Seksyen 24 (blok 79), Jalan Timun 24/1, Rumah Berangkai 2 Tingkat, Section 24, Shah Alam, Petaling, Selangor, "
SEK. 27 SHAH ALAM,BANDAR SHAH ALAM,Petaling,3.0162039,101.5605905,scheme,"Telekom Malaysia Seksyen 27, Persiaran Klang, Section 27, Shah Alam, Petaling, Selangor, 40350, Malaysia"
SEK. 27 SHAH ALAM,DAMANSARA,Petaling,3.0162039,101.5605905,scheme,"Telekom Malaysia Seksyen 27, Persiaran Klang, Section 27, Shah Alam, Petaling, Selangor, 40350, Malaysia"
SEK. 27 SHAH ALAM,PEKAN HICOM,Petaling,3.0162039,101.5605905,scheme,"Telekom Malaysia Seksyen 27, Persiaran Klang, Section 27, Shah Alam, Petaling, Selangor, 40350, Malaysia"
SEK. 28 SHAH ALAM,DAMANSARA,Petaling,3.0053852,101.5667903,scheme,"Section 28, Shah Alam, Petaling, Selangor, Malaysia"
SEK. 28 SHAH ALAM,PEKAN HICOM,Petaling,3.0053852,101.5667903,scheme,"Section 28, Shah Alam, Petaling, Selangor, Malaysia"
SEK. 3 PETALING JAYA,BANDAR PETALING JAYA,Petaling,2.9950321,101.6100303,scheme,"Taman Perindustrian Puchong Utama Seksyen 2, Bandar Puchong Utama, Subang Jaya City Council, Petaling, Selangor, Malaysi"
SEK. 3. SHAH ALAM,BANDAR SHAH ALAM,Petaling,3.0666218,101.5078786,scheme,"Pencawang Elektrik UiTM Sek 2, Persiaran Raja Muda, Section 1, Shah Alam, Petaling, Selangor, 40000, Malaysia"
SEK. 4 PETALING JAYA,BANDAR PETALING JAYA,Petaling,2.9950321,101.6100303,scheme,"Taman Perindustrian Puchong Utama Seksyen 2, Bandar Puchong Utama, Subang Jaya City Council, Petaling, Selangor, Malaysi"
SEK. 4 SHAH ALAM,BANDAR SHAH ALAM,Petaling,3.0581503,101.5061685,scheme,"Pos Malaysia, Jalan Tukang 16/4, Section 16, Shah Alam, Petaling, Selangor, 40200, Malaysia"
SEK. 5 PETALING JAYA,BANDAR PETALING JAYA,Petaling,2.9950321,101.6100303,scheme,"Taman Perindustrian Puchong Utama Seksyen 2, Bandar Puchong Utama, Subang Jaya City Council, Petaling, Selangor, Malaysi"
SEK. 51A PETALING JAYA,BANDAR PETALING JAYA,Petaling,2.9950321,101.6100303,scheme,"Taman Perindustrian Puchong Utama Seksyen 2, Bandar Puchong Utama, Subang Jaya City Council, Petaling, Selangor, Malaysi"
"SEK. 52, PETALING JAYA",BANDAR PETALING JAYA,Petaling,2.9950321,101.6100303,scheme,"Taman Perindustrian Puchong Utama Seksyen 2, Bandar Puchong Utama, Subang Jaya City Council, Petaling, Selangor, Malaysi"
SEK. 6 PETALING JAYA,BANDAR PETALING JAYA,Petaling,2.9950321,101.6100303,scheme,"Taman Perindustrian Puchong Utama Seksyen 2, Bandar Puchong Utama, Subang Jaya City Council, Petaling, Selangor, Malaysi"
SEK. 6 SHAH ALAM,BANDAR SHAH ALAM,Petaling,3.0633293,101.5181953,scheme,"Volvo Malaysia, 6, Jalan Bicu 15/6, Section 15, Shah Alam, Petaling, Selangor, 40200, Malaysia"
SEK. 7 KOTA DAMANSARA RENDAH LILY,PEKAN BARU SG BULUH,Petaling,,,none,
SEK. 7 PETALING JAYA,BANDAR PETALING JAYA,Petaling,2.9950321,101.6100303,scheme,"Taman Perindustrian Puchong Utama Seksyen 2, Bandar Puchong Utama, Subang Jaya City Council, Petaling, Selangor, Malaysi"
SEK. 7 SHAH ALAM,BANDAR SHAH ALAM,Petaling,3.0645757,101.4895223,scheme,"Section 7 Community Police Station, 20, Jalan Plumbum AA 7/AA, Section 7, Shah Alam, Petaling, Selangor, 40000, Malaysia"
SEK. 7 SHAH ALAM-JLN PLUMBUM 7/95-7/99,BANDAR SHAH ALAM,Petaling,,,none,
SEK. 8 KOTA D'SARA-DAHLIA,PEKAN BARU SG BULUH,Petaling,,,none,
SEK. 8 PETALING JAYA,BANDAR PETALING JAYA,Petaling,2.9950321,101.6100303,scheme,"Taman Perindustrian Puchong Utama Seksyen 2, Bandar Puchong Utama, Subang Jaya City Council, Petaling, Selangor, Malaysi"
SEK. 8 SHAH ALAM,BANDAR SHAH ALAM,Petaling,3.0155946,101.5547628,scheme,"JFE Shoji Steel Malaysia Sdn. Bhd., Jalan Trompet 33/8, Taman Alam Indah, Section 33, Shah Alam, Klang, Selangor, 40350,"
SEK. 9 PETALING JAYA,BANDAR PETALING JAYA,Petaling,2.9950321,101.6100303,scheme,"Taman Perindustrian Puchong Utama Seksyen 2, Bandar Puchong Utama, Subang Jaya City Council, Petaling, Selangor, Malaysi"
SEK. 9 SHAH ALAM,BANDAR SHAH ALAM,Petaling,3.0883959,101.5471591,scheme,"MYDIN MART SEK 13, UNIT 9, Jalan Ragbi 13/30, Tadisma Business Park, Section 13, Bukit Jelutong, Shah Alam, Petaling, Se"
"SEK.1 & SEK. 1A , PETALING JAYA",BANDAR PETALING JAYA,Petaling,3.0988792,101.6454202,scheme,"Petaling Jaya, Petaling, Selangor, Malaysia"
"SEK.10, PETALING JAYA",BANDAR PETALING JAYA,Petaling,3.1607791,101.5876955,scheme,"Sek Rendah Agama Seksyen 5, Jalan Sepah Puteri 5/20, PJU 5, Kota Damansara, Petaling Jaya, Petaling, Selangor, 47810, Ma"
SEK.16 P.J ASTANA D'SARA / DESA PESONA,BANDAR PETALING JAYA,Petaling,,,none,
SEK.16 P.J ASTANA D'SARA / DESA PESONA,SUNGAI BULUH,Petaling,,,none,
SEK.18 SHAH ALAM-JLN 18/3-18/47,BANDAR SHAH ALAM,Petaling,,,none,
SEK.19 P.JAYA  - DAMANSARA BESTARI,BANDAR PETALING JAYA,Petaling,,,none,
SEK.19 S ALAM-JLN CANKUL19/3-19/15,BANDAR SHAH ALAM,Petaling,,,none,
SEK.20 S.ALAM JLN 20/16-20/17,BANDAR SHAH ALAM,Petaling,,,none,
SEK.27  BUNGA NEGARA-JLN 27/27-27A,PEKAN BARU HICOM,Petaling,,,none,
SEK.27  BUNGA NEGARA-JLN 27/27-27A,PEKAN HICOM,Petaling,,,none,
SEK.5 KOTA D'SARA -SIANTAN,PEKAN BARU SG BULUH,Petaling,,,none,
SEK.5 KOTA D'SARA-CARLINA,PEKAN BARU SG BULUH,Petaling,,,none,
SEK.6 KOTA D'SARA- GUGUSAN SEROJA,PEKAN BARU SG BULUH,Petaling,,,none,
SEK.6 KOTA D'SARA-R/P KOS RENDAH TANJUNG,PEKAN BARU SG BULUH,Petaling,,,none,
SEK.6 KOTA D'SARA-TERATAI,PEKAN BARU SG BULUH,Petaling,,,none,
SEK.7 KOTA D'SARA-GUGUSAN KEKWA,PEKAN BARU SG BULUH,Petaling,,,none,
SEK.7 KOTA D'SARA-KASIA,PEKAN BARU SG BULUH,Petaling,,,none,
SEK.7 KOTA D'SARA-ROSA,PEKAN BARU SG BULUH,Petaling,,,none,
SEK.7 S.ALAM JLN 7/96-7/100A(NILAM SARI),BANDAR SHAH ALAM,Petaling,,,none,
SEK.8 SHAH ALAM-JLN 8/1-8/2C,BANDAR SHAH ALAM,Petaling,,,none,
SEK5 PETALING JAYA-GASING INDAH,BANDAR PETALING JAYA,Petaling,,,none,
SEKATA VILLA,DENGKIL,Sepang,2.8590726,101.691103,road,"Jalan 4, Taman Gemilang, Kampung Lalang, Dengkil, Sepang, Selangor, 43800, Malaysia"
SEKATA VISTA,DENGKIL,Sepang,2.8576262,101.6822932,road,"Jalan KB 1, Kampung Baru Seri Dengkil, Kampung Cemperai, Dengkil, Sepang, Selangor, 43800, Malaysia"
SEKSYEN 1 BANDAR BARU BANGI,BANDAR BARU BANGI,Hulu Langat,2.9369618,101.7774154,scheme,"Surau Ar-Raudhah, Jalan 3/1, Seksyen 3, Bandar Baru Bangi, Kajang Municipal Council, Hulu Langat, Selangor, 43650, Malay"
SEKSYEN 10 - KOTA DAMANSARA,PEKAN BARU SG BULUH,Petaling,3.1526857,101.585594,scheme,"Section 4, Kota Damansara, Petaling Jaya, Petaling, Selangor, Malaysia"
SEKSYEN 10 - KOTA DAMANSARA,PEKAN KINRARA,Petaling,3.1526857,101.585594,scheme,"Section 4, Kota Damansara, Petaling Jaya, Petaling, Selangor, Malaysia"
SEKSYEN 11 - KOTA DAMANSARA,PEKAN BARU SG BULUH,Petaling,3.1526857,101.585594,scheme,"Section 4, Kota Damansara, Petaling Jaya, Petaling, Selangor, Malaysia"
SEKSYEN 11 - KOTA DAMANSARA,SUNGAI BULUH,Petaling,3.1526857,101.585594,scheme,"Section 4, Kota Damansara, Petaling Jaya, Petaling, Selangor, Malaysia"
SEKSYEN 15 BANDAR BARU BANGI,BANDAR BARU BANGI,Hulu Langat,2.9298626,101.7682066,scheme,"Seksyen 15, Bandar Baru Bangi, Kajang Municipal Council, Hulu Langat, Selangor, Malaysia"
SEKSYEN 16 BANDAR BARU BANGI,KAJANG,Hulu Langat,2.97761,101.7469913,scheme,"Repositori Jabatan Muzium Malaysia, Jalan P10/16, Seksyen 10, Bandar Baru Bangi, Kajang Municipal Council, Hulu Langat, "
SEKSYEN 16 SHAH ALAM,BANDAR SHAH ALAM,Petaling,3.0537783,101.5010014,scheme,"Panasonic Industrial Devices Malaysia Sdn. Bhd., Persiaran Kemajuan, Section 16, Shah Alam, Petaling, Selangor, 40200, M"
SEKSYEN 2 BANDAR BARU BANGI,BANDAR BARU BANGI,Hulu Langat,2.9674309,101.7684993,scheme,"Seksyen 8, Bandar Baru Bangi, Kajang Municipal Council, Hulu Langat, Selangor, Malaysia"
SEKSYEN 2 BANDAR BARU BANGI,KAJANG,Hulu Langat,2.9674309,101.7684993,scheme,"Seksyen 8, Bandar Baru Bangi, Kajang Municipal Council, Hulu Langat, Selangor, Malaysia"
"SEKSYEN 23, SHAH ALAM",BANDAR KELANG,Klang,3.0451696,101.5296381,scheme,"Dewan MBSA Seksyen 23, Jalan Tarif Satu 23/8A, Section 23, Shah Alam, Klang, Selangor, 40300, Malaysia"
"SEKSYEN 23, SHAH ALAM",BANDAR SHAH ALAM,Klang,3.0451696,101.5296381,scheme,"Dewan MBSA Seksyen 23, Jalan Tarif Satu 23/8A, Section 23, Shah Alam, Klang, Selangor, 40300, Malaysia"
"SEKSYEN 23, SHAH ALAM",BANDAR SHAH ALAM,Petaling,3.0441695,101.5339735,scheme,"Section 23, Shah Alam, Petaling, Selangor, Malaysia"
SEKSYEN 26 SHAH ALAM,PEKAN BARU HICOM,Petaling,3.0297414,101.5655974,scheme,"Gas Malaysia Bhd, Section 26, Shah Alam, Petaling, Selangor, Malaysia"
SEKSYEN 26 SHAH ALAM,PEKAN HICOM,Petaling,3.0297414,101.5655974,scheme,"Gas Malaysia Bhd, Section 26, Shah Alam, Petaling, Selangor, Malaysia"
"SEKSYEN 29, SHAH ALAM",KELANG,Klang,2.9667308,101.5535188,scheme,"Section 29, Shah Alam, Klang, Selangor, Malaysia"
SEKSYEN 3 BANDAR BARU BANGI,BANDAR BARU BANGI,Hulu Langat,2.9424329,101.7796439,scheme,"Seksyen 3, Bandar Baru Bangi, Kajang Municipal Council, Hulu Langat, Selangor, 43650, Malaysia"
SEKSYEN 3 BANDAR BARU BANGI,KAJANG,Hulu Langat,2.9424329,101.7796439,scheme,"Seksyen 3, Bandar Baru Bangi, Kajang Municipal Council, Hulu Langat, Selangor, 43650, Malaysia"
"SEKSYEN 30, SHAH ALAM",KELANG,Klang,2.9733684,101.5109387,scheme,"Section 30, Shah Alam, Klang, Selangor, Malaysia"
"SEKSYEN 32, SHAH ALAM",KELANG,Klang,3.0015496,101.5049707,scheme,"Section 32, Shah Alam, Klang, Selangor, Malaysia"
"SEKSYEN 32, SHAH ALAM (P/L 2920)",KELANG,Klang,3.0015496,101.5049707,scheme,"Section 32, Shah Alam, Klang, Selangor, Malaysia"
"SEKSYEN 33, SHAH ALAM",PEKAN HICOM,Petaling,3.0155946,101.5547628,scheme,"JFE Shoji Steel Malaysia Sdn. Bhd., Jalan Trompet 33/8, Taman Alam Indah, Section 33, Shah Alam, Klang, Selangor, 40350,"
"SEKSYEN 36, SHAH ALAM",KELANG,Klang,3.0310692,101.4884403,scheme,"Section 36, Shah Alam, Klang, Selangor, Malaysia"
SEKSYEN 4 - KOTA DAMANSARA,PEKAN BARU SG BULUH,Petaling,3.1526857,101.585594,scheme,"Section 4, Kota Damansara, Petaling Jaya, Petaling, Selangor, Malaysia"
SEKSYEN 4 BANDAR BARU BANGI,BANDAR BARU BANGI,Hulu Langat,2.964732,101.7806947,scheme,"Jabatan Penerangan Malaysia Daerah Hulu Langat, Jalan 4/11A, Seksyen 4, Bandar Baru Bangi, Kajang Municipal Council, Hul"
SEKSYEN 4 BANDAR BARU BANGI,KAJANG,Hulu Langat,2.964732,101.7806947,scheme,"Jabatan Penerangan Malaysia Daerah Hulu Langat, Jalan 4/11A, Seksyen 4, Bandar Baru Bangi, Kajang Municipal Council, Hul"
SEKSYEN 5 - KOTA DAMANSARA,PEKAN BARU SG BULUH,Petaling,3.1526857,101.585594,scheme,"Section 4, Kota Damansara, Petaling Jaya, Petaling, Selangor, Malaysia"
SEKSYEN 5 BANDAR BARU BANGI,BANDAR KAJANG,Hulu Langat,2.9588503,101.7856411,scheme,"Section 5, Bandar Baru Bangi, Kajang Municipal Council, Hulu Langat, Selangor, Malaysia"
SEKSYEN 6 - KOTA DAMANSARA,PEKAN BARU SG BULUH,Petaling,3.1526857,101.585594,scheme,"Section 4, Kota Damansara, Petaling Jaya, Petaling, Selangor, Malaysia"
SEKSYEN 7 - KOTA DAMANSARA,PEKAN BARU SG BULUH,Petaling,3.1684412,101.5756596,scheme,"Section 7, Kota Damansara, Petaling Jaya, Petaling, Selangor, Malaysia"
SEKSYEN 7 BANDAR BARU BANGI,BANDAR BARU BANGI,Hulu Langat,2.9698342,101.7779106,scheme,"Seksyen 7, Bandar Baru Bangi, Kajang Municipal Council, Hulu Langat, Selangor, Malaysia"
SEKSYEN 8 - KOTA DAMANSARA,PEKAN BARU SG BULUH,Petaling,3.1526857,101.585594,scheme,"Section 4, Kota Damansara, Petaling Jaya, Petaling, Selangor, Malaysia"
SEKSYEN 8 BANDAR BARU BANGI,BANDAR BARU BANGI,Hulu Langat,2.9674309,101.7684993,scheme,"Seksyen 8, Bandar Baru Bangi, Kajang Municipal Council, Hulu Langat, Selangor, Malaysia"
SEKSYEN 9 - KOTA DAMANSARA,PEKAN BARU SG BULUH,Petaling,3.1526857,101.585594,scheme,"Section 4, Kota Damansara, Petaling Jaya, Petaling, Selangor, Malaysia"
SEKSYEN 9 BDR BARU BANGI,BANDAR BARU BANGI,Hulu Langat,2.9612915,101.7490561,scheme,"Seksyen 9, Bandar Baru Bangi, Kajang Municipal Council, Hulu Langat, Selangor, Malaysia"
SELANGOR CYBER VALLEY-RESIDENCY AURORA,BANDAR CYBERJAYA,Sepang,,,none,
SELANGOR CYBER VALLEY-RESIDENCY AURORA,DENGKIL,Sepang,,,none,
SELANGOR KU - TULIP,PEKAN DESA PUCHONG,Petaling,,,none,
SELANGOR MANSION,KUALA LUMPUR TOWN CENTRE,Kuala Lumpur,3.1521129,101.6973839,scheme,"Selangor Mansion, Jalan Masjid India, Kampung Cendana, Kuala Lumpur, 50100, Malaysia"
SELANGORKU PPAM @ULU YAM,SETAPAK,Gombak,,,none,
SELANGORKU PR1MA LAKEFRONT HOMES,BANDAR CYBERJAYA,Sepang,2.9276177,101.6300059,scheme,"Block A, Selangorku PR1MA Lakefront Homes, Persiaran Sepang, Cyber 11, Cyberjaya, Sepang, Selangor, 63000, Malaysia"
SELASIH APARTMENT-D'SARA  DAMAI,SUNGAI BULUH,Petaling,,,none,
"SELASIH COURT - SEK. 4, PJ",BANDAR PETALING JAYA,Petaling,,,none,
SELAYANG CENTRE POINT,BANDAR SELAYANG,Gombak,3.2483572,101.6692299,scheme,"Selayang Centre Point, Kampung Selayang Baru, Batu Caves, Selayang Municipal Council, Gombak, Selangor, Malaysia"
SELAYANG FLAT,KUALA LUMPUR TOWN CENTRE,Kuala Lumpur,3.1661678,101.6957937,scheme,"Selayang Mansion, Lorong Chow Kit 6, Kampung Periuk, Chow Kit, Sentul, Kuala Lumpur, 50586, Malaysia"
SELAYANG HEIGHT,BATU,Gombak,,,none,
SELAYANG HEIGHTS,BATU,Gombak,3.2693454,101.6520786,scheme,"Selayang Heights, Batu Caves, Selayang Municipal Council, Gombak, Selangor, Malaysia"
SELAYANG HEIGHTS,RAWANG,Gombak,3.2693454,101.6520786,scheme,"Selayang Heights, Batu Caves, Selayang Municipal Council, Gombak, Selangor, Malaysia"
SELAYANG POINT,BANDAR SELAYANG,Gombak,3.2408872,101.6497914,scheme,"Selayang Point, Batu Caves, Selayang Municipal Council, Gombak, Selangor, Malaysia"
SEMANTAN VILLAS,MUKIM KUALA LUMPUR,Kuala Lumpur,3.1498477,101.6661212,scheme,"Semantan Villas, Taman Duta, Kuala Lumpur, Malaysia"
SEMARAK&SEROJA - SETIA ALAM,BUKIT RAJA,Petaling,,,none,
SEMENYIH IMPIANA,SEMENYIH,Hulu Langat,2.9315894,101.8317324,scheme,"Jalan Semenyih Impiana 2, Semenyih, Kajang Municipal Council, Hulu Langat, Selangor, 43700, Malaysia"
SEMENYIH PARKLANDS,BERANANG,Hulu Langat,2.8959905,101.8734288,scheme,"Semenyih Parklands, Sesapan Batu Rembau, Kajang Municipal Council, Hulu Langat, Selangor, Malaysia"
SENI MONT KIARA,MUKIM BATU,Kuala Lumpur,3.170817,101.6596262,scheme,"Seni Mont Kiara Condo, Mont Kiara, Kuala Lumpur, Malaysia"
"SENI RESIDENCE, SUNSURIA CITY",DENGKIL,Sepang,2.8318345,101.6976991,road,"Jalan Sunsuria, Sunsuria City, Dengkil, Sepang, Selangor, 43900, Malaysia"
SENTOSA COURT,MUKIM PETALING,Kuala Lumpur,3.076518,101.6567743,scheme,"Sentosa Court, Overseas Union Garden, Kuala Lumpur, Malaysia"
SENTOSA HEIGHTS,BANDAR KAJANG,Hulu Langat,2.9967431,101.7937248,scheme,"Sentosa Heights, Kampung Asrah, Kajang Municipal Council, Hulu Langat, Selangor, Malaysia"
SENTUL GARDEN,MUKIM SETAPAK,Kuala Lumpur,3.1818198,101.6875856,scheme,"Senator Office Furniture Malaysia, Jalan Strachan, Million Garden, Sentul, Kuala Lumpur, 51000, Malaysia"
SENTUL JAYA,MUKIM SETAPAK,Kuala Lumpur,3.1941432,101.6895773,scheme,"Jalan Sentul Jaya, Taman Kosmo Jaya, Kampung Chubadak Hulu, Kampung Padang Balang, Kuala Lumpur, 51100, Malaysia"
SENTUL MURNI,MUKIM SETAPAK,Kuala Lumpur,3.199816,101.6958193,scheme,"PPR Sentul Murni, Kampung Chubadak Hulu, Kampung Padang Balang, Kuala Lumpur, Malaysia"
SENTUL PARK,MUKIM BATU,Kuala Lumpur,3.1834452,101.685609,scheme,"Sentul Park, Kampung Kasipillay, Kuala Lumpur, Malaysia"
SENTUL PARK,MUKIM SETAPAK,Kuala Lumpur,3.1834452,101.685609,scheme,"Sentul Park, Kampung Kasipillay, Kuala Lumpur, Malaysia"
SENTUL PASAR,MUKIM BATU,Kuala Lumpur,3.1985613,101.6989658,scheme,"Sentul Pasar, Lebuhraya DUKE, Kampung Puah, Kampung Padang Balang, Kuala Lumpur, 53000, Malaysia"
SENTUL PERDANA,MUKIM SETAPAK,Kuala Lumpur,3.2034814,101.6892818,scheme,"Jalan Sentul Perdana, Kampung Chubadak Hulu, Kampung Padang Balang, Kuala Lumpur, 51100, Malaysia"
SENTUL POINT SUITE APARTMENTS,MUKIM SETAPAK,Kuala Lumpur,,,none,
SENTUL UTAMA KONDOMINIUM,MUKIM SETAPAK,Kuala Lumpur,3.1977143,101.698206,scheme,"Sentul Utama Condominium, Kampung Puah, Kampung Padang Balang, Kuala Lumpur, Malaysia"
SEPUTEH HEIGHTS,MUKIM KUALA LUMPUR,Kuala Lumpur,3.1175128,101.6860645,scheme,"Seputeh Heights, Seputeh, Kuala Lumpur, Malaysia"
SEPUTIH PERMAI KONDO,KUALA LUMPUR TOWN CENTRE,Kuala Lumpur,,,none,
SERAI BUKIT BANDARAYA,MUKIM KUALA LUMPUR,Kuala Lumpur,3.1407813,101.6609273,scheme,"Serai Bukit Bandaraya, Bangsar, Kuala Lumpur, Malaysia"
SERAI SAUJANA - U2 SAUJANA RESORT,BDR SAUJANA,Petaling,,,none,
SERDANG HEIGHT,PETALING,Petaling,3.0184369,101.6896763,scheme,"Serdang Height Water Reservior, Jalan Makmur 3/2, Serdang Heights Seksyen 3, Serdang Heights, Seri Kembangan, Subang Jay"
SERDANG JAYA (PKNS),PEKAN SERDANG,Petaling,3.0214905,101.708945,scheme,"Serdang Jaya, Jalan Raya 1, Seri Serdang, Seri Kembangan, Subang Jaya City Council, Petaling, Selangor, 43300, Malaysia"
SERDANG JAYA (PKNS),PETALING,Petaling,3.0214905,101.708945,scheme,"Serdang Jaya, Jalan Raya 1, Seri Serdang, Seri Kembangan, Subang Jaya City Council, Petaling, Selangor, 43300, Malaysia"
SERDANG PERDANA (CHCC),PEKAN SERDANG,Petaling,3.0367499,101.7071585,scheme,"Serdang Perdana, Seri Kembangan, Subang Jaya City Council, Petaling, Selangor, Malaysia"
SERDANG RAYA COURT,PEKAN SERDANG,Petaling,3.0429514,101.7018195,scheme,"Perindustrian Serdang Raya 7;SR Court Apartment, Jalan SR 7/2, Serdang Raya 7, Serdang Raya, Seri Kembangan, Subang Jaya"
SERENA RESIDENCE RAWANG,RAWANG,Gombak,3.3107925,101.5967633,road,"Jalan SR 10/3, Apartment Taman Setia Rawang, Rawang, Selayang Municipal Council, Gombak, Selangor, 48000, Malaysia"
SERENE HEIGHTS,SEMENYIH,Hulu Langat,2.9213462,101.8150767,scheme,"Serene Heights, Kampung Batu Tiga, Bangi Lama, Kajang Municipal Council, Hulu Langat, Selangor, 43600, Malaysia"
SERENE KIARA,MUKIM KUALA LUMPUR,Kuala Lumpur,3.1623677,101.6394596,scheme,"Villa Serene Kiara, Kuala Lumpur, Malaysia"
SERENIA AMALIA @ SELANGORKU,DENGKIL,Sepang,2.8611537,101.7033061,road,"Jalan Aman Serenia 3/3, Serenia Amalia 1, Serenia City, Kampung Lalang, Dengkil, Sepang, Selangor, 43800, Malaysia"
SERENIA CITY,BANDAR,Kuala Langat,,,none,
SERENIA CITY,DENGKIL,Sepang,2.8454083,101.7045552,scheme,"Serenia City, Kampung Ampar Tenang, Dengkil, Sepang, Selangor, Malaysia"
SERENIA CITY,TANJUNG 12,Kuala Langat,,,none,
SERENIA GARDEN,HULU KLANG,Gombak,,,none,
SERI AKASIA -  TMN PUCHONG PRIMA,PETALING,Petaling,,,none,
SERI AMAN HEIGHTS,BANDAR SUNGAI BULOH,Gombak,,,none,
SERI AMPANG HILIR RESIDENCES,KUALA LUMPUR TOWN CENTRE,Kuala Lumpur,,,none,
SERI ANGGUN,MUKIM BATU,Kuala Lumpur,3.1931772,101.6828467,scheme,"Seri Anggun Condominium, Batu, Kuala Lumpur, Malaysia"
SERI ATRIA - SUBANG BISTARI,SUNGAI BULUH,Petaling,,,none,
SERI BANGI (SEK 8 ),BANDAR BARU BANGI,Hulu Langat,2.964297,101.7624564,scheme,"Seri Bangi, Seksyen 8, Bandar Baru Bangi, Kajang Municipal Council, Hulu Langat, Selangor, Malaysia"
SERI BERINGIN (DAMANSARA HEIGHTS),MUKIM KUALA LUMPUR,Kuala Lumpur,3.1441365,101.6521839,scheme,"Taman Seri Beringin, Damansara Heights, Kuala Lumpur, Malaysia"
SERI BUDIMAN,HULU LANGAT,Hulu Langat,3.061316,101.7986229,scheme,"Jalan Seri Budiman 1/1, Cheras, Kajang Municipal Council, Hulu Langat, Selangor, 43000, Malaysia"
SERI DAHLIA APARTMENT-U12 S.ALAM,BANDAR SHAH ALAM,Petaling,,,none,
SERI DELIMA - U6,BUKIT RAJA,Petaling,,,none,
SERI GEMBIRA APARTMENT,MUKIM BATU,Kuala Lumpur,3.1947148,101.6746832,scheme,"Seri Gembira Apartment, Batu, Kuala Lumpur, 51200, Malaysia"
SERI JATI & BAIDURI-BDR SETIA  ALAM,BUKIT RAJA,Petaling,,,none,
SERI JATI - ARA DAMANSARA,DAMANSARA,Petaling,3.1175963,101.5734487,scheme,"Rumah Pangsa Seri Jati, PJU 1A, Ara Damansara, Petaling Jaya, Petaling, Selangor, Malaysia"
SERI JATI - PUCHONG HARTAMAS,PETALING,Petaling,3.0039578,101.6200473,scheme,"Seri Jati, Puchong Hartamas, Jalan Bakawali, Kampung Pasir Baru Puchong, Puchong Perdana, Puchong, Subang Jaya City Coun"
SERI KASTURI APARTMENT-BDR SETIA ALAM,BUKIT RAJA,Petaling,,,none,
SERI KUCHAI,MUKIM PETALING,Kuala Lumpur,3.0794631,101.6866761,scheme,"Seri Gembira Avenue, Kuchai Lama, Kuala Lumpur, Malaysia"
SERI MAS CONDOMINIUM,MUKIM KUALA LUMPUR,Kuala Lumpur,3.1129962,101.7227717,scheme,"Seri Mas Condominium, Pudu Ulu, Cheras, Kuala Lumpur, Malaysia"
SERI MAYA,BANDAR HULU KELANG,Gombak,3.1747252,101.7339238,scheme,"Seri Maya Condominium, Ulu Kelang, Ampang Jaya Municipal Council, Gombak, Selangor, Malaysia"
SERI MUTIARA APARTMENT-BDR SETIA ALAM,BUKIT RAJA,Petaling,,,none,
SERI NUANG - BUKIT BANDARAYA SHAH ALAM,BUKIT RAJA,Petaling,3.0961273,101.4925344,scheme,"Pangsapuri Seri Nuang / Nuang Hills, Persiaran Gunung Nuang, Bukit Bandaraya, Section U11, Shah Alam, Petaling, Selangor"
SERI PEGAGA APARTMENT-U12 SHAH ALAM,BANDAR SHAH ALAM,Petaling,,,none,
SERI PRISTANA,IJOK,Kuala Selangor,3.2109422,101.4733278,scheme,"Seri Pristana, Bandar Saujana Utama, Kuala Selangor, Selangor, Malaysia"
SERI PUTERI HILLS - PST BDR PUCHONG,PETALING,Petaling,3.0030535,101.6294068,road,"Jalan Puteri 11/1, Bandar Puteri 11, Bandar Puteri Puchong, Puchong, Subang Jaya City Council, Petaling, Selangor, 47100"
SERI PUTERI KONDOMINIUM,MUKIM KUALA LUMPUR,Kuala Lumpur,3.111586,101.7148606,scheme,"Kondominium Seri Puteri, 55, Jalan Jelawat 1, Taman Ikan Emas, Bandar Sri Permaisuri, Cheras, Kuala Lumpur, 51020, Malay"
SERI RAJA CHULAN,KUALA LUMPUR TOWN CENTRE,Kuala Lumpur,3.1484721,101.7070422,scheme,"Kondominium Seri Raja Chulan, 12, Bukit Bintang, Kuala Lumpur, Malaysia"
"SERI RESIDENSI, SUNGAI KAPAR INDAH",KAPAR,Klang,,,none,
SERI RIANA,MUKIM SETAPAK,Kuala Lumpur,3.1952156,101.7397196,scheme,"Seri Riana Residence, Wangsa Maju, Kuala Lumpur, Malaysia"
SERI SG LONG,CHERAS,Hulu Langat,3.039289,101.7822542,scheme,"Jalan Seri Sungai Long 1, Bandar Mahkota Cheras, Kajang Municipal Council, Hulu Langat, Selangor, 43000, Malaysia"
"SERI TANJUNG FLATS-USJ 16 S,JAYA",PEKAN SUBANG JAYA,Petaling,,,none,
SERI TIJANNI,RAWANG,Gombak,3.2270166,101.5514076,scheme,"Seri Tijanni, Kuang, Selayang Municipal Council, Gombak, Selangor, Malaysia"
SERI UTAMA DAMANSARA,PEKAN BARU SG BULUH,Petaling,3.1554677,101.5833501,scheme,"Pusat Dagangan Seri Utama, PJU 5, Kota Damansara, Petaling Jaya, Petaling, Selangor, Malaysia"
SERI WARISAN @ SELANGORKU,DENGKIL,Sepang,,,none,
SERIN RESIDENCY,DENGKIL,Sepang,,,none,
SERINGIN RESIDENCES,MUKIM PETALING,Kuala Lumpur,3.0772239,101.6867953,scheme,"Seringin Residences, Sri Petaling, Kuala Lumpur, 58200, Malaysia"
SEROJA HILLS CONDOMINIUM,BARU BARU SALAK TINGGI,Sepang,,,none,
"SERULING APARTMENT, BDR BUKIT RAJA",KAPAR,Klang,3.0921061,101.4528391,scheme,"Seruling Apartment, Jalan Astaka 1/KU 2, Bandar Bukit Raja, Klang City, Klang, Selangor, 41050, Malaysia"
"SERUNAI APARTMENT, BDR BUKIT RAJA",KAPAR,Klang,,,none,
SETAPAK GREEN CONDOMINIUM,MUKIM SETAPAK,Kuala Lumpur,,,none,
SETAPAK INDAH JAYA,MUKIM SETAPAK,Kuala Lumpur,,,none,
SETAPAK INDAH TOWNHOUSE,MUKIM SETAPAK,Kuala Lumpur,,,none,
SETAPAK INDAHJAYA,MUKIM SETAPAK,Kuala Lumpur,,,none,
SETAPAK JAYA,MUKIM SETAPAK,Kuala Lumpur,3.1928548,101.7253474,scheme,"Pangsapuri Setapak Jaya 1B, Semarak, Kuala Lumpur, Malaysia"
SETAPAK RIA,MUKIM SETAPAK,Kuala Lumpur,3.1941468,101.7138198,scheme,"Setapak Ria Condominium, Setapak, Kuala Lumpur, Malaysia"
SETAPAK RIVIERA (PPAM),MUKIM SETAPAK,Kuala Lumpur,,,none,
SETIA ALAMSARI,SEMENYIH,Hulu Langat,2.9264187,101.7990086,scheme,"Setia Alamsari, Bangi Lama, Kajang Municipal Council, Hulu Langat, Selangor, 43600, Malaysia"
SETIA ECO TEMPLER,PEKAN TEMPLER,Gombak,3.2919918,101.6407201,scheme,"Setia Eco Templer, Selayang Municipal Council, Gombak, Selangor, Malaysia"
SETIA ECOHILL,BERANANG,Hulu Langat,2.8893626,101.8534861,scheme,"Setia EcoHill 2 Adventure Park, Kampung Kuala Pajam, Kajang Municipal Council, Hulu Langat, Selangor, Malaysia"
SETIA ECOHILL,CHERAS,Hulu Langat,2.924372,101.8440572,scheme,"Setia EcoHill, Semenyih, Kajang Municipal Council, Hulu Langat, Selangor, 43700, Malaysia"
SETIA ECOHILL,SEMENYIH,Hulu Langat,2.924372,101.8440572,scheme,"Setia EcoHill, Semenyih, Kajang Municipal Council, Hulu Langat, Selangor, 43700, Malaysia"
SETIA ECOHILL 2,BERANANG,Hulu Langat,2.8893626,101.8534861,scheme,"Setia EcoHill 2 Adventure Park, Kampung Kuala Pajam, Kajang Municipal Council, Hulu Langat, Selangor, Malaysia"
SETIA MAYURI BROGA,SEMENYIH,Hulu Langat,2.9458084,101.8704151,scheme,"Setia Mayuri Sales Gallery, Jalan Broga, Taman Tasik Semenyih, Semenyih, Kajang Municipal Council, Hulu Langat, Selangor"
SETIA SAFIRO BANDAR CYBERJAYA,BANDAR CYBERJAYA,Sepang,,,none,
SETIA SATIRO BANDAR CYBERJAYA,BANDAR CYBERJAYA,Sepang,,,none,
SEVENTY DAMANSARA,MUKIM KUALA LUMPUR,Kuala Lumpur,3.1441908,101.6729748,scheme,"Seventy Damansara, Bangsar, Kuala Lumpur, Malaysia"
SEVENTY EIGHT LAD,KUALA LUMPUR TOWN CENTRE,Kuala Lumpur,,,none,
SG BULOH COUNTRY RESORT,IJOK,Kuala Selangor,3.1976178,101.4860454,scheme,"Sungai Buloh Country Resort, Bandar Saujana Utama, Kuala Selangor, Selangor, Malaysia"
SG KAPAR INDAH,KAPAR,Klang,3.1001924,101.3852919,scheme,"SK Sungai Kapar Indah, Jalan Sungai Kapar Indah 10, Kapar, Klang City, Klang, Selangor, 42200, Malaysia"
SG PENCHALA,MUKIM KUALA LUMPUR,Kuala Lumpur,3.13437,101.6308315,scheme,"Sungai Penchala, Taman Tun Dr Ismail, Kuala Lumpur, 60000, Malaysia"
SG. BULOH COUNTRY RESORT,IJOK,Kuala Selangor,3.1976178,101.4860454,scheme,"Sungai Buloh Country Resort, Bandar Saujana Utama, Kuala Selangor, Selangor, Malaysia"
SG. KAPAR INDAH,KAPAR,Klang,3.1001924,101.3852919,scheme,"SK Sungai Kapar Indah, Jalan Sungai Kapar Indah 10, Kapar, Klang City, Klang, Selangor, 42200, Malaysia"
SG. UDANG (P/L: 25481),KELANG,Klang,3.0366877,101.4120513,scheme,"Jalan Sungai Udang, Kampung Delek, Port Klang, Klang City, Klang, Selangor, 41250, Malaysia"
SG. WAY NEW VILLAGE,BANDAR PETALING JAYA,Petaling,3.0786511,101.5941998,road,"Jalan SS 12/1A, SS 12, Pusat Bandar Subang Jaya, Subang Jaya City Council, Petaling, Selangor, 47500, Malaysia"
SHAH ALAM UTAMA,BANDAR SHAH ALAM,Petaling,3.1449894,101.619146,scheme,"LRT 3, Jalan SS 21/42A, SS 21, Damansara Utama, Petaling Jaya, Petaling, Selangor, 60000, Malaysia"
SHAH ALAM UTAMA,BUKIT RAJA,Petaling,3.1449894,101.619146,scheme,"LRT 3, Jalan SS 21/42A, SS 21, Damansara Utama, Petaling Jaya, Petaling, Selangor, 60000, Malaysia"
SHAH ALAM UTAMA,PEKAN BARU SUBANG,Petaling,3.1449894,101.619146,scheme,"LRT 3, Jalan SS 21/42A, SS 21, Damansara Utama, Petaling Jaya, Petaling, Selangor, 60000, Malaysia"
SHAH ALAM UTAMA (CAHAYA ALAM),BANDAR SHAH ALAM,Petaling,3.1449894,101.619146,scheme,"LRT 3, Jalan SS 21/42A, SS 21, Damansara Utama, Petaling Jaya, Petaling, Selangor, 60000, Malaysia"
SHAH ALAM UTAMA (CAHAYA ALAM),BUKIT RAJA,Petaling,3.1449894,101.619146,scheme,"LRT 3, Jalan SS 21/42A, SS 21, Damansara Utama, Petaling Jaya, Petaling, Selangor, 60000, Malaysia"
SHAHZAN COURT,KUALA LUMPUR TOWN CENTRE,Kuala Lumpur,,,none,
SHAMELIN BISTARI CONDO,MUKIM KUALA LUMPUR,Kuala Lumpur,,,none,
SHANG VILLA SS7 P.JAYA,BANDAR PETALING JAYA,Petaling,,,none,
SHANGHAI GARDEN,MUKIM KUALA LUMPUR,Kuala Lumpur,3.1001285,101.6786382,road,"Lorong Anggor, Taman Desa, Kuala Lumpur, 58100, Malaysia"
SHNG VILLAS (BKT PANDAN BISTARI),BANDAR AMPANG,Hulu Langat,3.1021156,101.7586192,scheme,"Bukit Ketumbar (Shng Villas trailhead), Jalan Bukit Pandan Bistari 2, Shng Villas, Pandan Perdana, Ampang, Ampang Jaya M"
SIERRA DAMANSARA,PEKAN BARU SG BULUH,Petaling,3.1516106,101.5881641,scheme,"Sierra Damansara, PJU 5, Kota Damansara, Petaling Jaya, Petaling, Selangor, Malaysia"
SIERRA RESIDENCY-BDR KINRARA SEK.4 & 5,PEKAN KINRARA,Petaling,,,none,
SIERRA SELAYANG,BANDAR SELAYANG,Gombak,3.2652679,101.6477215,scheme,"One Sierra Selayang, Batu Caves, Selayang Municipal Council, Gombak, Selangor, Malaysia"
SIERRAMAS HEIGHTS,BANDAR SUNGAI BULOH,Gombak,3.2093073,101.5799103,scheme,"Sierramas Heights, Selayang Municipal Council, Gombak, Selangor, Malaysia"
SIERRAMAS RESORT HOMES,BANDAR SUNGAI BULOH,Gombak,,,none,
SIERRAMAS RESORT HOMES,BATU,Gombak,,,none,
SIERRAMAS RESORT HOMES,PEKAN SUNGAI BULOH,Gombak,,,none,
SIERRAMAS WEST,BANDAR SUNGAI BULOH,Gombak,3.2105365,101.5810312,scheme,"Sierramas West, Selayang Municipal Council, Gombak, Selangor, Malaysia"
SIEWDOR GARDEN,MUKIM KUALA LUMPUR,Kuala Lumpur,3.1040836,101.6813205,road,"Lorong Permatang Pasir, Taman Desa, Kuala Lumpur, 58100, Malaysia"
SILK RESIDENCE,BANDAR CHERAS,Hulu Langat,3.0296625,101.7578567,scheme,"Silk Residence, 1, Jalan Sutera, Taman Dutamas, Balakong, Cheras, Kajang Municipal Council, Hulu Langat, Selangor, 43200"
SIME UEP INDUSTRIAL PARK,DAMANSARA,Petaling,3.0444346,101.5505288,scheme,"Sime UEP, Jalan Subang Utama 2, Taman Perindustrian UEP, Subang Hi-Tech, Subang Jaya City Council, Petaling, Selangor, 4"
"SIMFONI PERDANA, LBS ALAM PERDANA",IJOK,Kuala Selangor,3.2502914,101.4649628,scheme,"Jalan Simfoni 2, Taman Alam Perdana, Bandar Puncak Alam, Kuala Selangor, Selangor, 42300, Malaysia"
SKY AWANI 2,MUKIM BATU,Kuala Lumpur,3.21001,101.6822389,scheme,"Sky Awani 2, Kampung Sri Batu, Kampung Padang Balang, Kuala Lumpur, 51100, Malaysia"
SKY AWANI 3,MUKIM SETAPAK,Kuala Lumpur,3.1921223,101.7229095,scheme,"Sky Awani 3 Residences, Jalan Santuari 2, Sky Sanctuary, Semarak, Kuala Lumpur, 53300, Malaysia"
SKY AWANI IV,MUKIM SETAPAK,Kuala Lumpur,3.2087525,101.6905582,scheme,"Sky Awani 1 Residence, 27, Kampung Sri Batu, Kampung Padang Balang, Kuala Lumpur, Malaysia"
SKY AWANI V,MUKIM SETAPAK,Kuala Lumpur,3.2087525,101.6905582,scheme,"Sky Awani 1 Residence, 27, Kampung Sri Batu, Kampung Padang Balang, Kuala Lumpur, Malaysia"
SKYAWANI RESIDENCE,MUKIM BATU,Kuala Lumpur,3.1931714,101.7218185,scheme,"SkyAwani 4 Residence, Setapak, Kuala Lumpur, Malaysia"
SKYLINE GARDEN,MUKIM PETALING,Kuala Lumpur,3.1593995,101.7220619,scheme,"Skyline Embassy, Kampung Datuk Keramat, Kuala Lumpur, Malaysia"
SKYMERIDIEN RESIDENCE,MUKIM SETAPAK,Kuala Lumpur,,,none,
SKYVILLA @ D'ISLAND RESIDENCE,DENGKIL,Sepang,,,none,
SKYZ RESIDENCE-KONDO- BDR PUCHONG JAYA,PEKAN KINRARA,Petaling,,,none,
SOFIYA RESIDENSI,MUKIM BATU,Kuala Lumpur,3.182764,101.624464,scheme,"Sofiya Residensi, Desa ParkCity, Kepong, Kuala Lumpur, Malaysia"
SOMMERSET  CLOSE SURIA PERMAISURI,MUKIM KUALA LUMPUR,Kuala Lumpur,,,none,
SOMMERSET CLOSE SURIA PERMAISURI,MUKIM KUALA LUMPUR,Kuala Lumpur,,,none,
SPRING VILLA -SS12 SUBANG JAYA,BDR SUNWAY,Petaling,,,none,
SPRING VILLA@BANDAR MAHKOTA CHERAS,CHERAS,Hulu Langat,3.0634958,101.782325,scheme,"Spring Villa, Cheras, Kajang Municipal Council, Hulu Langat, Selangor, Malaysia"
SPRINGVILLE CONDOMINIUM- TMN EQUINE,PETALING,Petaling,,,none,
SRI ALAM KONDOMIUM-SEK.13 SHAH ALAM,BANDAR SHAH ALAM,Petaling,,,none,
SRI ARA - PJU 6 SG KAYU ARA,DAMANSARA,Petaling,3.1363136,101.6094021,scheme,"Jalan Sri Mawar 1, Kampung Sungai Kayu Ara, PJU 6, Bandar Utama, Petaling Jaya, Petaling, Selangor, 47410, Malaysia"
SRI ARA - PJU 6 SG KAYU ARA,PEKAN KAYU ARA,Petaling,3.1363136,101.6094021,scheme,"Jalan Sri Mawar 1, Kampung Sungai Kayu Ara, PJU 6, Bandar Utama, Petaling Jaya, Petaling, Selangor, 47410, Malaysia"
SRI ASTANA,BANDAR SELAYANG,Gombak,3.2431487,101.6755656,scheme,"Sri Astana, Kampung Laksamana, Batu Caves, Selayang Municipal Council, Gombak, Selangor, Malaysia"
SRI AYU CONDO,MUKIM SETAPAK,Kuala Lumpur,,,none,
SRI AYU CONDOMINIUM,MUKIM SETAPAK,Kuala Lumpur,,,none,
SRI BANGSAR APT,KUALA LUMPUR TOWN CENTRE,Kuala Lumpur,3.1299253,101.6782861,scheme,"Sri Bangsar Apartment, Lengkok Abdulah, Bukit Bangsar, Bangsar, Kuala Lumpur, 59000, Malaysia"
SRI BAYU,MUKIM KUALA LUMPUR,Kuala Lumpur,3.185262,101.6415853,scheme,"Bayu Sri Bintang, Kepong, Kuala Lumpur, Malaysia"
SRI BAYU CONDO-USJ 11 S.JAYA,PEKAN SUBANG JAYA,Petaling,,,none,
SRI BEGONIA APARTMENT-BDR PUTERI PUCHONG,PETALING,Petaling,3.0251191,101.6249078,scheme,"Sri Begonia Apartment, Bandar Puteri Puchong, Puchong, Subang Jaya City Council, Petaling, Selangor, Malaysia"
SRI BUKIT PERSEKUTUAN,KUALA LUMPUR TOWN CENTRE,Kuala Lumpur,3.1364565,101.6835161,scheme,"Sri Bukit Persekutuan, Bangsar, Kuala Lumpur, Malaysia"
SRI BUKIT TUNKU,KUALA LUMPUR TOWN CENTRE,Kuala Lumpur,3.1653335,101.6903078,scheme,"Sri Bukit Tunku, Chow Kit, Sentul, Kuala Lumpur, Malaysia"
SRI CASSIA - BANDAR PUTERI,PETALING,Petaling,3.0200619,101.6264905,scheme,"Sri Cassia Apartment, Bandar Puteri Puchong, Puchong, Subang Jaya City Council, Petaling, Selangor, Malaysia"
SRI D'SARA COURT-BDR SRI D'SARA,BDR SRI DAMANSARA,Petaling,,,none,
SRI DAGANG 4/5,TANJUNG 12,Kuala Langat,2.8287792,101.6164445,scheme,"Taman Sri Dagang, Bukit Changgang, Banting, Kuala Langat, Selangor, Malaysia"
SRI DESA,MUKIM PETALING,Kuala Lumpur,3.1579157,101.6474206,scheme,"Sri Hartamas, Kuala Lumpur, Malaysia"
SRI DUTA I & II,MUKIM KUALA LUMPUR,Kuala Lumpur,,,none,
SRI DUTA I DAN II,MUKIM KUALA LUMPUR,Kuala Lumpur,,,none,
SRI EHSAN APARTMENT,BANDAR KEPONG,Gombak,3.212179,101.6241543,scheme,"Sri Ehsan Apartment, Selayang Municipal Council, Gombak, Selangor, Malaysia"
SRI EHSAN SHOP APARTMENT,BANDAR KEPONG,Gombak,,,none,
SRI EMAS CONDOMINIUM,KUALA LUMPUR TOWN CENTRE,Kuala Lumpur,3.1421232,101.704111,scheme,"Sri Emas Condominium, 77, Bukit Bintang, Kuala Lumpur, 50150, Malaysia"
"SRI EMBUN , SUTERA DAMANSARA",PEKAN BARU SG BULUH,Petaling,,,none,
SRI GOHTONG,BANDAR SELAYANG,Gombak,,,none,
SRI HARMONIS,SETAPAK,Gombak,3.2282089,101.7142795,scheme,"Pangsapuri Sri Harmonis, Jalan Taman Harmonis, Taman Perwira Indah, Gombak, Selayang Municipal Council, Gombak, Selangor"
SRI IMPIAN CONDOMINIUM,KUALA LUMPUR TOWN CENTRE,Kuala Lumpur,3.1289114,101.6814092,scheme,"Sri Impian Condominium, Brickfields, Kuala Lumpur, Malaysia"
SRI INTAN APARTMENT,MUKIM BATU,Kuala Lumpur,,,none,
SRI INTAN APT,MUKIM BATU,Kuala Lumpur,,,none,
SRI JELATEK,MUKIM SETAPAK,Kuala Lumpur,3.1894493,101.7394844,scheme,"Sri Jelatek Condominiums, Setiawangsa, Hulu Kelang, Kuala Lumpur, Malaysia"
SRI JINJANG COURT,MUKIM BATU,Kuala Lumpur,,,none,
SRI KASTURINA,MUKIM KUALA LUMPUR,Kuala Lumpur,3.1392005,101.6635031,scheme,"Sri Kasturina, Bangsar, Kuala Lumpur, Malaysia"
SRI KEMUNCAK KONDOMINIUM -SEK.9 S.ALAM,BANDAR SHAH ALAM,Petaling,,,none,
SRI KENANGA APARTMENT-BDR PCHG JAYA,PEKAN PUCHONG JAYA,Petaling,,,none,
SRI KENANGAN,MUKIM ULU KELANG,Kuala Lumpur,,,none,
SRI KENNY CONDO,KUALA LUMPUR TOWN CENTRE,Kuala Lumpur,,,none,
SRI KERJAYA APARTMENT-U1 GLENMARIE,BDR GLENMARIE,Petaling,,,none,
SRI KIA  PENG,KUALA LUMPUR TOWN CENTRE,Kuala Lumpur,3.1513865,101.7145678,scheme,"Sri Kia Peng Conominium, Bukit Bintang, Kuala Lumpur, Malaysia"
SRI KIAMBANG - SERI KEMBANGAN,PEKAN SERDANG,Petaling,,,none,
SRI KINABALU,MUKIM SETAPAK,Kuala Lumpur,3.1869638,101.7376032,scheme,"Sri Kinabalu Condominiums, Setiawangsa, Hulu Kelang, Kuala Lumpur, Malaysia"
SRI LANGIT CONDO,KUALA LUMPUR TOWN CENTRE,Kuala Lumpur,,,none,
SRI LANGKAWI,MUKIM SETAPAK,Kuala Lumpur,3.2047287,101.7152387,scheme,"Sri Thirumurugan Temple, Lot 21565, Jalan Langkawi, Setapak, Kampung Padang Balang, Kuala Lumpur, 53300, Malaysia"
SRI LEDANG,MUKIM SETAPAK,Kuala Lumpur,3.1885538,101.7371884,scheme,"Sri Ledang Condominiums, Setiawangsa, Hulu Kelang, Kuala Lumpur, Malaysia"
SRI LOJING,MUKIM SETAPAK,Kuala Lumpur,3.1872727,101.7386662,scheme,"Sri Lojing Condominiums, Setiawangsa, Hulu Kelang, Kuala Lumpur, Malaysia"
SRI MAHKOTA CONDO,KUALA LUMPUR TOWN CENTRE,Kuala Lumpur,,,none,
SRI MAHLIGAI KONDOMINIUM SEK.9 SHAH ALAM,BANDAR SHAH ALAM,Petaling,,,none,
SRI MEWAH TOWNHOUSE,MUKIM SETAPAK,Kuala Lumpur,,,none,
SRI MURNI - BDR PINGGIRAN SUBANG,SUNGAI BULUH,Petaling,,,none,
SRI MURNI CONDO,KUALA LUMPUR TOWN CENTRE,Kuala Lumpur,,,none,
SRI MUTIARA - PUTRA HEIGHT,DAMANSARA,Petaling,,,none,
SRI MUTIARA CONDO,KUALA LUMPUR TOWN CENTRE,Kuala Lumpur,,,none,
SRI PELANGI CONDO,MUKIM SETAPAK,Kuala Lumpur,,,none,
SRI PENAGA,MUKIM KUALA LUMPUR,Kuala Lumpur,3.1417495,101.6650552,scheme,"Sri Penaga, Bangsar, Kuala Lumpur, Malaysia"
SRI PENARA,MUKIM KUALA LUMPUR,Kuala Lumpur,3.0979262,101.709054,scheme,"Pangsapuri Sri Penara, Bandar Sri Permaisuri, Cheras, Kuala Lumpur, Malaysia"
SRI PERMATA KONDO-SEK.9 SHAH ALAM,BANDAR SHAH ALAM,Petaling,,,none,
SRI PUTRAMAS,MUKIM BATU,Kuala Lumpur,3.180374,101.6725772,scheme,"Sri Putramas 1, Segambut, Kuala Lumpur, Malaysia"
SRI PUTRAMAS II,MUKIM BATU,Kuala Lumpur,3.180374,101.6725772,scheme,"Sri Putramas 1, Segambut, Kuala Lumpur, Malaysia"
SRI PUTRAMAS III (ROYAL REGENT),MUKIM BATU,Kuala Lumpur,,,none,
SRI RAKYAT APARTMENT,MUKIM PETALING,Kuala Lumpur,3.0554028,101.6685438,scheme,"Sri Rakyat Apartment, Bukit Jalil, Kuala Lumpur, Malaysia"
SRI RAKYAT APT,MUKIM PETALING,Kuala Lumpur,3.0554028,101.6685438,scheme,"Sri Rakyat Apartment, Bukit Jalil, Kuala Lumpur, Malaysia"
SRI SE-EKAR CONDO,KUALA LUMPUR TOWN CENTRE,Kuala Lumpur,,,none,
SRI SHAMELIN,MUKIM KUALA LUMPUR,Kuala Lumpur,,,none,
SRI SUAJAYA KONDO,MUKIM SETAPAK,Kuala Lumpur,,,none,
SRI SUNWAY APARTMENT-TMN KINRARA,PEKAN PUCHONG JAYA,Petaling,3.0649699,101.6398779,scheme,"Apartment Sri Sunway, Jalan TK 4/5, Taman Kinrara Seksyen 4, Bukit Tandang, Puchong, Subang Jaya City Council, Petaling,"
SRI TIRAM JAYA (P/L 19936 (234)),TANJUNG KARANG,Kuala Selangor,3.4445153,101.2366088,scheme,"Futsal Court Sri Tiram, Kampung Seri Tiram Jaya, Kuala Selangor, Selangor, 45500, Malaysia"
SRI TTDI,MUKIM KUALA LUMPUR,Kuala Lumpur,3.1550061,101.624751,scheme,"Sri TTDI Condominiums, Taman Tun Dr Ismail, Kuala Lumpur, 60000, Malaysia"
SRI TUNKU CONDOMINIUM,MUKIM BATU,Kuala Lumpur,,,none,
SRI UTAMA DAMANSARA,PEKAN BARU SG BULUH,Petaling,,,none,
SRI WANGSARIA,MUKIM BATU,Kuala Lumpur,3.1347615,101.664967,scheme,"Sri Wangsaria, Bangsar, Kuala Lumpur, Malaysia"
SRI WANGSARIA,MUKIM KUALA LUMPUR,Kuala Lumpur,3.1347615,101.664967,scheme,"Sri Wangsaria, Bangsar, Kuala Lumpur, Malaysia"
SS 1 PETALING JAYA,BANDAR PETALING JAYA,Petaling,3.1351935,101.6250707,scheme,"1, Jalan SS 20/13, Damansara Kim, SS 20, Bandar Utama, Petaling Jaya, Petaling, Selangor, 47308, Malaysia"
SS 1 PETALING JAYA,DAMANSARA,Petaling,3.1410461,101.6241577,scheme,"1, Jalan SS 20/10, SS 20, Damansara Utama, Petaling Jaya, Petaling, Selangor, 60000, Malaysia"
SS 12 SUBANG JAYA,BANDAR SUBANG JAYA,Petaling,3.0767017,101.5916019,scheme,"12, Jalan SS 15/6, Pangsapuri Subang Jaya, SS 15, Pusat Bandar Subang Jaya, Subang Jaya City Council, Petaling, Selangor"
SS 12 SUBANG JAYA,BDR SUNWAY,Petaling,3.0804891,101.6048208,scheme,"Subang Ville Aman Luxury Condominiums, SS 10, Sunway City, Petaling Jaya, Petaling, Selangor, 46150, Malaysia"
SS 13 SUBANG JAYA,BANDAR SUBANG JAYA,Petaling,3.0756866,101.5868959,scheme,"13, Jalan SS 15/4B, SS 15, Pusat Bandar Subang Jaya, Subang Jaya City Council, Petaling, Selangor, 47500, Malaysia"
SS 13 SUBANG JAYA,DAMANSARA,Petaling,3.1132668,101.5868224,scheme,"Subang Depot, 1, PJU 1A, Ara Damansara, Petaling Jaya, Petaling, Selangor, Malaysia"
SS 14 SUBANG JAYA,BANDAR SUBANG JAYA,Petaling,3.0760431,101.5869473,scheme,"14, Jalan SS 15/4B, SS 15, Pusat Bandar Subang Jaya, Subang Jaya City Council, Petaling, Selangor, 47500, Malaysia"
SS 14 SUBANG JAYA,PEKAN SUBANG,Petaling,3.076737,101.5869518,scheme,"14, Jalan SS 15/4C, SS 15, Pusat Bandar Subang Jaya, Subang Jaya City Council, Petaling, Selangor, 47500, Malaysia"
SS 15 SUBANG JAYA,BANDAR SUBANG JAYA,Petaling,3.0756862,101.5869567,scheme,"15, Jalan SS 15/4B, SS 15, Pusat Bandar Subang Jaya, Subang Jaya City Council, Petaling, Selangor, 47500, Malaysia"
SS 15 SUBANG JAYA,DAMANSARA,Petaling,3.1132668,101.5868224,scheme,"Subang Depot, 1, PJU 1A, Ara Damansara, Petaling Jaya, Petaling, Selangor, Malaysia"
SS 16 SUBANG JAYA,BANDAR SUBANG JAYA,Petaling,3.076737,101.5870123,scheme,"16, Jalan SS 15/4C, SS 15, Pusat Bandar Subang Jaya, Subang Jaya City Council, Petaling, Selangor, 47500, Malaysia"
SS 17 SUBANG JAYA,BANDAR SUBANG JAYA,Petaling,3.0754063,101.5890574,scheme,"17, Jalan SS 15/4, SS 15, Pusat Bandar Subang Jaya, Subang Jaya City Council, Petaling, Selangor, 47500, Malaysia"
SS 18 SUBANG JAYA,BANDAR SUBANG JAYA,Petaling,3.0767371,101.5870727,scheme,"18, Jalan SS 15/4C, SS 15, Pusat Bandar Subang Jaya, Subang Jaya City Council, Petaling, Selangor, 47500, Malaysia"
SS 18 SUBANG JAYA,DAMANSARA,Petaling,3.1132668,101.5868224,scheme,"Subang Depot, 1, PJU 1A, Ara Damansara, Petaling Jaya, Petaling, Selangor, Malaysia"
SS 19 SUBANG JAYA,BANDAR SUBANG JAYA,Petaling,3.0754496,101.5890998,scheme,"19, Jalan SS 15/4, SS 15, Pusat Bandar Subang Jaya, Subang Jaya City Council, Petaling, Selangor, 47500, Malaysia"
SS 19 SUBANG JAYA,DAMANSARA,Petaling,3.1132668,101.5868224,scheme,"Subang Depot, 1, PJU 1A, Ara Damansara, Petaling Jaya, Petaling, Selangor, Malaysia"
SS 1KAMPUNG TUNKU - JLN 1/5,BANDAR PETALING JAYA,Petaling,,,none,
SS 2 PETALING JAYA,BANDAR PETALING JAYA,Petaling,3.1349702,101.6250707,scheme,"2, Jalan SS 20/11, Damansara Kim, SS 20, Bandar Utama, Petaling Jaya, Petaling, Selangor, 47308, Malaysia"
SS 2 PETALING JAYA,SUNGAI BULUH,Petaling,3.1178913,101.6245148,scheme,"Orvibo Smart Home Malaysia, 199, Jalan SS 2/24, SS 2, Petaling Jaya, Petaling, Selangor, 47300, Malaysia"
SS 20 DAMANSARA UTAMA,BANDAR PETALING JAYA,Petaling,3.136394,101.6289669,scheme,"The Bible Society of Malaysia, 2, Jalan SS 20/10, Damansara Kim, SS 20, Bandar Utama, Petaling Jaya, Petaling, Selangor,"
SS 20 DAMANSARA UTAMA,PEKAN SG PENCHALA,Petaling,3.1376459,101.626345,scheme,"20, Jalan SS 20/21, SS 20, Damansara Utama, Petaling Jaya, Petaling, Selangor, 47400, Malaysia"
SS 21 DAMANSARA UTAMA,BANDAR PETALING JAYA,Petaling,3.135185,101.6257499,scheme,"21, Jalan SS 20/13, Damansara Kim, SS 20, Bandar Utama, Petaling Jaya, Petaling, Selangor, 47308, Malaysia"
SS 21 DAMANSARA UTAMA,SUNGAI BULUH,Petaling,3.142492,101.6214662,scheme,"21, Jalan SS 21/46, SS 21, Damansara Utama, Petaling Jaya, Petaling, Selangor, 60000, Malaysia"
"SS 22 & SS22A,  DAMANSARA JAYA",BANDAR PETALING JAYA,Petaling,3.0791098,101.5964789,road,"Jalan SS 12/1, Taman Wangsa Baiduri, SS 12, Pusat Bandar Subang Jaya, Subang Jaya City Council, Petaling, Selangor, 4750"
"SS 22 & SS22A,  DAMANSARA JAYA",SUNGAI BULUH,Petaling,,,none,
SS 23 TMN SEA,BANDAR PETALING JAYA,Petaling,3.1170275,101.6130779,scheme,"Taman SEA, SS 23, Petaling Jaya, Petaling, Selangor, Malaysia"
SS 24 TMN MEGAH,BANDAR PETALING JAYA,Petaling,3.1146569,101.6088462,scheme,"24, Jalan SS 24/10, Taman Megah, SS 24, Petaling Jaya, Petaling, Selangor, 47301, Malaysia"
SS 24 TMN MEGAH MAS,BANDAR PETALING JAYA,Petaling,3.1267799,101.596078,road,"Jalan Bukit Mayang Emas, PJU 1, Ara Damansara, Petaling Jaya, Petaling, Selangor, 47410, Malaysia"
SS 24 TMN MEGAH MAS,DAMANSARA,Petaling,,,none,
SS 25 MUTIARA ORIENTAL KONDOMINIUM,PEKAN CHEMPAKA,Petaling,,,none,
SS 25 TMN BUKIT EMAS,BANDAR PETALING JAYA,Petaling,3.1132794,101.6064969,scheme,"25, Jalan SS 25/2, Taman Bukit Emas, SS 25, Petaling Jaya, Petaling, Selangor, 47301, Malaysia"
SS 25 TMN DESA SURIA,BANDAR PETALING JAYA,Petaling,3.114359,101.5988493,scheme,"25, Jalan SS 25/23, Taman Desa Suria, Taman Mayang, SS 25, Petaling Jaya, Petaling, Selangor, 47301, Malaysia"
SS 25 TMN JAYA MEWAH,BANDAR PETALING JAYA,Petaling,3.0791098,101.5964789,road,"Jalan SS 12/1, Taman Wangsa Baiduri, SS 12, Pusat Bandar Subang Jaya, Subang Jaya City Council, Petaling, Selangor, 4750"
SS 25 TMN MAYANG,BANDAR PETALING JAYA,Petaling,3.114359,101.5988493,scheme,"25, Jalan SS 25/23, Taman Desa Suria, Taman Mayang, SS 25, Petaling Jaya, Petaling, Selangor, 47301, Malaysia"
SS 25 TMN MAYANG,SUNGAI BULUH,Petaling,3.114359,101.5988493,scheme,"25, Jalan SS 25/23, Taman Desa Suria, Taman Mayang, SS 25, Petaling Jaya, Petaling, Selangor, 47301, Malaysia"
SS 25 TMN PLAZA,BANDAR PETALING JAYA,Petaling,3.0791098,101.5964789,road,"Jalan SS 12/1, Taman Wangsa Baiduri, SS 12, Pusat Bandar Subang Jaya, Subang Jaya City Council, Petaling, Selangor, 4750"
SS 26 TMN MAYANG JAYA,BANDAR PETALING JAYA,Petaling,3.1195748,101.6042861,scheme,"Taman Mayang Jaya, SS 26, Petaling Jaya, Petaling, Selangor, Malaysia"
SS 26 TMN MAYANG JAYA,SUNGAI BULUH,Petaling,3.1195748,101.6042861,scheme,"Taman Mayang Jaya, SS 26, Petaling Jaya, Petaling, Selangor, Malaysia"
SS 3 PETALING JAYA,BANDAR PETALING JAYA,Petaling,3.1351927,101.6251386,scheme,"3, Jalan SS 20/13, Damansara Kim, SS 20, Bandar Utama, Petaling Jaya, Petaling, Selangor, 47308, Malaysia"
SS 3 PETALING JAYA,DAMANSARA,Petaling,3.1410704,101.6242491,scheme,"3, Jalan SS 20/10, SS 20, Damansara Utama, Petaling Jaya, Petaling, Selangor, 60000, Malaysia"
SS 4 PETALING JAYA,BANDAR PETALING JAYA,Petaling,3.1349698,101.6251387,scheme,"4, Jalan SS 20/11, Damansara Kim, SS 20, Bandar Utama, Petaling Jaya, Petaling, Selangor, 47308, Malaysia"
SS 4 PETALING JAYA,SUNGAI BULUH,Petaling,3.10953,101.6036538,scheme,"SS 4, Kelana Jaya, Petaling Jaya, Petaling, Selangor, Malaysia"
SS 5 PETALING JAYA,BANDAR PETALING JAYA,Petaling,3.1351918,101.6252065,scheme,"5, Jalan SS 20/13, Damansara Kim, SS 20, Bandar Utama, Petaling Jaya, Petaling, Selangor, 47308, Malaysia"
SS 5 PETALING JAYA,DAMANSARA,Petaling,3.1428244,101.6211058,scheme,"5, Jalan SS 21/46, SS 21, Damansara Utama, Petaling Jaya, Petaling, Selangor, 60000, Malaysia"
SS 6 PETALING JAYA,BANDAR PETALING JAYA,Petaling,3.1349695,101.6252066,scheme,"6, Jalan SS 20/11, Damansara Kim, SS 20, Bandar Utama, Petaling Jaya, Petaling, Selangor, 47308, Malaysia"
SS 7 PETALING JAYA,BANDAR PETALING JAYA,Petaling,3.135191,101.6252744,scheme,"7, Jalan SS 20/13, Damansara Kim, SS 20, Bandar Utama, Petaling Jaya, Petaling, Selangor, 47308, Malaysia"
SS 7 PETALING JAYA,DAMANSARA,Petaling,3.1427828,101.6211508,scheme,"7, Jalan SS 21/46, SS 21, Damansara Utama, Petaling Jaya, Petaling, Selangor, 60000, Malaysia"
SS 8 PETALING JAYA,BANDAR PETALING JAYA,Petaling,3.1349692,101.6252745,scheme,"8, Jalan SS 20/11, Damansara Kim, SS 20, Bandar Utama, Petaling Jaya, Petaling, Selangor, 47308, Malaysia"
SS 9 PETALING JAYA,BANDAR PETALING JAYA,Petaling,3.1351901,101.6253424,scheme,"9, Jalan SS 20/13, Damansara Kim, SS 20, Bandar Utama, Petaling Jaya, Petaling, Selangor, 47308, Malaysia"
SS 9 PETALING JAYA,DAMANSARA,Petaling,3.1427413,101.6211959,scheme,"9, Jalan SS 21/46, SS 21, Damansara Utama, Petaling Jaya, Petaling, Selangor, 60000, Malaysia"
"SS19, SUBANG JAYA-JLN 19/7A",BANDAR SUBANG JAYA,Petaling,3.0637808,101.5750465,road,"Jalan SS 19/6A, SS 19, Pusat Bandar Subang Jaya, Subang Jaya City Council, Petaling, Selangor, 47610, Malaysia"
"STARVILLE APARTMENT-USJ 19 S,JAYA",PEKAN SUBANG JAYA,Petaling,,,none,
STERLING KONDOMINIUM-SS7 KELANA JAYA,BANDAR PETALING JAYA,Petaling,,,none,
STONOR PARK CONDO,KUALA LUMPUR TOWN CENTRE,Kuala Lumpur,,,none,
SUASANA BANGSAR CONDOMINIUM,KUALA LUMPUR TOWN CENTRE,Kuala Lumpur,,,none,
SUASANA LUMAYAN CONDO(CASA IMPIAN),MUKIM KUALA LUMPUR,Kuala Lumpur,,,none,
SUASANA SENTRAL,KUALA LUMPUR TOWN CENTRE,Kuala Lumpur,3.1316903,101.6849259,scheme,"Suasana Sentral Condominium, Seputeh, Kuala Lumpur, Malaysia"
SUASANA SENTRAL LOFT CONDO,KUALA LUMPUR TOWN CENTRE,Kuala Lumpur,,,none,
SUBANG 2,SUNGAI BULUH,Petaling,3.1566063,101.5447642,scheme,"Subang 2 (Utara), Persiaran Kosmos, Section U5, Shah Alam, Petaling, Selangor, 40800, Malaysia"
SUBANG AIRPORT BUNGA RAYA KONDOMINIUM,BANDAR SUBANG JAYA,Petaling,,,none,
SUBANG AIRPORT BUNGA RAYA KONDOMINIUM,BDR SAUJANA,Petaling,,,none,
SUBANG ANDAMAN(INDAH ALAM)-SEK.22 S.ALAM,DAMANSARA,Petaling,,,none,
SUBANG BESTARI,SUNGAI BULUH,Petaling,3.1735565,101.5429532,scheme,"Subang Bestari, Shah Alam, Petaling, Selangor, 40160, Malaysia"
SUBANG GALAKSI BANDAR PINGGIRAN SUBANG,SUNGAI BULUH,Petaling,,,none,
SUBANG HEIGHTS,DAMANSARA,Petaling,3.0096034,101.5721182,scheme,"Subang Alam, Jalan Putra Perdana 5, The Glades Putra Heights, Putra Heights, Subang Jaya City Council, Petaling, Selango"
SUBANG IMPIAN-U5 BDR PINGGIRAN SUBANG,BUKIT RAJA,Petaling,,,none,
SUBANG IMPIAN-U5 BDR PINGGIRAN SUBANG,PEKAN BARU SUBANG,Petaling,,,none,
SUBANG IMPIAN-U5 BDR PINGGIRAN SUBANG,SUNGAI BULUH,Petaling,,,none,
SUBANG PARK HOME-SS19 S.JAYA,PEKAN COUNTRY HEIGHTS,Petaling,,,none,
SUBANG SEJAHTERA (SEK. U9),BANDAR SUBANG JAYA,Petaling,,,none,
SUBANG SEJAHTERA (SEK. U9),BUKIT RAJA,Petaling,,,none,
SUBANG VILLE AMAN LUXURY-PJS 10,BDR SUNWAY,Petaling,,,none,
SUBANG VILLE EHSAN APT-PJS 10,BDR SUNWAY,Petaling,,,none,
SUCASA APT,KUALA LUMPUR TOWN CENTRE,Kuala Lumpur,3.1606541,101.7287621,scheme,"Apartment Sucasa, Jalan Ampang, Kampung Datuk Keramat, Kuala Lumpur, 54000, Malaysia"
SUMMER VILLA KONDOMINIUM-SS12 SBG JAYA,BDR SUNWAY,Petaling,,,none,
SUMMERFIELDS APARTMENT,PEKAN KAJANG,Hulu Langat,,,none,
SUN COMPLEX,KUALA LUMPUR TOWN CENTRE,Kuala Lumpur,,,none,
SUN GARDEN VILLA,PETALING,Petaling,3.0174967,101.6960158,road,"Jalan BS 3/10, Taman Bukit Serdang Seksyen 3, Bukit Serdang, Seri Kembangan, Subang Jaya City Council, Petaling, Selango"
SUNGAI BAKAU,BANDAR KUNDANG,Gombak,3.3084304,101.5212733,scheme,"Sungai Bakau, Bandar Country Homes, Selayang Municipal Council, Gombak, Selangor, 48020, Malaysia"
SUNGAI SERING (BKT ANTARABANGSA),BANDAR HULU KELANG,Gombak,3.1932521,101.761773,scheme,"Sungai Sering, Bukit Antarabangsa, Ulu Kelang, Ampang Jaya Municipal Council, Gombak, Selangor, 54200, Malaysia"
SUNRISE PARK,AMPANG,Hulu Langat,,,none,
SUNWAY ALAM SURIA,BUKIT RAJA,Petaling,3.1386468,101.497951,scheme,"Sunway Alam Suria, Section U10, Shah Alam, Petaling, Selangor, Malaysia"
SUNWAY ARTESSA RESIDENCES,MUKIM SETAPAK,Kuala Lumpur,,,none,
SUNWAY BATU CAVES,BANDAR SELAYANG,Gombak,3.2363265,101.6914097,scheme,"Sunway Batu Caves, Batu Caves, Selayang Municipal Council, Gombak, Selangor, Malaysia"
SUNWAY CHERAS,PEKAN CHERAS,Hulu Langat,3.0806262,101.7671915,scheme,"Sunway Cheras, Cheras, Kajang Municipal Council, Hulu Langat, Selangor, 43200, Malaysia"
SUNWAY COURT APARTMENT-PJS 7 BDR SUNWAY,BDR SUNWAY,Petaling,,,none,
SUNWAY DAMANSARA,PEKAN BARU SG BULUH,Petaling,3.1512114,101.5995897,scheme,"Sunway Damansara, PJU 5, Mutiara Damansara, Petaling Jaya, Petaling, Selangor, Malaysia"
SUNWAY EASTWOOD,PETALING,Petaling,3.0054775,101.6798375,scheme,"Sunway Eastwood, Putra Permai, Seri Kembangan, Subang Jaya City Council, Petaling, Selangor, Malaysia"
SUNWAY KAYANGAN,BUKIT RAJA,Petaling,3.1298793,101.5169695,scheme,"Sunway Kayangan, Section U9, Shah Alam, Petaling, Selangor, 40150, Malaysia"
SUNWAY MONASH-PJS 11 BDR SUNWAY,BDR SUNWAY,Petaling,3.0630513,101.599603,scheme,"Sunway Waterfront Residence, Persiaran Tasik Barat, Sunway Waterfront Residence, PJS 11, Sunway City, Puchong, Subang Ja"
SUNWAY MONT RESIDENCES,MUKIM BATU,Kuala Lumpur,3.1694807,101.6463926,scheme,"Sunway Mont Residences, 16, Mont Kiara, Kuala Lumpur, Malaysia"
SUNWAY MONTANA,MUKIM SETAPAK,Kuala Lumpur,3.2233588,101.7341749,scheme,"Sunway Montana, Desa Melawati, Kuala Lumpur, Malaysia"
SUNWAY PUNCAK MELAWATI,BANDAR HULU KELANG,Gombak,3.2215222,101.7546984,scheme,"Sunway Rygdeway, Ulu Kelang, Ampang Jaya Municipal Council, Gombak, Selangor, Malaysia"
SUNWAY PUNCAK MELAWATI,HULU KLANG,Gombak,3.2215222,101.7546984,scheme,"Sunway Rygdeway, Ulu Kelang, Ampang Jaya Municipal Council, Gombak, Selangor, Malaysia"
SUNWAY RAHMAN PUTRA,PEKAN BARU SG BULUH,Petaling,3.2250802,101.555413,scheme,"Sunway Rahman Putra, Section U20, Sungai Buloh, Shah Alam, Petaling, Selangor, Malaysia"
SUNWAY SOUTH QUAY-PJS 9 BDR SUNWAY,BDR SUNWAY,Petaling,3.0623958,101.6078745,scheme,"Sunway South Quay, PJS 11, Sunway City, Puchong, Subang Jaya City Council, Petaling, Selangor, 46150, Malaysia"
SUNWAY SPK 3 HARMONI,MUKIM BATU,Kuala Lumpur,3.1815532,101.6209025,scheme,"Sunway SPK 3 Harmoni, Kepong, Kuala Lumpur, Malaysia"
SUNWAY SPK DAMANSARA,KUALA LUMPUR TOWN CENTRE,Kuala Lumpur,3.1860817,101.6212777,scheme,"Sunway SPK Damansara, Kepong, Kuala Lumpur, Malaysia"
SUNWAY SPK DAMANSARA,MUKIM BATU,Kuala Lumpur,3.1860817,101.6212777,scheme,"Sunway SPK Damansara, Kepong, Kuala Lumpur, Malaysia"
SUNWAY SUTERA CONDOMINIUM,PEKAN BARU SG BULUH,Petaling,3.1396833,101.5976952,scheme,"Sunway Sutera Condominium, PJU 5, Bandar Utama, Petaling Jaya, Petaling, Selangor, Malaysia"
SUNWAY VIVALDI,MUKIM KUALA LUMPUR,Kuala Lumpur,3.1644625,101.6460988,scheme,"Sunway Vivaldi, Sri Hartamas, Kuala Lumpur, Malaysia"
SUPREME JAYA,MUKIM KUALA LUMPUR,Kuala Lumpur,,,none,
SURI PUTERI CONDOMINIUM-SEK.20 SHAH ALAM,BANDAR SHAH ALAM,Petaling,,,none,
SURIA APT,SUNGAI BULUH,Petaling,3.072438,101.6330749,scheme,"Desa Perangsang Apartment Block D & E, PJS 3, Petaling Jaya South, Petaling Jaya, Petaling, Selangor, Malaysia"
SURIA AVENUE-SEK 16 SHAH ALAM,BANDAR SHAH ALAM,Petaling,,,none,
SURIA DAMANSARA - PJU 1,DAMANSARA,Petaling,3.1224561,101.5975543,scheme,"Aman Suria, PJU 1, Ara Damansara, Petaling Jaya, Petaling, Selangor, Malaysia"
SURIA IXORA APARTMENT-BDR SETIA ALAM,BUKIT RAJA,Petaling,,,none,
SURIA JELATEK RESIDENCE,KUALA LUMPUR TOWN CENTRE,Kuala Lumpur,3.1633575,101.7355986,scheme,"Suria Jelatek Residence, Ampang Hilir, Kampung Datuk Keramat, Kuala Lumpur, Malaysia"
SURIA MEWAH RESIDENSI,SEMENYIH,Hulu Langat,,,none,
SURIA RESIDENCES,SUNGAI BULUH,Petaling,3.0983614,101.5377225,scheme,"Suria Residences, Section U8, Jelutong Hill, Shah Alam, Petaling, Selangor, Malaysia"
SURIA VILLA,CHERAS,Hulu Langat,3.0355775,101.7866193,scheme,"Jalan Suria Villa, Taman Rakan, Cheras, Kajang Municipal Council, Hulu Langat, Selangor, 43000, Malaysia"
SURIAN CONDOMINIUM - MUTIARA DAMANSARA,PEKAN SUNGAI BULOH,Petaling,,,none,
SURIAN CONDOMINIUM - MUTIARA DAMANSARA,SUNGAI BULUH,Petaling,,,none,
"SURIAN RESIDENCES, MUTIARA DAMANSARA",SUNGAI BULUH,Petaling,3.1628995,101.6093783,scheme,"Surian Residences, PJU 7, Mutiara Damansara, Petaling Jaya, Petaling, Selangor, 47810, Malaysia"
SURIAN TROPIKA HOMES,CHERAS,Hulu Langat,3.0351271,101.7899157,road,"Jalan Bukit Suria 4, Cheras, Kajang Municipal Council, Hulu Langat, Selangor, 43000, Malaysia"
SUTERA BAYU APARTMENT,CHERAS,Hulu Langat,,,none,
SUTERA BUKIT TUNKU,KUALA LUMPUR TOWN CENTRE,Kuala Lumpur,3.166152,101.688137,scheme,"Sutera Bukit Tunku, Sentul, Kuala Lumpur, Malaysia"
SUTERA DAMANSARA,PEKAN BARU SG BULUH,Petaling,3.1876548,101.5942739,scheme,"Sutera Damansara Ria 1 & 2, PJU 10, Petaling Jaya, Petaling, Selangor, Malaysia"
SUTERA MAYA,MUKIM PETALING,Kuala Lumpur,3.0726525,101.6565413,scheme,"Sutera Maya Condominium, 159, Overseas Union Garden, Kuala Lumpur, 58200, Malaysia"
SUTERA RESIDENCES,CHERAS,Hulu Langat,3.0105603,101.7596447,scheme,"Sutera Residences, Cheras, Kajang Municipal Council, Hulu Langat, Selangor, Malaysia"
SUTERA RESIDENCES,PEKAN CHERAS,Hulu Langat,3.0105603,101.7596447,scheme,"Sutera Residences, Cheras, Kajang Municipal Council, Hulu Langat, Selangor, Malaysia"
SUTRAMAS,MUKIM BATU,Kuala Lumpur,3.1813007,101.6552088,scheme,"Sutramas Luxury Condominiums, Segambut, Kepong, Kuala Lumpur, Malaysia"
SYIT 100D KG LOMBONG,KELANG,Klang,,,none,
SYIT 116C -116D,TANJUNG 12,Kuala Langat,,,none,
SYIT 50B TG. KARANG,TANJUNG KARANG,Kuala Selangor,,,none,
SYIT 82B PEKAN KAPAR,KAPAR,Klang,3.1433526,101.3513584,road,"Jalan Keretapi Lama, Kapar, Klang City, Klang, Selangor, 42200, Malaysia"
"SYIT 82D, PEKAN KAPAR",PEKAN KAPAR,Klang,,,none,
"SYIT 91C, KAPAR",BANDAR KELANG,Klang,,,none,
"SYIT 91C, KAPAR",KAPAR,Klang,,,none,
SYIT 91D,KELANG,Klang,,,none,
T-PARKLAND,PEKAN TEMPLER,Gombak,,,none,
TAI KWONG MANSION,KUALA LUMPUR TOWN CENTRE,Kuala Lumpur,,,none,
TAMAN ABADI HEIGHTS,DENGKIL,Sepang,,,none,
TAMAN AL-RIDZUAN,HULU KLANG,Gombak,,,none,
TAMAN ALAM DAMAI,MUKIM PETALING,Kuala Lumpur,3.0555537,101.7491104,scheme,"Taman Dahlia Playground, Cheras, Kuala Lumpur, Malaysia"
TAMAN ALAM JAYA,CHERAS,Hulu Langat,3.0835576,101.7648605,scheme,"Taman Alam Jaya, Cheras, Kajang Municipal Council, Hulu Langat, Selangor, 43200, Malaysia"
TAMAN ALAM KEMUNING,KELANG,Klang,3.0084669,101.5402383,scheme,"Taman Wetland Kota Kemuning Shah Alam, Shah Alam, Klang, Selangor, Malaysia"
TAMAN ALAM MEGAH,PEKAN HICOM,Petaling,3.0068611,101.5653527,scheme,"Taman Alam Megah, Shah Alam, Petaling, Selangor, Malaysia"
TAMAN ALAM PERMAI (P/L 3669),KELANG,Klang,,,none,
TAMAN ALAM PUTRA,DENGKIL,Sepang,2.9783179,101.6709219,scheme,"Alam Sanctuary, Sepang, Selangor, Malaysia"
TAMAN ALAM SANCTURY,DENGKIL,Sepang,,,none,
TAMAN AMAN (SG PELIK),SEPANG,Sepang,2.8832954,101.7109404,scheme,"Taman Jenderam Aman, Dengkil, Sepang, Selangor, Malaysia"
TAMAN AMAN PUTRA,DENGKIL,Sepang,2.8659118,101.6737345,road,"Jalan Aman 1, Taman Kristal, Dengkil, Sepang, Selangor, 43800, Malaysia"
TAMAN AMAN PUTRI,SUNGAI BULUH,Petaling,,,none,
TAMAN AMANAH,TANJUNG 12,Kuala Langat,,,none,
TAMAN AMANIAH,BATU,Gombak,3.2374778,101.6756049,scheme,"Taman Amaniah, Kampung Indian Settlement Batu Caves, Batu Caves, Selayang Municipal Council, Gombak, Selangor, 68100, Ma"
TAMAN AMANIAH MULIA,BANDAR SELAYANG,Gombak,,,none,
TAMAN AMBAR (DENGKIL),DENGKIL,Sepang,2.8495648,101.6509196,scheme,"Taman Ambar, Dengkil, Sepang, Selangor, Malaysia"
TAMAN AMETIS (DENGKIL),DENGKIL,Sepang,,,none,
TAMAN AMETIS (DENGKIL),PEKAN DENGKIL,Sepang,,,none,
TAMAN AMETIS JAYA,DENGKIL,Sepang,2.8571712,101.7031094,road,"Jalan Aman Serenia 5/1, Serenia Amani, Serenia City, Kampung Ampar Tenang, Dengkil, Sepang, Selangor, 43800, Malaysia"
TAMAN AMPANG JAYA,AMPANG,Hulu Langat,3.1604294,101.7603125,scheme,"Taman Ampang Jaya, Ampang, Ampang Jaya Municipal Council, Hulu Langat, Selangor, 68000, Malaysia"
TAMAN AMPANG MEWAH,BANDAR AMPANG,Hulu Langat,3.1246915,101.7677499,scheme,"Tabika Kemas Taman Sri Raya, Jalan 5/9, Pandan Mewah, Kampung Tasik Tambahan, Ampang, Ampang Jaya Municipal Council, Hul"
TAMAN AMPANG SAUJANA,BANDAR AMPANG,Hulu Langat,3.1315831,101.7881068,scheme,"Hentian Taman Mulia Jaya, Jalan Persiaran Saujana, Taman Mulia Jaya, Kampung Indah Permai, Kampung Lembah Jaya Selatan, "
TAMAN ANDALAS JAYA (P/L1384),KELANG,Klang,,,none,
TAMAN ANGGERIK,DENGKIL,Sepang,,,none,
TAMAN ANGGERIK,PASANGAN,Kuala Selangor,3.3608132,101.3061848,scheme,"Taman Anggerik, Kampung Kuantan, Kuala Selangor, Selangor, Malaysia"
TAMAN ANGGERIK PERDANA,BANDAR BATU 18 SEMENYIH,Hulu Langat,2.972427,101.8224106,scheme,"Taman Anggerik Perdana, Kajang Technology City, Semenyih, Kajang Municipal Council, Hulu Langat, Selangor, 43500, Malays"
TAMAN ANGGERIK PERDANA,SEMENYIH,Hulu Langat,2.972427,101.8224106,scheme,"Taman Anggerik Perdana, Kajang Technology City, Semenyih, Kajang Municipal Council, Hulu Langat, Selangor, 43500, Malays"
TAMAN ANGGUN,BANDAR KUNDANG,Gombak,3.3149902,101.5388033,scheme,"Anggun Kota Emerald, Sungai Bakau, Selayang Municipal Council, Gombak, Selangor, 48000, Malaysia"
TAMAN ANGGUN,RAWANG,Gombak,3.3149902,101.5388033,scheme,"Anggun Kota Emerald, Sungai Bakau, Selayang Municipal Council, Gombak, Selangor, 48000, Malaysia"
TAMAN ANGGUN RESIDENSI,RAWANG,Gombak,3.3397524,101.5414735,road,"Jalan Tar Barat 3, Templer Residence, Kota Emerald, Rawang, Selayang Municipal Council, Gombak, Selangor, 48000, Malaysi"
TAMAN ANGKASA INDAH,BANDAR KAJANG,Hulu Langat,3.0016988,101.8002025,scheme,"Taman Angkasa Indah, Sungai Kantan, Kajang Municipal Council, Hulu Langat, Selangor, Malaysia"
TAMAN ARKED,DENGKIL,Sepang,2.865498,101.6357332,scheme,"Taman Arked, Sepang, Selangor, 62200, Malaysia"
TAMAN ASA JAYA,BANDAR KAJANG,Hulu Langat,2.9872812,101.8174094,scheme,"Taman Asa Jaya, Kajang Municipal Council, Hulu Langat, Selangor, 43000, Malaysia"
TAMAN ASA JAYA,SEMENYIH,Hulu Langat,2.9872812,101.8174094,scheme,"Taman Asa Jaya, Kajang Municipal Council, Hulu Langat, Selangor, 43000, Malaysia"
TAMAN ASTANA KEMENSAH,HULU KLANG,Gombak,3.2193462,101.7646651,road,"Jalan Astana Kemensah, Astana Kemensah, Kampung Kemensah, Ulu Kelang, Ampang Jaya Municipal Council, Gombak, Selangor, 5"
TAMAN AWANGAN AMAN,RAWANG,Gombak,,,none,
TAMAN BAHAGIA,PEKAN SUNGAI PELIK,Sepang,,,none,
TAMAN BAHAGIA,SEPANG,Sepang,2.8586262,101.689949,road,"Jalan 3, Taman Gemilang, Kampung Lalang, Dengkil, Sepang, Selangor, 43800, Malaysia"
TAMAN BAIDURI ( DENGKIL ),PEKAN DENGKIL,Sepang,2.8630078,101.6762267,scheme,"Kastam Diraja Malaysia, Jalan Kristal 2, Taman Baiduri, Kampung Cemperai, Dengkil, Sepang, Selangor, 43800, Malaysia"
TAMAN BAIDURI 2,PEKAN DENGKIL,Sepang,2.8623675,101.6807944,scheme,"Taman Baiduri, Kampung Cemperai, Dengkil, Sepang, Selangor, 43800, Malaysia"
TAMAN BALAKONG JAYA,KAJANG,Hulu Langat,3.0073911,101.737906,scheme,"Taman Balakong Jaya, Cheras, Kajang Municipal Council, Hulu Langat, Selangor, 43400, Malaysia"
TAMAN BALAKONG JAYA,PEKAN KAJANG,Hulu Langat,3.0073911,101.737906,scheme,"Taman Balakong Jaya, Cheras, Kajang Municipal Council, Hulu Langat, Selangor, 43400, Malaysia"
TAMAN BANGI,BANDAR KAJANG,Hulu Langat,2.9596361,101.7585239,scheme,"Taman Tasik Cempaka, Bandar Baru Bangi, Kajang Municipal Council, Hulu Langat, Selangor, Malaysia"
TAMAN BANGI JAYA,SEMENYIH,Hulu Langat,2.9475608,101.8346965,road,"Jalan Bangi Jaya, Kajang East, Semenyih, Kajang Municipal Council, Hulu Langat, Selangor, 43700, Malaysia"
TAMAN BANGI VILLA,KAJANG,Hulu Langat,2.8986082,101.778848,scheme,"Taman Bangi Villa, Jalan Bangi Villa 3, Taman Angsana Bangi, Kampung Bahagia, Bangi Lama, Kajang Municipal Council, Hulu"
TAMAN BATU,BATU,Gombak,3.2381836,101.6918665,scheme,"Taman Sunway Batu Caves, Batu Caves, Selayang Municipal Council, Gombak, Selangor, Malaysia"
TAMAN BATU,MUKIM BATU,Kuala Lumpur,3.2003996,101.6650156,scheme,"Taman Batu, Jinjang, Kepong, Kuala Lumpur, Malaysia"
TAMAN BATU CAVES,BANDAR SELAYANG,Gombak,3.2616274,101.6518918,scheme,"Taman Pinggiran Templer (Utara), Persiaran 1, Persiaran 1, Puncak Templer, Bandar Baru Selayang, Batu Caves, Selayang Mu"
TAMAN BATU PERMAI,MUKIM BATU,Kuala Lumpur,3.2084223,101.6782879,scheme,"Pertubuhan Seni Silat Pusaka Gayong Malaysia, Jalan 9/18B, Taman Batu Permai, Kampung Medan Wira Utama, Kuala Lumpur, 51"
"TAMAN BATU TIGA, SHAH ALAM",PEKAN KINRARA,Petaling,3.0806532,101.5571173,scheme,"Batu Tiga Industrial Park, Section U1, Shah Alam, Petaling, Selangor, Malaysia"
TAMAN BAYU ALAM,BANDAR KUALA SELANGOR,Kuala Selangor,3.3216371,101.252534,scheme,"Taman Bayu Alam, Bandar Malawati, Kuala Selangor, Selangor, Malaysia"
"TAMAN BAYU INDAH, MORIB",PEKAN TONGKAH,Kuala Langat,,,none,
TAMAN BAYU LAGENDA,BANDAR KUNDANG,Gombak,3.2844174,101.5132809,road,"Jalan BBK 1/6, Bandar Baru Kundang, Kundang, Selayang Municipal Council, Gombak, Selangor, 48020, Malaysia"
TAMAN BAYU PERMAI,BANDAR KUNDANG,Gombak,3.3139104,101.533598,scheme,"Taman Bayu Permai, Sungai Bakau, Selayang Municipal Council, Gombak, Selangor, Malaysia"
TAMAN BAYU SEKAMAT,CHERAS,Hulu Langat,,,none,
TAMAN BAYU SIJANGKANG,TELOK PANGLIMA GARANG,Kuala Langat,2.95089,101.4656255,scheme,"Taman Bayu Sijangkang, Sijangkang, Kuala Langat, Selangor, Malaysia"
TAMAN BELIBIS,API-API,Kuala Selangor,3.3005207,101.2923924,scheme,"Taman Belibis, Assam Jawa, Kuala Selangor, Selangor, Malaysia"
TAMAN BELLINA (P/L 1570),KELANG,Klang,,,none,
TAMAN BENTARA 16(P/L 4300),TELOK PANGLIMA GARANG,Kuala Langat,2.9322473,101.5009846,scheme,"Taman Bentara, Kampung Kebun Baru, Teluk Panglima Garang, Kuala Langat, Selangor, Malaysia"
TAMAN BENTARA 17-TPG,TELOK PANGLIMA GARANG,Kuala Langat,2.9322473,101.5009846,scheme,"Taman Bentara, Kampung Kebun Baru, Teluk Panglima Garang, Kuala Langat, Selangor, Malaysia"
TAMAN BERINGIN CHERAS,PEKAN CHERAS,Hulu Langat,3.0407655,101.7509926,scheme,"Beringin Avenue, Bandar Damai Perdana, Cheras, Kajang Municipal Council, Hulu Langat, Selangor, Malaysia"
TAMAN BERJAYA,BANDAR SELAYANG,Gombak,3.2292278,101.703624,scheme,"Taman Berjaya, Gombak, Selayang Municipal Council, Gombak, Selangor, Malaysia"
TAMAN BERJAYA,BATU,Gombak,3.2292278,101.703624,scheme,"Taman Berjaya, Gombak, Selayang Municipal Council, Gombak, Selangor, Malaysia"
TAMAN BERJAYA (KAJANG),BANDAR BARU BANGI,Hulu Langat,2.9847434,101.7800619,scheme,"Taman Berjaya, Kampung Kwan Tung Baru, Kajang Municipal Council, Hulu Langat, Selangor, Malaysia"
TAMAN BERJAYA BARU,BANDAR BARU BANGI,Hulu Langat,2.9847434,101.7800619,scheme,"Taman Berjaya, Kampung Kwan Tung Baru, Kajang Municipal Council, Hulu Langat, Selangor, Malaysia"
TAMAN BERLIAN,BANDAR KAJANG,Hulu Langat,,,none,
TAMAN BERLIAN,BANDAR SELAYANG,Gombak,3.2363197,101.7065104,scheme,"Taman Berlian, Gombak, Selayang Municipal Council, Gombak, Selangor, Malaysia"
TAMAN BERLIAN (DENGKIL),PEKAN DENGKIL,Sepang,2.8633971,101.672195,scheme,"Taman Berlian, Kampung Cemperai, Dengkil, Sepang, Selangor, Malaysia"
TAMAN BERSATU,BANDAR RAWANG,Gombak,3.307449,101.5802513,scheme,"Taman Bersatu, Kampung Kenanga, Rawang, Selayang Municipal Council, Gombak, Selangor, 48000, Malaysia"
TAMAN BERSATU,RAWANG,Gombak,3.307449,101.5802513,scheme,"Taman Bersatu, Kampung Kenanga, Rawang, Selayang Municipal Council, Gombak, Selangor, 48000, Malaysia"
TAMAN BESTARI,PEKAN JENJAROM,Kuala Langat,2.8427884,101.4453977,scheme,"Taman Chodoi Bestari, Chodoi, Kampung Sungai Buaya, Kuala Langat, Selangor, Malaysia"
TAMAN BESTARI,TELOK PANGLIMA GARANG,Kuala Langat,2.8427884,101.4453977,scheme,"Taman Chodoi Bestari, Chodoi, Kampung Sungai Buaya, Kuala Langat, Selangor, Malaysia"
TAMAN BIDARA,BANDAR SELAYANG,Gombak,3.2424311,101.6431542,scheme,"Taman Bidara, Selayang Municipal Council, Gombak, Selangor, Malaysia"
TAMAN BIDARA,BATU,Gombak,3.2424311,101.6431542,scheme,"Taman Bidara, Selayang Municipal Council, Gombak, Selangor, Malaysia"
TAMAN BINTANG MAS,DENGKIL,Sepang,2.8567985,101.677261,scheme,"Taman Bintang Mas, Kampung Cemperai, Dengkil, Sepang, Selangor, Malaysia"
TAMAN BINTANG MAS,PEKAN DENGKIL,Sepang,2.8567985,101.677261,scheme,"Taman Bintang Mas, Kampung Cemperai, Dengkil, Sepang, Selangor, Malaysia"
TAMAN BISTARI,SEPANG,Sepang,2.6386062,101.7200044,road,"Jalan Bistari 3, Sungai Pelek, Sepang, Selangor, 45950, Malaysia"
TAMAN BRINGIN,MUKIM BATU,Kuala Lumpur,3.2198024,101.6645381,road,"Jalan Marudi 9, Taman Beringin, Jinjang, Kepong, Kuala Lumpur, 52000, Malaysia"
TAMAN BUANA PERDANA,BDR PETALING JAYA SELATAN,Petaling,3.0745192,101.6383927,scheme,"Taman Buana Perdana, PJS 3, Petaling Jaya South, Petaling Jaya, Petaling, Selangor, Malaysia"
TAMAN BUANA PERDANA,DAMANSARA,Petaling,3.0745192,101.6383927,scheme,"Taman Buana Perdana, PJS 3, Petaling Jaya South, Petaling Jaya, Petaling, Selangor, Malaysia"
TAMAN BUDIMAN,JERAM,Kuala Selangor,3.1929922,101.3099221,scheme,"Taman Budiman, Sungai Sembilang, Kuala Selangor, Selangor, Malaysia"
TAMAN BUKIT ANGKASA (ANGKASAPURI FLAT),MUKIM KUALA LUMPUR,Kuala Lumpur,3.1090648,101.670249,scheme,"Taman Bukit Angkasa, Pantai Dalam, Kuala Lumpur, 59200, Malaysia"
TAMAN BUKIT ANGKASA (PHASE II),MUKIM KUALA LUMPUR,Kuala Lumpur,3.1090648,101.670249,scheme,"Taman Bukit Angkasa, Pantai Dalam, Kuala Lumpur, 59200, Malaysia"
TAMAN BUKIT BELIMBING,PEKAN BARU SG BESI,Petaling,,,none,
TAMAN BUKIT BELIMBING,PEKAN CHERAS,Hulu Langat,3.0303692,101.7317983,scheme,"Taman Bukit Belimbing, Balakong, Cheras, Kajang Municipal Council, Hulu Langat, Selangor, Malaysia"
TAMAN BUKIT CANTIK,BANDAR KAJANG,Hulu Langat,2.9908139,101.802586,scheme,"Taman Bukit Cantik, Kajang Municipal Council, Hulu Langat, Selangor, Malaysia"
TAMAN BUKIT CHERAS,MUKIM CHERAS,Kuala Lumpur,3.0701323,101.7478627,scheme,"Taman Bukit Cheras, Cheras, Kuala Lumpur, 43200, Malaysia"
TAMAN BUKIT DESA,MUKIM KUALA LUMPUR,Kuala Lumpur,3.1108141,101.6842032,scheme,"Taman Bukit Desa, Seputeh, Kuala Lumpur, Malaysia"
TAMAN BUKIT DESA JAYA,BANDAR KEPONG,Gombak,3.177275,101.7540512,scheme,"Jalan Enggang, Taman Desa Keramat AU2C, Bukit Antarabangsa, Ulu Kelang, Ampang Jaya Municipal Council, Gombak, Selangor,"
TAMAN BUKIT DESA JAYA,BATU,Gombak,3.177275,101.7540512,scheme,"Jalan Enggang, Taman Desa Keramat AU2C, Bukit Antarabangsa, Ulu Kelang, Ampang Jaya Municipal Council, Gombak, Selangor,"
TAMAN BUKIT EMAS (LEADMONT) KAJANG,PEKAN KAJANG,Hulu Langat,,,none,
TAMAN BUKIT IDAMAN,BANDAR SELAYANG,Gombak,3.2471246,101.6433334,scheme,"Taman Bukit Idaman, Selayang Municipal Council, Gombak, Selangor, 68100, Malaysia"
TAMAN BUKIT IDAMAN,BATU,Gombak,3.2471246,101.6433334,scheme,"Taman Bukit Idaman, Selayang Municipal Council, Gombak, Selangor, 68100, Malaysia"
TAMAN BUKIT INDAH,BANDAR HULU KELANG,Gombak,3.1536577,101.7760171,scheme,"Taman Bukit Indah, Ulu Kelang, Ampang Jaya Municipal Council, Gombak, Selangor, Malaysia"
TAMAN BUKIT INDAH,BANDAR KEPONG,Gombak,3.1536577,101.7760171,scheme,"Taman Bukit Indah, Ulu Kelang, Ampang Jaya Municipal Council, Gombak, Selangor, Malaysia"
TAMAN BUKIT INDAH,HULU KLANG,Gombak,3.1536577,101.7760171,scheme,"Taman Bukit Indah, Ulu Kelang, Ampang Jaya Municipal Council, Gombak, Selangor, Malaysia"
TAMAN BUKIT JAYA (BUKIT ANTARABANGSA),BANDAR HULU KELANG,Gombak,3.1722999,101.7534284,scheme,"Stats ChipPAC Malaysia Sdn Bhd, Jalan Enggang, Taman Seri Keramat, Bukit Antarabangsa, Ulu Kelang, Ampang Jaya Municipal"
TAMAN BUKIT JAYA (BUKIT ANTARABANGSA),HULU KLANG,Gombak,3.1950349,101.7753885,scheme,"Taman Bukit Mulia, Bukit Antarabangsa, Ulu Kelang, Ampang Jaya Municipal Council, Gombak, Selangor, Malaysia"
TAMAN BUKIT JOBINA,BANDAR HULU KELANG,Gombak,,,none,
TAMAN BUKIT JUGRA,SUNGAI BULUH,Petaling,,,none,
TAMAN BUKIT KAJANG BARU,KAJANG,Hulu Langat,2.983131,101.7958028,scheme,"Taman Bukit Kajang Baru, Kajang 2, Kajang Municipal Council, Hulu Langat, Selangor, 43000, Malaysia"
TAMAN BUKIT KEMENSAH INDAH,BANDAR HULU KELANG,Gombak,,,none,
TAMAN BUKIT KENANGAN,BANDAR KAJANG,Hulu Langat,,,none,
TAMAN BUKIT LANCHONG,DAMANSARA,Petaling,,,none,
TAMAN BUKIT MALURI,MUKIM BATU,Kuala Lumpur,3.1997133,101.6322821,scheme,"Taman Bukit Maluri, Kepong, Kuala Lumpur, 52100, Malaysia"
TAMAN BUKIT MANDA'RINA,MUKIM PETALING,Kuala Lumpur,,,none,
TAMAN BUKIT MAYANG MAS,PEKAN CHEMPAKA,Petaling,3.1248872,101.5974562,scheme,"Taman Bukit Mayang Mas, PJU 1, Ara Damansara, Petaling Jaya, Petaling, Selangor, Malaysia"
TAMAN BUKIT MAYANG MAS,SUNGAI BULUH,Petaling,3.1248872,101.5974562,scheme,"Taman Bukit Mayang Mas, PJU 1, Ara Damansara, Petaling Jaya, Petaling, Selangor, Malaysia"
TAMAN BUKIT MELAWATI,HULU KLANG,Gombak,3.2134014,101.7519626,road,"Taman Melawati, Ulu Kelang, Ampang Jaya Municipal Council, Gombak, Selangor, Malaysia"
TAMAN BUKIT MEWAH,BANDAR KAJANG,Hulu Langat,2.9731412,101.8100379,scheme,"Taman Bukit Mewah, Kajang 2, Kajang Municipal Council, Hulu Langat, Selangor, Malaysia"
TAMAN BUKIT MEWAH,KAJANG,Hulu Langat,2.9731412,101.8100379,scheme,"Taman Bukit Mewah, Kajang 2, Kajang Municipal Council, Hulu Langat, Selangor, Malaysia"
TAMAN BUKIT MEWAH,SEMENYIH,Hulu Langat,2.9731412,101.8100379,scheme,"Taman Bukit Mewah, Kajang 2, Kajang Municipal Council, Hulu Langat, Selangor, Malaysia"
TAMAN BUKIT MEWAH (BUKIT ANTARABANGSA),BANDAR HULU KELANG,Gombak,3.188311,101.7720097,scheme,"Taman Bukit Mewah, Bukit Antarabangsa, Ulu Kelang, Ampang Jaya Municipal Council, Gombak, Selangor, Malaysia"
TAMAN BUKIT MUTIARA,BANDAR KAJANG,Hulu Langat,2.9832618,101.8013064,scheme,"Taman Bukit Mutiara, Kajang 2, Kajang Municipal Council, Hulu Langat, Selangor, Malaysia"
TAMAN BUKIT PELANGI-BATU 3 S.ALAM,DAMANSARA,Petaling,,,none,
TAMAN BUKIT PERMAI (AMPANG),BANDAR AMPANG,Hulu Langat,3.1398482,101.7786857,scheme,"Pos Malaysia Office, Lot 613, Lorong Dagang Permai 6, Taman Bukit Ampang, Kampung Muhibbah, Ampang, Ampang Jaya Municipa"
TAMAN BUKIT PERMATA,BANDAR SELAYANG,Gombak,3.3126226,101.5343711,road,"Jalan BP 11, Taman Bayu Permai, Sungai Bakau, Selayang Municipal Council, Gombak, Selangor, 48000, Malaysia"
TAMAN BUKIT RAHMAN PUTRA,BANDAR SELAYANG,Gombak,3.2351956,101.5426572,scheme,"Taman Masgenuine, Jalan Melati, Bukit Rahman Putra, Kampung Damai, Kuang, Selayang Municipal Council, Gombak, Selangor, "
TAMAN BUKIT RAHMAN PUTRA,RAWANG,Gombak,3.2351956,101.5426572,scheme,"Taman Masgenuine, Jalan Melati, Bukit Rahman Putra, Kampung Damai, Kuang, Selayang Municipal Council, Gombak, Selangor, "
TAMAN BUKIT RAWANG JAYA,BANDAR HULU KELANG,Gombak,3.3343387,101.5849146,scheme,"Taman Bukit Rawang Jaya, Kampung Tanjung, Selayang Municipal Council, Gombak, Selangor, Malaysia"
TAMAN BUKIT RAWANG JAYA,BANDAR RAWANG,Gombak,3.3343387,101.5849146,scheme,"Taman Bukit Rawang Jaya, Kampung Tanjung, Selayang Municipal Council, Gombak, Selangor, Malaysia"
TAMAN BUKIT RAWANG JAYA,RAWANG,Gombak,3.3343387,101.5849146,scheme,"Taman Bukit Rawang Jaya, Kampung Tanjung, Selayang Municipal Council, Gombak, Selangor, Malaysia"
TAMAN BUKIT RAWANG JAYA II,BANDAR RAWANG,Gombak,3.3343387,101.5849146,scheme,"Taman Bukit Rawang Jaya, Kampung Tanjung, Selayang Municipal Council, Gombak, Selangor, Malaysia"
TAMAN BUKIT RAWANG PUTRA,BANDAR RAWANG,Gombak,,,none,
TAMAN BUKIT RIA,BANDAR KAJANG,Hulu Langat,2.9804666,101.7994747,scheme,"Taman Bukit Ria, Kajang 2, Kajang Municipal Council, Hulu Langat, Selangor, Malaysia"
TAMAN BUKIT SANDARAN,BUKIT RAJA,Petaling,,,none,
TAMAN BUKIT SEGAR,MUKIM KUALA LUMPUR,Kuala Lumpur,3.0941572,101.748456,road,"Jalan Bukit Segar 7, Bukit Segar, Taman Cheras, Cheras, Kuala Lumpur, 56100, Malaysia"
TAMAN BUKIT SEGAR (AMPANG),AMPANG,Hulu Langat,3.093152,101.7550164,scheme,"Taman Bukit Segar, Cheras, Ampang, Ampang Jaya Municipal Council, Hulu Langat, Selangor, Malaysia"
TAMAN BUKIT SEGAR EMAS/CHERAS HARTAMAS,AMPANG,Hulu Langat,,,none,
TAMAN BUKIT SEGAR JAYA (AMPANG),AMPANG,Hulu Langat,3.093152,101.7550164,scheme,"Taman Bukit Segar, Cheras, Ampang, Ampang Jaya Municipal Council, Hulu Langat, Selangor, Malaysia"
TAMAN BUKIT SENTOSA,BANDAR KEPONG,Gombak,,,none,
TAMAN BUKIT SENTOSA,BANDAR KUNDANG,Gombak,,,none,
TAMAN BUKIT SENTOSA,SETAPAK,Gombak,,,none,
"TAMAN BUKIT SERDANG , SEK. 9",PEKAN SERDANG,Petaling,,,none,
"TAMAN BUKIT SERDANG , SEK. 9",PETALING,Petaling,3.0359387,101.6936301,road,"Jalan BS 9/5C, Taman Bukit Serdang Seksyen 9, Bukit Serdang, Seri Kembangan, Subang Jaya City Council, Petaling, Selango"
TAMAN BUKIT SERDANG - JALAN JIMNA 5,PETALING,Petaling,3.0279777,101.6909436,road,"Jalan Sejahtera 5/1, Serdang Heights Seksyen 5, Serdang Heights, Seri Kembangan, Subang Jaya City Council, Petaling, Sel"
TAMAN BUKIT SERDANG - SEK 10,PETALING,Petaling,3.0391368,101.6931926,scheme,"Taman Bukit Serdang Seksyen 10, Bukit Serdang, Seri Kembangan, Subang Jaya City Council, Petaling, Selangor, Malaysia"
TAMAN BUKIT SERDANG - SEKSYEN 2,PEKAN SERDANG,Petaling,3.0165416,101.6932869,scheme,"Taman Bukit Serdang Seksyen 2, Bukit Serdang, Seri Kembangan, Subang Jaya City Council, Petaling, Selangor, Malaysia"
TAMAN BUKIT SERDANG - SEKSYEN 2,PEKAN SUNGAI BULOH,Petaling,3.0165416,101.6932869,scheme,"Taman Bukit Serdang Seksyen 2, Bukit Serdang, Seri Kembangan, Subang Jaya City Council, Petaling, Selangor, Malaysia"
TAMAN BUKIT SERDANG - SEKSYEN 2,PETALING,Petaling,3.0165416,101.6932869,scheme,"Taman Bukit Serdang Seksyen 2, Bukit Serdang, Seri Kembangan, Subang Jaya City Council, Petaling, Selangor, Malaysia"
TAMAN BUKIT SERDANG SEK. 8,BDR SUNWAY,Petaling,3.0341578,101.6990626,scheme,"Taman Bukit Serdang Seksyen 8, Bukit Serdang, Seri Kembangan, Subang Jaya City Council, Petaling, Selangor, Malaysia"
TAMAN BUKIT SERDANG SEK. 8,PEKAN SERDANG,Petaling,3.0341578,101.6990626,scheme,"Taman Bukit Serdang Seksyen 8, Bukit Serdang, Seri Kembangan, Subang Jaya City Council, Petaling, Selangor, Malaysia"
TAMAN BUKIT SERDANG SEK. 8,PETALING,Petaling,3.0341578,101.6990626,scheme,"Taman Bukit Serdang Seksyen 8, Bukit Serdang, Seri Kembangan, Subang Jaya City Council, Petaling, Selangor, Malaysia"
"TAMAN BUKIT SERDANG, SEKSYEN 14",PEKAN SERDANG,Petaling,,,none,
"TAMAN BUKIT SERDANG, SEKSYEN 14",PETALING,Petaling,3.1087856,101.6017401,road,"Jalan SS 4B/14, SS 4B, SS 4, Kelana Jaya, Petaling Jaya, Petaling, Selangor, 47301, Malaysia"
TAMAN BUKIT SERI BINTANG,MUKIM BATU,Kuala Lumpur,3.1876268,101.6431499,scheme,"Sri Bintang Garden Night Market, Jalan Seri Bintang 2, Bukit Sri Bintang Commercial Area, Kepong, Kuala Lumpur, 52200, M"
TAMAN BUKIT SUNGAI LONG,CHERAS,Hulu Langat,3.0740657,101.7446131,scheme,"Komersial Taman Len Seng (2), Sungai Besi–Ulu Klang Elevated Expressway, Taman Len Sen, Cheras, Kuala Lumpur, Hulu Langa"
TAMAN BUKIT SURIA,CHERAS,Hulu Langat,3.0330057,101.7902623,road,"Jalan 1, Cheras, Kajang Municipal Council, Hulu Langat, Selangor, 43000, Malaysia"
TAMAN BUKIT TENAGA,MUKIM KUALA LUMPUR,Kuala Lumpur,,,none,
TAMAN BUKIT TENGKU,BUKIT RAJA,Petaling,,,none,
TAMAN BUKIT TERATAI,AMPANG,Hulu Langat,3.1137349,101.7675356,scheme,"Taman Bukit Teratai, Pandan Indah, Ampang, Ampang Jaya Municipal Council, Hulu Langat, Selangor, 56100, Malaysia"
TAMAN BUKIT TERATAI,BANDAR AMPANG,Hulu Langat,3.1137349,101.7675356,scheme,"Taman Bukit Teratai, Pandan Indah, Ampang, Ampang Jaya Municipal Council, Hulu Langat, Selangor, 56100, Malaysia"
TAMAN BUKIT UTAMA(LAMAN OAKLEAF),BANDAR HULU KELANG,Gombak,3.1777284,101.7674825,scheme,"Taman Bukit Utama, Bukit Antarabangsa, Ulu Kelang, Ampang Jaya Municipal Council, Gombak, Selangor, Malaysia"
TAMAN BUNGA RAYA,MUKIM SETAPAK,Kuala Lumpur,3.2123086,101.7281266,scheme,"Taman Bunga Raya, Wangsa Maju, Kuala Lumpur, Malaysia"
TAMAN BUNGA RAYA (BBST),BARU BARU SALAK TINGGI,Sepang,2.808501,101.7156103,scheme,"Taman Bunga Raya, Bandar Baru Salak Tinggi, Sepang, Selangor, Malaysia"
TAMAN BUNGA RAYA (BBST),PEKAN BARU SALAK TINGGI,Sepang,2.808501,101.7156103,scheme,"Taman Bunga Raya, Bandar Baru Salak Tinggi, Sepang, Selangor, Malaysia"
TAMAN CAHAYA (AMPANG),BANDAR AMPANG,Hulu Langat,3.1430343,101.7580869,scheme,"Taman Cahaya, Pandan Indah, Ampang, Ampang Jaya Municipal Council, Hulu Langat, Selangor, Malaysia"
TAMAN CASA MEKAR,DENGKIL,Sepang,2.9230687,101.7374769,scheme,"Taman Casa Mekar, Kampung Sungai Merab Ulu, Kampung Desa Putra, Sepang, Selangor, Malaysia"
TAMAN CASSIA,RAWANG,Gombak,3.3301466,101.5784999,road,"Jalan Cassia 2, Taman Seri Hijau, Kampung Melayu Pekan Rawang, Rawang, Selayang Municipal Council, Gombak, Selangor, 480"
TAMAN CEMERLANG,BANDAR GOMBAK SETIA,Gombak,3.2262471,101.7193882,scheme,"Taman Cemerlang, Gombak, Selayang Municipal Council, Gombak, Selangor, Malaysia"
TAMAN CEMPAKA,AMPANG,Hulu Langat,3.1386682,101.7486998,scheme,"Taman Cempaka, Pandan Indah, Ampang, Ampang Jaya Municipal Council, Hulu Langat, Selangor, Malaysia"
TAMAN CEMPAKA,BANDAR AMPANG,Hulu Langat,3.1386682,101.7486998,scheme,"Taman Cempaka, Pandan Indah, Ampang, Ampang Jaya Municipal Council, Hulu Langat, Selangor, Malaysia"
TAMAN CEMPAKA (B B SALAK TINGGI),BARU BARU SALAK TINGGI,Sepang,2.8133981,101.739494,road,"Jalan ST 1B/7, Taman Teratai, Kampung Giching Hulu, Bandar Baru Salak Tinggi, Sepang, Selangor, 43900, Malaysia"
TAMAN CENDANA,PEKAN SG CHUA,Hulu Langat,,,none,
TAMAN CENDERAWASIH (P/L 2690 & 2677),TANJUNG 12,Kuala Langat,2.832304,101.5979492,scheme,"Taman Cenderawasih, Banting, Kuala Langat, Selangor, Malaysia"
TAMAN CHANGGANG JAYA,PEKAN BUKIT CHANGGANG,Kuala Langat,2.8305112,101.6199666,scheme,"Taman Changgang Jaya, Bukit Changgang, Banting, Kuala Langat, Selangor, Malaysia"
TAMAN CHANGGANG JAYA,TANJUNG 12,Kuala Langat,2.8305112,101.6199666,scheme,"Taman Changgang Jaya, Bukit Changgang, Banting, Kuala Langat, Selangor, Malaysia"
TAMAN CHERAS AWANA,PEKAN CHERAS,Hulu Langat,3.0879942,101.7620875,scheme,"Taman Cheras Awana, Taman Segar Perdana, Cheras, Kajang Municipal Council, Hulu Langat, Selangor, Malaysia"
TAMAN CHERAS IDAMAN,BANDAR CHERAS,Hulu Langat,3.029418,101.7811525,scheme,"Taman Cheras Idaman 2 Guard House, Jalan Idaman, Taman Cheras Idaman 2, Kampung Bukit Dukung, Cheras, Kajang Municipal C"
TAMAN CHERAS IDAMAN,CHERAS,Hulu Langat,3.029418,101.7811525,scheme,"Taman Cheras Idaman 2 Guard House, Jalan Idaman, Taman Cheras Idaman 2, Kampung Bukit Dukung, Cheras, Kajang Municipal C"
TAMAN CHERAS INDAH,AMPANG,Hulu Langat,3.1266269,101.7421092,scheme,"Taman Cheras Indah, Cheras, Ampang, Ampang Jaya Municipal Council, Hulu Langat, Selangor, Malaysia"
TAMAN CHERAS INTAN (CHERAS COURT),PEKAN CHERAS,Hulu Langat,3.0708045,101.7768389,scheme,"Taman Cheras Intan, Kampung Melaka, Cheras, Kajang Municipal Council, Hulu Langat, Selangor, 43200, Malaysia"
TAMAN CHERAS JAYA,CHERAS,Hulu Langat,3.0222926,101.7596926,scheme,"Taman Cheras Jaya, Balakong, Cheras, Kajang Municipal Council, Hulu Langat, Selangor, Malaysia"
TAMAN CHERAS MAS,CHERAS,Hulu Langat,3.0684605,101.7720289,scheme,"Pos Malaysia Batu 9, Jalan Hulu Langat, Taman Mas 1, Kampung Melaka, Cheras, Kajang Municipal Council, Hulu Langat, Sela"
TAMAN CHERAS MAS,PEKAN CHERAS,Hulu Langat,3.0689538,101.7728562,scheme,"Pos Malaysia Batu 9 (Opp), Jalan Hulu Langat, Taman Mas 1, Kampung Melaka, Cheras, Kajang Municipal Council, Hulu Langat"
TAMAN CHERAS PERDANA,BANDAR CHERAS,Hulu Langat,3.0451193,101.7677576,scheme,"Medan Selera Taman Cheras Perdana, Medan Selera Cheras Perdana, Taman Cheras Perdana, Cheras, Kajang Municipal Council, "
TAMAN CHERAS PERDANA,CHERAS,Hulu Langat,3.0423278,101.7651549,scheme,"Taman Cheras Perdana, Balakong, Cheras, Kajang Municipal Council, Hulu Langat, Selangor, 43200, Malaysia"
TAMAN CHERAS PRIMA,KAJANG,Hulu Langat,3.0121706,101.7638982,scheme,"Taman Cheras Prima, Balakong, Cheras, Kajang Municipal Council, Hulu Langat, Selangor, Malaysia"
TAMAN CHERAS UTAMA,PEKAN CHERAS,Hulu Langat,3.0485316,101.7466396,scheme,"Taman Cheras Utama, Bandar Damai Perdana, Cheras, Kajang Municipal Council, Hulu Langat, Selangor, 56000, Malaysia"
TAMAN CUEPACS,CHERAS,Hulu Langat,3.0831039,101.7571169,scheme,"Taman Koperasi Cuepacs Fasa 1, Cheras, Kajang Municipal Council, Hulu Langat, Selangor, 43200, Malaysia"
TAMAN D'ALPINA,DENGKIL,Sepang,,,none,
TAMAN D'IMPIAN TROPIKA,PEKAN KAJANG,Hulu Langat,3.0159997,101.7516607,scheme,"Taman D'Impian Tropika Playground, Jalan Flora, Apartment Flora, Balakong, Cheras, Kajang Municipal Council, Hulu Langat"
TAMAN D'RAMAL PRIMA,KAJANG,Hulu Langat,2.9713119,101.7587635,scheme,"Taman D'Ramal Prima, Kampung Sungai Ramal Dalam, Kajang Municipal Council, Hulu Langat, Selangor, 43000, Malaysia"
TAMAN DAGANG,AMPANG,Hulu Langat,3.1480328,101.7565282,scheme,"Taman Dagang, Kampung Pandan Dalam, Ampang, Ampang Jaya Municipal Council, Hulu Langat, Selangor, Malaysia"
TAMAN DAGANG,BANDAR AMPANG,Hulu Langat,3.1480328,101.7565282,scheme,"Taman Dagang, Kampung Pandan Dalam, Ampang, Ampang Jaya Municipal Council, Hulu Langat, Selangor, Malaysia"
TAMAN DAGANG (P/L 1661 & 1662),KAPAR,Klang,2.9963295,101.4734506,scheme,"Perumahan Taman Sentosa, Jalan Dato Dagang 6, Bandar Sentosa, Klang City, Klang, Selangor, 41200, Malaysia"
TAMAN DAGANG JAYA,BANDAR AMPANG,Hulu Langat,3.1328254,101.7798892,scheme,"Taman Dagang Jaya, Kampung Indah Permai, Kampung Sri Taman Baru, Ampang, Ampang Jaya Municipal Council, Hulu Langat, Sel"
TAMAN DAGANG PERMAI,BANDAR AMPANG,Hulu Langat,3.1407596,101.7789659,scheme,"TMpoint, Lot 613, Lorong Dagang Permai 6, Taman Bukit Ampang, Kampung Muhibbah, Ampang, Ampang Jaya Municipal Council, H"
TAMAN DAHLIA,BANDAR CYBERJAYA,Sepang,2.8267574,101.731215,scheme,"Taman Dahlia, Bandar Baru Sepang, Jalan Bandar Baru Salak Tinggi, Bandar Baru Salak Tinggi, Sepang, Selangor, 43900, Mal"
TAMAN DAHLIA,BARU BARU SALAK TINGGI,Sepang,2.8267574,101.731215,scheme,"Taman Dahlia, Bandar Baru Sepang, Jalan Bandar Baru Salak Tinggi, Bandar Baru Salak Tinggi, Sepang, Selangor, 43900, Mal"
TAMAN DAMAI (SEPANG),PEKAN SUNGAI PELIK,Sepang,2.8771084,101.7003686,scheme,"Taman Jenderam Damai, Kampung Semarang, Dengkil, Sepang, Selangor, Malaysia"
TAMAN DAMAI INDAH (CHERAS),PEKAN CHERAS,Hulu Langat,3.053751,101.7477248,scheme,"Taman Damai Indah, Bandar Damai Perdana, Cheras, Kajang Municipal Council, Hulu Langat, Selangor, Malaysia"
TAMAN DAMAI INDAH (KAJANG),BANDAR KAJANG,Hulu Langat,3.053751,101.7477248,scheme,"Taman Damai Indah, Bandar Damai Perdana, Cheras, Kajang Municipal Council, Hulu Langat, Selangor, Malaysia"
TAMAN DAMAI JAYA,PEKAN CHERAS,Hulu Langat,3.062156,101.7668355,scheme,"Taman Damai Jaya, Cheras, Kajang Municipal Council, Hulu Langat, Selangor, 43200, Malaysia"
TAMAN DAMAI JAYA SELAYANG,MUKIM BATU,Kuala Lumpur,3.2391185,101.6572459,road,"Jalan Damai Jaya, Taman Sri Melati, Batu Caves, Kuala Lumpur, Gombak, Selangor, 68100, Malaysia"
TAMAN DAMAI MEWAH,BANDAR KAJANG,Hulu Langat,2.9857221,101.8094229,scheme,"Taman Damai Mewah, Kajang Municipal Council, Hulu Langat, Selangor, Malaysia"
TAMAN DATO AHMAD RAZALI,KELANG,Klang,,,none,
TAMAN DATO DEMANG,PETALING,Petaling,2.9905743,101.6713661,scheme,"Taman Dato Demang, Putra Permai, Subang Jaya City Council, Petaling, Selangor, Malaysia"
TAMAN DATOK AHMAD RAZALI,AMPANG,Hulu Langat,,,none,
TAMAN DATUK SENU,MUKIM SETAPAK,Kuala Lumpur,,,none,
TAMAN DAYA,BANDAR KEPONG,Gombak,3.2230643,101.6361129,scheme,"Taman Daya, Selayang Municipal Council, Gombak, Selangor, 52100, Malaysia"
TAMAN DAYA,BATU,Gombak,3.2230643,101.6361129,scheme,"Taman Daya, Selayang Municipal Council, Gombak, Selangor, 52100, Malaysia"
TAMAN DELIMA JAYA,DENGKIL,Sepang,2.8548439,101.6717487,scheme,"Sutera Villa Park, Kampung Cemperai, Dengkil, Sepang, Selangor, Malaysia"
TAMAN DENAI PUCHONG,PEKAN DESA PUCHONG,Petaling,,,none,
TAMAN DESA,MUKIM KUALA LUMPUR,Kuala Lumpur,3.1030637,101.6850208,scheme,"Taman Desa, Kuala Lumpur, 58100, Malaysia"
TAMAN DESA ANGGERIK,SEMENYIH,Hulu Langat,,,none,
TAMAN DESA BAIDURI,CHERAS,Hulu Langat,3.0475227,101.7500147,scheme,"Taman Desa Baiduri, Bandar Damai Perdana, Cheras, Kajang Municipal Council, Hulu Langat, Selangor, Malaysia"
TAMAN DESA BAKTI,MUKIM BATU,Kuala Lumpur,3.2429869,101.662842,scheme,"Taman Desa Bakti, Jalan 2/2B, Kampung Lembah Indah, Batu Caves, Kuala Lumpur, Gombak, Selangor, 68100, Malaysia"
TAMAN DESA BARU,BANDAR CHERAS,Hulu Langat,3.0300066,101.7710344,scheme,"Taman Desa Baru, Kampung Bukit Dukung, Cheras, Kajang Municipal Council, Hulu Langat, Selangor, Malaysia"
TAMAN DESA BATU CAVES,BANDAR SELAYANG,Gombak,3.2429869,101.662842,scheme,"Taman Desa Bakti, Jalan 2/2B, Kampung Lembah Indah, Batu Caves, Kuala Lumpur, Gombak, Selangor, 68100, Malaysia"
TAMAN DESA BUKIT CAHAYA,CHERAS,Hulu Langat,3.0440345,101.7429221,road,"Jalan Desa Cahaya 3, Bandar Damai Perdana, Cheras, Kajang Municipal Council, Hulu Langat, Selangor, 43200, Malaysia"
TAMAN DESA BUKIT INDAH,BATU,Gombak,,,none,
TAMAN DESA BUKIT INDAH,PEKAN PENGKALAN KUNDANG,Gombak,,,none,
TAMAN DESA BUKIT INDAH,PEKAN SUNGAI BULOH,Gombak,,,none,
TAMAN DESA BUKIT PERMATA (P/L 4033),KAPAR,Klang,,,none,
TAMAN DESA HARAS,BANDAR HULU KELANG,Gombak,,,none,
TAMAN DESA INTAN (P/L 5203),KAPAR,Klang,,,none,
TAMAN DESA JAYA,BANDAR KEPONG,Gombak,3.2157288,101.6277894,scheme,"Taman Desa Jaya, Selayang Municipal Council, Gombak, Selangor, Malaysia"
TAMAN DESA JAYA,BANDAR KUNDANG,Gombak,3.2157288,101.6277894,scheme,"Taman Desa Jaya, Selayang Municipal Council, Gombak, Selangor, Malaysia"
TAMAN DESA JAYA,BATU,Gombak,3.2157288,101.6277894,scheme,"Taman Desa Jaya, Selayang Municipal Council, Gombak, Selangor, Malaysia"
TAMAN DESA KENCANA (P/L 3037),KAPAR,Klang,3.154716,101.4314754,scheme,"Taman Desa Kencana, Jalan Limau, Kampung Bukit Kapar, Meru, Klang City, Klang, Selangor, 42200, Malaysia"
TAMAN DESA MAS,RAWANG,Gombak,3.3407629,101.5273753,scheme,"Taman Desa Mas, Bandar Country Homes, Selayang Municipal Council, Gombak, Selangor, 48000, Malaysia"
TAMAN DESA MEWAH,PEKAN SEMENYIH,Hulu Langat,2.9646672,101.844584,scheme,"Taman Desa Mewah, Semenyih, Kajang Municipal Council, Hulu Langat, Selangor, Malaysia"
TAMAN DESA MEWAH,SEMENYIH,Hulu Langat,2.9646672,101.844584,scheme,"Taman Desa Mewah, Semenyih, Kajang Municipal Council, Hulu Langat, Selangor, Malaysia"
TAMAN DESA MINANG,BANDAR SELAYANG,Gombak,3.2372545,101.7052854,scheme,"Taman Desa Minang, Gombak, Selayang Municipal Council, Gombak, Selangor, Malaysia"
TAMAN DESA MUTIARA,BANDAR KAJANG,Hulu Langat,,,none,
TAMAN DESA PASIR,MUKIM PETALING,Kuala Lumpur,3.0852445,101.6625359,road,"Jalan Pasir Merah, Petaling Estate, Overseas Union Garden, Kuala Lumpur, 58200, Malaysia"
TAMAN DESA PERMAI (P/L 4675),KAPAR,Klang,3.1474022,101.4394659,scheme,"38, Jalan Meranti Putih 4/Ku10, Taman Desa Permai, 41050 Klang, Selangor, Jalan Meranti Putih 4/KU10, Meru, Klang City, "
TAMAN DESA PERMAI (PERMAI SERI),BANDAR AMPANG,Hulu Langat,,,none,
TAMAN DESA PERMAI(AMPANG),BANDAR AMPANG,Hulu Langat,,,none,
TAMAN DESA RIA INDAH,BANDAR SELAYANG,Gombak,,,none,
TAMAN DESA TASEK,MUKIM PETALING,Kuala Lumpur,,,none,
TAMAN DESA UKAY (UKAY HEIGHT),BANDAR HULU KELANG,Gombak,3.1754336,101.7572647,scheme,"17 Taman Hillview, Jalan Hillview, Taman Desa Keramat AU2C, Bukit Antarabangsa, Ulu Kelang, Ampang Jaya Municipal Counci"
TAMAN DESARIA INDAH,BANDAR SELAYANG,Gombak,,,none,
TAMAN DIAMI MELATI,SETAPAK,Gombak,,,none,
TAMAN DOLOMITE TEMPLER,PEKAN TEMPLER,Gombak,3.2817416,101.6227188,scheme,"Commonwealth Forest Eco Park, Jalan DT 8, Dolomite Templer, Selayang Municipal Council, Gombak, Selangor, Malaysia"
TAMAN DUSUN PERMAI,SETAPAK,Gombak,,,none,
TAMAN DUTA SURIA,BANDAR AMPANG,Hulu Langat,,,none,
TAMAN EHSAN,BANDAR KEPONG,Gombak,3.2210234,101.6269346,scheme,"Taman Ehsan, Selayang Municipal Council, Gombak, Selangor, Malaysia"
TAMAN EHSAN,BANDAR SELAYANG,Gombak,3.3341973,101.5254763,scheme,"Taman Rekreasi Fasa 4 BCH, Bandar Country Homes, Selayang Municipal Council, Gombak, Selangor, Malaysia"
TAMAN EHSAN,BATU,Gombak,3.2331656,101.6999223,scheme,"Surau Al-Ehsan Flat Taman Samudra, Jalan FTS 1, Taman Samudera, Gombak, Selayang Municipal Council, Gombak, Selangor, 65"
TAMAN EMAS (DENGKIL),DENGKIL,Sepang,2.8667194,101.6777064,scheme,"Taman Emas, Dengkil, Sepang, Selangor, 43800, Malaysia"
TAMAN EMAS (DENGKIL),PEKAN DENGKIL,Sepang,2.8617647,101.6768181,scheme,"Kastam Diraja Malaysia, Jalan Putrajaya - Dengkil, Taman Baiduri, Kampung Cemperai, Dengkil, Sepang, Selangor, 43800, Ma"
TAMAN EMBUN KEMENSAH,HULU KLANG,Gombak,3.2201482,101.7614364,road,"Jalan Embun Kemensah 1, Embun Kemensah, Kampung Kemensah, Ulu Kelang, Ampang Jaya Municipal Council, Gombak, Selangor, 5"
TAMAN EQUINE,PETALING,Petaling,2.9892208,101.6724868,scheme,"Equine Park, Jalan PP 40, Taman Pinggiran Putra, Putra Permai, Subang Jaya City Council, Petaling, Selangor, 62300, Mala"
TAMAN EXORA,TANJUNG 12,Kuala Langat,,,none,
TAMAN FADASON,MUKIM BATU,Kuala Lumpur,3.2132247,101.6532612,scheme,"Taman Fadason, Jinjang, Kepong, Kuala Lumpur, 52000, Malaysia"
TAMAN GADONG,MORIB,Kuala Langat,,,none,
TAMAN GARING,BANDAR RAWANG,Gombak,3.3206698,101.5615264,scheme,"Taman Garing, Kota Emerald, Rawang, Selayang Municipal Council, Gombak, Selangor, 48000, Malaysia"
TAMAN GARING GEMILANG,RAWANG,Gombak,3.3430619,101.5554206,road,"Jalan Garing Gemilang, Taman Garing Utama, Rawang, Selayang Municipal Council, Gombak, Selangor, 48000, Malaysia"
TAMAN GARING JAYA,BANDAR RAWANG,Gombak,3.3178165,101.564469,scheme,"Taman Garing Jaya, Kota Emerald, Rawang, Selayang Municipal Council, Gombak, Selangor, 48000, Malaysia"
TAMAN GARING UTAMA,BANDAR RAWANG,Gombak,3.3423422,101.5585031,scheme,"Taman Garing Utama, Kota Emerald, Rawang, Selayang Municipal Council, Gombak, Selangor, Malaysia"
TAMAN GARING UTAMA,RAWANG,Gombak,3.3423422,101.5585031,scheme,"Taman Garing Utama, Kota Emerald, Rawang, Selayang Municipal Council, Gombak, Selangor, Malaysia"
TAMAN GAYA MERAK,PEKAN ASAM JAWA,Kuala Selangor,3.3034813,101.2887733,scheme,"Taman Gaya Merak, Assam Jawa, Bukit Rotan, Kuala Selangor, Selangor, 47500, Malaysia"
TAMAN GEMBIRA (SEMENYIH),SEMENYIH,Hulu Langat,2.9478929,101.832754,road,"Jalan 2, Kajang East, Semenyih, Kajang Municipal Council, Hulu Langat, Selangor, 43700, Malaysia"
TAMAN GEMILANG,BANDAR SELAYANG,Gombak,3.2592137,101.6930513,scheme,"Taman Gemilang, Batu Caves, Selayang Municipal Council, Gombak, Selangor, Malaysia"
TAMAN GEMILANG,MUKIM KUALA LUMPUR,Kuala Lumpur,3.0920617,101.7426302,scheme,"Taman Gemilang, Cheras, Kuala Lumpur, Malaysia"
TAMAN GOMBAK,BANDAR SELAYANG,Gombak,3.3166987,101.5367589,scheme,"Pos Malaysia, 1, Persiaran Anggun, Anggun Kota Emerald, Sungai Bakau, Selayang Municipal Council, Gombak, Selangor, 4800"
TAMAN GOMBAK,BATU,Gombak,3.2277046,101.7013534,scheme,"Taman Gombak, Gombak, Selayang Municipal Council, Gombak, Selangor, Malaysia"
TAMAN GOMBAK JAYA,BANDAR GOMBAK SETIA,Gombak,3.2173294,101.7118004,scheme,"Taman Gombak Jaya, Gombak, Selayang Municipal Council, Gombak, Selangor, 53000, Malaysia"
TAMAN GOMBAK PERMAI,BANDAR SELAYANG,Gombak,3.2530813,101.7356842,scheme,"International Islamic University Malaysia, Jalan Gombak, Taman Permai Jaya, Kampung Gombak Utara, Gombak, Selayang Munic"
TAMAN GOOD LUCK,RAWANG,Gombak,3.3281812,101.5710996,road,"Jalan NGP 2/2, New Green Park, Kampung Melayu Pekan Rawang, Rawang, Selayang Municipal Council, Gombak, Selangor, 48000,"
TAMAN GRANDVIEW,AMPANG,Hulu Langat,3.1575726,101.7643621,road,"Jalan Hillside Estate, Taman Ampang Jaya, Ampang, Ampang Jaya Municipal Council, Hulu Langat, Selangor, 68000, Malaysia"
TAMAN GREENWOOD,BATU,Gombak,3.2327748,101.7036685,scheme,"Taman Greenwood, Gombak, Selayang Municipal Council, Gombak, Selangor, Malaysia"
TAMAN GREENWOOD INDAH,BANDAR SELAYANG,Gombak,3.2244901,101.7005434,scheme,"Taman Greenwood Indah, Jalan Taman Gombak, Taman Berjaya, Gombak, Selayang Municipal Council, Gombak, Selangor, 65100, M"
TAMAN GREENWOOD INDAH,BATU,Gombak,3.2244901,101.7005434,scheme,"Taman Greenwood Indah, Jalan Taman Gombak, Taman Berjaya, Gombak, Selayang Municipal Council, Gombak, Selangor, 65100, M"
TAMAN HARMONI (SEMENYIH),BANDAR BATU 18 SEMENYIH,Hulu Langat,3.0272893,101.7314595,scheme,"Taman Harmoni, Balakong, Cheras, Kajang Municipal Council, Hulu Langat, Selangor, Malaysia"
TAMAN HARMONI INDAH (CHERAS),PEKAN CHERAS,Hulu Langat,3.0262012,101.7335996,scheme,"Flat Taman Harmoni Indah, Persiaran Damai Perdana, Balakong, Cheras, Kajang Municipal Council, Hulu Langat, Selangor, 43"
TAMAN HARMONIS,BANDAR KEPONG,Gombak,3.2286484,101.7177065,scheme,"Taman Harmonis, Gombak, Selayang Municipal Council, Gombak, Selangor, Malaysia"
TAMAN HARMONIS,SETAPAK,Gombak,3.2286484,101.7177065,scheme,"Taman Harmonis, Gombak, Selayang Municipal Council, Gombak, Selangor, Malaysia"
TAMAN HEVEA KEMENSAH,HULU KLANG,Gombak,3.2192651,101.7556217,road,"Jalan Hevea, Hevea Kemensah, Ulu Kelang, Ampang Jaya Municipal Council, Gombak, Selangor, 53100, Malaysia"
TAMAN HIEW PIOW,SEMENYIH,Hulu Langat,2.9596865,101.8429991,scheme,"Taman Hiew Piow, Kajang East, Semenyih, Kajang Municipal Council, Hulu Langat, Selangor, 43500, Malaysia"
TAMAN HIJAU,BANDAR HULU KELANG,Gombak,3.1661797,101.7606018,scheme,"Taman Hijau, Ulu Kelang, Ampang Jaya Municipal Council, Gombak, Selangor, 54200, Malaysia"
TAMAN HIJAU,HULU KLANG,Gombak,3.1661797,101.7606018,scheme,"Taman Hijau, Ulu Kelang, Ampang Jaya Municipal Council, Gombak, Selangor, 54200, Malaysia"
TAMAN HIJAU / GREEN PARK,BANDAR RAWANG,Gombak,3.3232865,101.5779819,road,"Bandar Baru Rawang, Kampung Melayu Pekan Rawang, Rawang, Selayang Municipal Council, Gombak, Selangor, Malaysia"
TAMAN HIJAU / GREEN PARK,RAWANG,Gombak,3.3286872,101.5733031,road,"Jalan NGP 1/1, New Green Park, Kampung Melayu Pekan Rawang, Rawang, Selayang Municipal Council, Gombak, Selangor, 48000,"
TAMAN HIJRAH 2 (P/L 1648),KAPAR,Klang,,,none,
TAMAN HULU LANGAT JAYA (SRI MIJAYA),CHERAS,Hulu Langat,3.1280887,101.7383328,scheme,"UniKL MIDI, Jalan Indah 5, Taman Cheras Indah, Cheras, Ampang, Ampang Jaya Municipal Council, Hulu Langat, Selangor, 515"
TAMAN HULU LANGAT JAYA (SRI MIJAYA),HULU LANGAT,Hulu Langat,3.0682513,101.7825515,scheme,"Taman Hulu Langat Jaya, Kampung Melaka, Kampung Bukit Raya, Kajang Municipal Council, Hulu Langat, Selangor, 43200, Mala"
TAMAN IBU KOTA,MUKIM SETAPAK,Kuala Lumpur,3.2113689,101.7156792,scheme,"Lorong Taman Ibu Kota, Taman Ibukota, Kampung Lee Kong Chian, Kampung Padang Balang, Kuala Lumpur, 53000, Malaysia"
TAMAN IDAMAN BANGI,PEKAN BANGI LAMA,Hulu Langat,,,none,
TAMAN IDAMAN MUTIARA,RAWANG,Gombak,,,none,
TAMAN IDAMAN PUTRA,RAWANG,Gombak,,,none,
TAMAN IJOK DAMAI,PEKAN SIMPANG TIGA IJOK,Kuala Selangor,,,none,
TAMAN IKAN EMAS,PEKAN KUALA SUNGAI BULUH,Kuala Selangor,3.2581328,101.3102194,scheme,"Taman Ikan Emas, Kuala Sungai Buloh, Sasaran, Kuala Selangor, Selangor, Malaysia"
TAMAN ILHAM,BANDAR,Kuala Langat,,,none,
TAMAN ILMU UNISEL,BATANG BERJUNTAI,Kuala Selangor,,,none,
TAMAN IMPIAN (API-API),PEKAN ASAM JAWA,Kuala Selangor,3.2738821,101.2999723,scheme,"Taman Impian, Kampung Pasir Tuntong, Sasaran, Kuala Selangor, Selangor, Malaysia"
TAMAN IMPIAN EHSAN,KAJANG,Hulu Langat,3.0087967,101.755254,scheme,"Taman Perindustrian Alfa Impian, Cheras, Kajang Municipal Council, Hulu Langat, Selangor, Malaysia"
TAMAN IMPIAN PUTRA,PEKAN BANGI LAMA,Hulu Langat,2.8942128,101.7722677,scheme,"Taman Impian Putra, Bangi Lama, Kajang Municipal Council, Hulu Langat, Selangor, Malaysia"
TAMAN IMPIAN VILLA,MUKIM BATU,Kuala Lumpur,3.1973116,101.6799313,road,"Ho Association of Malaysia, 129, Jalan Bukit Berapit, Bamboo Garden, Segambut, Kampung Padang Balang, Kuala Lumpur, 5120"
TAMAN INDAH (KAJANG),KAJANG,Hulu Langat,3.0437461,101.7696376,scheme,"Taman Indah Batu 11, Cheras, Kajang Municipal Council, Hulu Langat, Selangor, Malaysia"
TAMAN INDAH JAYA,BANDAR AMPANG,Hulu Langat,3.1172401,101.8168921,scheme,"Taman Indah Jaya, Kampung Sungai Semungkis, Batu 14 Hulu Langat, Kajang Municipal Council, Hulu Langat, Selangor, Malays"
TAMAN INDAH JAYA,HULU LANGAT,Hulu Langat,3.1172401,101.8168921,scheme,"Taman Indah Jaya, Kampung Sungai Semungkis, Batu 14 Hulu Langat, Kajang Municipal Council, Hulu Langat, Selangor, Malays"
TAMAN INDAH PERDANA/KEPONG PERDANA,BANDAR KEPONG,Gombak,,,none,
TAMAN INDAH PERDANA/KEPONG PERDANA,BANDAR SELAYANG,Gombak,,,none,
TAMAN INTAN 6,PEKAN KAPAR,Klang,,,none,
TAMAN INTAN BAIDURI (P/L 3338),LABU,Sepang,2.8031438,101.7070246,scheme,"Taman Intan Baiduri, Bandar Baru Salak Tinggi, Sepang, Selangor, Malaysia"
TAMAN INTAN BAIDURI (P/LOT 3334),LABU,Sepang,2.8031438,101.7070246,scheme,"Taman Intan Baiduri, Bandar Baru Salak Tinggi, Sepang, Selangor, Malaysia"
TAMAN IRAM PERDANA (P/L 1603),TELOK PANGLIMA GARANG,Kuala Langat,2.9210558,101.4694113,scheme,"Taman Iram Perdana, Teluk Panglima Garang, Kuala Langat, Selangor, Malaysia"
TAMAN IRAM PERDANA (P/L 1606),TELOK PANGLIMA GARANG,Kuala Langat,2.9210558,101.4694113,scheme,"Taman Iram Perdana, Teluk Panglima Garang, Kuala Langat, Selangor, Malaysia"
TAMAN IRAM PERDANA (P/L 1884),TELOK PANGLIMA GARANG,Kuala Langat,2.9210558,101.4694113,scheme,"Taman Iram Perdana, Teluk Panglima Garang, Kuala Langat, Selangor, Malaysia"
TAMAN JASA,BANDAR SELAYANG,Gombak,3.2575682,101.6743468,scheme,"Taman Jasa, Batu Caves, Selayang Municipal Council, Gombak, Selangor, Malaysia"
TAMAN JASA,BATU,Gombak,3.2575682,101.6743468,scheme,"Taman Jasa, Batu Caves, Selayang Municipal Council, Gombak, Selangor, Malaysia"
TAMAN JASA PERWIRA,BANDAR SELAYANG,Gombak,3.2708166,101.6791575,scheme,"Taman Jasa Perwira, Batu Caves, Selayang Municipal Council, Gombak, Selangor, Malaysia"
TAMAN JASA UTAMA,BANDAR SELAYANG,Gombak,3.2721027,101.680657,scheme,"Taman Jasa Utama, Batu Caves, Selayang Municipal Council, Gombak, Selangor, 68100, Malaysia"
TAMAN JASMIN,BANDAR KAJANG,Hulu Langat,2.9821051,101.8109986,scheme,"Taman Jasmin, Kajang 2, Semenyih, Kajang Municipal Council, Hulu Langat, Selangor, Malaysia"
TAMAN JATI,BANDAR RAWANG,Gombak,3.3061574,101.5834888,scheme,"Taman Jati, Kampung Kenanga, Rawang, Selayang Municipal Council, Gombak, Selangor, 48000, Malaysia"
TAMAN JATI,RAWANG,Gombak,3.3061574,101.5834888,scheme,"Taman Jati, Kampung Kenanga, Rawang, Selayang Municipal Council, Gombak, Selangor, 48000, Malaysia"
TAMAN JAYA (CHERAS),CHERAS,Hulu Langat,3.0245431,101.7414556,scheme,"Taman Taming Jaya, Balakong, Cheras, Kajang Municipal Council, Hulu Langat, Selangor, Malaysia"
TAMAN JAYA 2(P/L 1525),PEKAN KAPAR,Klang,2.9569291,101.5343631,scheme,"Taman Jaya, Section 30, Shah Alam, Klang, Selangor, Malaysia"
TAMAN JELITA,BANDAR KAJANG,Hulu Langat,,,none,
TAMAN JELOK RIA,BANDAR KAJANG,Hulu Langat,,,none,
TAMAN JENDERAM AMAN(P/L 5920),DENGKIL,Sepang,2.8832954,101.7109404,scheme,"Taman Jenderam Aman, Dengkil, Sepang, Selangor, Malaysia"
TAMAN JENDERAM IDAMAN,DENGKIL,Sepang,2.8895816,101.7340661,scheme,"Taman Desa Jenderam Hilir 1, Jalan Jenderam - Bangi, Taman Nusa Idaman, Kampung Orang Asli Bukit Dugang, Sepang, Selango"
TAMAN JENDERAM LESTARI,DENGKIL,Sepang,,,none,
TAMAN JENDERAM MUTIARA (DENGKIL),DENGKIL,Sepang,2.8621342,101.6813459,road,"Jalan 2, Taman Baiduri, Kampung Cemperai, Dengkil, Sepang, Selangor, 43800, Malaysia"
TAMAN JENDERAM PRIMA,DENGKIL,Sepang,,,none,
TAMAN JENDERAM SURIA,DENGKIL,Sepang,2.87373,101.6707882,road,"Jalan Kenanga 9, Taman Dengkil Jaya, Dengkil, Sepang, Selangor, 43800, Malaysia"
TAMAN JENJAROM PERMAI (P/L 3597),TANJUNG 12,Kuala Langat,,,none,
TAMAN JINJANG BARU,MUKIM BATU,Kuala Lumpur,3.2048765,101.6595388,scheme,"Kos Sederhana Apartment, Taman Jinjang Baru, Jinjang, Kepong, Kuala Lumpur, Malaysia"
TAMAN JUARA JAYA,CHERAS,Hulu Langat,3.0398657,101.7332111,scheme,"Taman Juara Jaya, Bandar Damai Perdana, Cheras, Kajang Municipal Council, Hulu Langat, Selangor, Malaysia"
"TAMAN JUGRA INDAH, PERMATANG PASIR",PEKAN PERMATANG PASIR,Kuala Langat,,,none,
TAMAN JUGRA UNGGUL,PEKAN SG RABA,Kuala Langat,2.8142516,101.4485627,scheme,"Taman Jugra Unggul, Kampung Seri Jugra, Sungai Raba, Kuala Langat, Selangor, Malaysia"
TAMAN JUTA,BANDAR SELAYANG,Gombak,,,none,
TAMAN KAJANG BARU,KAJANG,Hulu Langat,2.9908074,101.7838535,scheme,"New Kajang Garden, Kampung Sungai Jernih, Kajang Municipal Council, Hulu Langat, Selangor, 43000, Malaysia"
TAMAN KAJANG IMPIAN,BANDAR BARU BANGI,Hulu Langat,2.9750818,101.7701837,scheme,"Taman Kajang Impian, Kampung Kwan Tung Baru, Kajang Municipal Council, Hulu Langat, Selangor, 43000, Malaysia"
TAMAN KAJANG MEWAH,KAJANG,Hulu Langat,2.9747698,101.7771368,scheme,"Taman Kajang Mewah, Kampung Kwan Tung Baru, Kajang Municipal Council, Hulu Langat, Selangor, 43000, Malaysia"
TAMAN KAJANG MULIA,KAJANG,Hulu Langat,2.9991256,101.7986776,scheme,"Taman Kajang Mulia, Sungai Kantan, Kajang Municipal Council, Hulu Langat, Selangor, 43000, Malaysia"
TAMAN KAJANG RAYA,BANDAR BARU BANGI,Hulu Langat,2.9802848,101.7789349,scheme,"Taman Kajang Raya, Kampung Kwan Tung Baru, Kajang Municipal Council, Hulu Langat, Selangor, Malaysia"
TAMAN KAJANG UTAMA,BANDAR KAJANG,Hulu Langat,3.0585135,101.8041303,scheme,"Taman Makmur Playground, Jalan Mutiara Jaya Utama, Bandar Sungai Long, Kajang Municipal Council, Hulu Langat, Selangor, "
TAMAN KAJANG UTAMA,KAJANG,Hulu Langat,2.9720661,101.7960954,scheme,"Taman Kajang Utama, Kajang 2, Kajang Municipal Council, Hulu Langat, Selangor, 43000, Malaysia"
TAMAN KAMARIAH,SETAPAK,Gombak,,,none,
TAMAN KAMPUNG TENGAH,PETALING,Petaling,3.0130944,101.5857552,road,"Jalan Keranji, Kampung Tengah, Puchong, Subang Jaya City Council, Petaling, Selangor, 47100, Malaysia"
TAMAN KANCING JAYA,RAWANG,Gombak,,,none,
TAMAN KANTAN PERMATA,BANDAR KAJANG,Hulu Langat,3.0031554,101.7926566,scheme,"Taman Kantan Permata, Sungai Kantan, Kajang Municipal Council, Hulu Langat, Selangor, Malaysia"
TAMAN KASTURI,BANDAR CHERAS,Hulu Langat,3.0385686,101.7689858,scheme,"TMpoint, Jalan Kasturi 1, Taman Kasturi, Cheras, Kajang Municipal Council, Hulu Langat, Selangor, 43200, Malaysia"
TAMAN KAYU ARA INDAH,SUNGAI BULUH,Petaling,3.1409997,101.6156635,scheme,"Pelangi Utama Condominium, PJU 6, Bandar Utama, Petaling Jaya, Petaling, Selangor, Malaysia"
TAMAN KAYU MANIS,BANDAR KAJANG,Hulu Langat,,,none,
TAMAN KELAB UKAY (BUKIT ANTARABANGSA),BANDAR HULU KELANG,Gombak,3.1949188,101.7729723,scheme,"Taman Kelab Ukay, Bukit Antarabangsa, Ulu Kelang, Ampang Jaya Municipal Council, Gombak, Selangor, 54200, Malaysia"
TAMAN KELANA,KAPAR,Klang,3.0868493,101.3981868,scheme,"Taman Kelana, Batu 5 Klang (Barat), Jalan Kapar, Taman Klang Utama, Klang City, Klang, Selangor, 42100, Malaysia"
TAMAN KELANA IDAMAN-PJU1A,DAMANSARA,Petaling,3.1100463,101.5902323,road,"Jalan PJU 1A/4C, Kelana Idaman, PJU 1A, Ara Damansara, Petaling Jaya, Petaling, Selangor, 47302, Malaysia"
TAMAN KELANA P/L 1110,KAPAR,Klang,,,none,
TAMAN KEMBARA (P/L 1143),KAPAR,Klang,,,none,
TAMAN KEMBARA (P/L 1155),KAPAR,Klang,,,none,
TAMAN KEMBARA (P/L 891),KAPAR,Klang,,,none,
TAMAN KENANGAN,BANDAR RAWANG,Gombak,3.2232323,101.7136669,scheme,"Jalan Taman Utama Kenangan, Taman Perwira, Gombak, Selayang Municipal Council, Gombak, Selangor, 53100, Malaysia"
TAMAN KEPONG INDAH,MUKIM BATU,Kuala Lumpur,3.2280507,101.6398894,scheme,"Taman Kepong Indah, Kepong, Kuala Lumpur, 52100, Malaysia"
TAMAN KERAMAT,BANDAR HULU KELANG,Gombak,3.1677824,101.7401905,scheme,"Taman Keramat (Utara), Jalan Enggang, Taman Seri Keramat, Ulu Kelang, Ampang Jaya Municipal Council, Gombak, Selangor, 5"
TAMAN KERAMAT,HULU KLANG,Gombak,3.1746844,101.749271,scheme,"Taman Sri Keramat (AU 2), Ulu Kelang, Ampang Jaya Municipal Council, Gombak, Selangor, Malaysia"
TAMAN KERAMAT HUJUNG,BANDAR HULU KELANG,Gombak,,,none,
TAMAN KERAMAT PERMAI,BANDAR HULU KELANG,Gombak,3.1738586,101.7402805,scheme,"AU1, Ulu Kelang, Ampang Jaya Municipal Council, Gombak, Selangor, Malaysia"
TAMAN KERAMAT PERMAI,HULU KLANG,Gombak,3.1738586,101.7402805,scheme,"AU1, Ulu Kelang, Ampang Jaya Municipal Council, Gombak, Selangor, Malaysia"
TAMAN KINRARA - SEKSYEN 1,PEKAN PUCHONG JAYA,Petaling,3.0663091,101.6477817,scheme,"Taman Kinrara Seksyen 1, Puchong, Subang Jaya City Council, Petaling, Selangor, Malaysia"
TAMAN KINRARA - SEKSYEN 1,PETALING,Petaling,3.0663091,101.6477817,scheme,"Taman Kinrara Seksyen 1, Puchong, Subang Jaya City Council, Petaling, Selangor, Malaysia"
TAMAN KINRARA - SEKSYEN 2,PEKAN KINRARA,Petaling,3.0660859,101.6435608,scheme,"Taman Kinrara Seksyen 2, Puchong, Subang Jaya City Council, Petaling, Selangor, Malaysia"
TAMAN KINRARA - SEKSYEN 2,PEKAN PUCHONG JAYA,Petaling,3.0660859,101.6435608,scheme,"Taman Kinrara Seksyen 2, Puchong, Subang Jaya City Council, Petaling, Selangor, Malaysia"
TAMAN KINRARA - SEKSYEN 2,PETALING,Petaling,3.0660859,101.6435608,scheme,"Taman Kinrara Seksyen 2, Puchong, Subang Jaya City Council, Petaling, Selangor, Malaysia"
TAMAN KINRARA SEKSYEN 3,PEKAN PUCHONG JAYA,Petaling,3.0623927,101.6378042,scheme,"Taman Kinrara Seksyen 3, Bukit Tandang, Puchong, Subang Jaya City Council, Petaling, Selangor, Malaysia"
TAMAN KINRARA SEKSYEN 3,PETALING,Petaling,3.0623927,101.6378042,scheme,"Taman Kinrara Seksyen 3, Bukit Tandang, Puchong, Subang Jaya City Council, Petaling, Selangor, Malaysia"
TAMAN KIP (MEDA PARK),BANDAR KEPONG,Gombak,3.2050003,101.6035124,scheme,"DTC World Malaysia - Malaysia Premium Gifts Specialist, No. 8, Jalan YTN 3, KIP Industrial Park, Kuala Lumpur, Gombak, S"
TAMAN KOK DOH,MUKIM BATU,Kuala Lumpur,3.1968373,101.6645885,scheme,"Taman Kok Doh, Segambut, Kepong, Kuala Lumpur, 52000, Malaysia"
TAMAN KOK LIAN,MUKIM BATU,Kuala Lumpur,3.2010746,101.6747609,scheme,"Kok Lian Garden, Batu, Kuala Lumpur, 51200, Malaysia"
TAMAN KONTUR KEMENSAH,HULU KLANG,Gombak,3.2185166,101.7549002,road,"Persiaran Kontur, Contours, Ulu Kelang, Ampang Jaya Municipal Council, Gombak, Selangor, 53100, Malaysia"
TAMAN KOPERASI CUEPACS,CHERAS,Hulu Langat,3.0276045,101.7745382,scheme,"Taman Koperasi Cuepacs, Kampung Bukit Dukung, Cheras, Kajang Municipal Council, Hulu Langat, Selangor, 43200, Malaysia"
TAMAN KOPERASI POLIS FASA 1,MUKIM BATU,Kuala Lumpur,3.2192938,101.6953775,scheme,"Taman Koperasi Polis Fasa 1, Kampung Padang Balang, Kuala Lumpur, Malaysia"
TAMAN KOPERASI POLIS FASA 2,MUKIM BATU,Kuala Lumpur,3.2052195,101.673872,road,"Kuarters Jalan Ipoh Jabatan Perhutanan Semenanjung Malaysia, 18, Batu, Kuala Lumpur, Malaysia"
TAMAN KOSAS,BANDAR AMPANG,Hulu Langat,3.1481165,101.7710783,scheme,"Taman Kosas, Kampung Dato Mufti Shuib, Ampang, Ampang Jaya Municipal Council, Hulu Langat, Selangor, Malaysia"
TAMAN KOSMO JAYA,MUKIM SETAPAK,Kuala Lumpur,3.196523,101.6895487,scheme,"Taman Kosmo Jaya, Kampung Chubadak Hulu, Kampung Padang Balang, Kuala Lumpur, 51100, Malaysia"
TAMAN KOTA (CHERAS),CHERAS,Hulu Langat,3.0635393,101.7694081,scheme,"Taman Kota Cheras, Kampung Batu 10, Cheras, Kajang Municipal Council, Hulu Langat, Selangor, 43200, Malaysia"
TAMAN KOTA (CHERAS),PEKAN CHERAS,Hulu Langat,3.0635393,101.7694081,scheme,"Taman Kota Cheras, Kampung Batu 10, Cheras, Kajang Municipal Council, Hulu Langat, Selangor, 43200, Malaysia"
TAMAN KOTA PERDANA,PETALING,Petaling,2.9890301,101.6622287,scheme,"Taman Kota Perdana (Utara), Jalan KP 2/5, Kota Perdana, Putra Permai, Subang Jaya City Council, Petaling, Selangor, 4711"
TAMAN KRISTAL (KELANANG),KELANANG,Kuala Langat,,,none,
TAMAN KUALA SELANGOR PERMAI,BANDAR KUALA SELANGOR,Kuala Selangor,3.3149244,101.2759951,scheme,"Taman Meranti, Jalan Kuala Selangor-Teluk Intan, Taman Rhu Permai, Assam Jawa, Kuala Selangor, Selangor, 45000, Malaysia"
TAMAN KUANG RAYA,PEKAN KUANG,Gombak,3.2618099,101.5509108,scheme,"Taman Kuang Raya, Kuang, Selayang Municipal Council, Gombak, Selangor, Malaysia"
TAMAN KUARZA 16,HULU KLANG,Gombak,3.2229353,101.7559601,road,"Jalan Melawati 7B, 16 Quartz, Ulu Kelang, Ampang Jaya Municipal Council, Gombak, Selangor, 53100, Malaysia"
TAMAN KUCHAI JAYA,MUKIM PETALING,Kuala Lumpur,,,none,
TAMAN LAGENDA MAS,PEKAN CHERAS,Hulu Langat,3.0682873,101.7590779,scheme,"Taman Lagenda Mas, Cheras, Kajang Municipal Council, Hulu Langat, Selangor, 43200, Malaysia"
TAMAN LAKSAMANA,TELOK PANGLIMA GARANG,Kuala Langat,,,none,
TAMAN LAMAN DESA,KELANG,Klang,2.9868834,101.4284943,road,"Jalan Jejawi 12, Park Precinct, Bandar Botanic, Port Klang, Klang City, Klang, Selangor, 41200, Malaysia"
TAMAN LANGAT IDAMAN,TANJUNG 12,Kuala Langat,,,none,
TAMAN LANGAT IMPIAN,TANJUNG 12,Kuala Langat,,,none,
"TAMAN LANGAT INDAH, SG SEDU",PEKAN SUNGAI MANGGIS,Kuala Langat,,,none,
TAMAN LANGAT UTAMA,TANJUNG 12,Kuala Langat,2.8010782,101.6560926,scheme,"Taman Langat Utama, Bukit Changgang, Banting, Kuala Langat, Selangor, 64000, Malaysia"
TAMAN LANGAT UTAMA 1,TANJUNG 12,Kuala Langat,2.8010782,101.6560926,scheme,"Taman Langat Utama, Bukit Changgang, Banting, Kuala Langat, Selangor, 64000, Malaysia"
TAMAN LANGAT UTAMA 2,TANJUNG 12,Kuala Langat,2.8010782,101.6560926,scheme,"Taman Langat Utama, Bukit Changgang, Banting, Kuala Langat, Selangor, 64000, Malaysia"
TAMAN LANGAT UTAMA 3,TANJUNG 12,Kuala Langat,2.8122652,101.6635848,scheme,"Taman Langat Utama 3, Kampung RTB Bukit Changgang, Kuala Langat, Selangor, Malaysia"
TAMAN LANGAT UTAMA 4,TANJUNG 12,Kuala Langat,2.8146105,101.6638461,scheme,"Taman Langat Utama 4, Kampung RTB Bukit Changgang, Kuala Langat, Selangor, Malaysia"
TAMAN LESTARI PUCHONG,PETALING,Petaling,2.993924,101.6518061,scheme,"Taman Lestari Putra, Subang Jaya City Council, Petaling, Selangor, Malaysia"
TAMAN LOMBONG PERAK,KELANG,Klang,,,none,
TAMAN LTAT BUKIT JALIL,MUKIM PETALING,Kuala Lumpur,3.0483687,101.6637869,scheme,"Taman LTAT, No. 3, Bukit Jalil, Kuala Lumpur, Malaysia"
TAMAN MAHSURI INDAH,PEKAN TANJUNG KARANG,Kuala Selangor,,,none,
TAMAN MAJESTIC,BANDAR RAWANG,Gombak,,,none,
TAMAN MAJU JAYA,AMPANG,Hulu Langat,3.1281158,101.744563,scheme,"Taman Maju Jaya, Cheras, Ampang, Ampang Jaya Municipal Council, Hulu Langat, Selangor, Malaysia"
TAMAN MAJU SATU,BANDAR KAJANG,Hulu Langat,,,none,
TAMAN MAJU SATU,KAJANG,Hulu Langat,2.9689932,101.7974383,road,"Jalan Maju, Taman Kajang Utama, Kajang 2, Kajang Municipal Council, Hulu Langat, Selangor, 43000, Malaysia"
TAMAN MALAWATI UTAMA,BANDAR KUALA SELANGOR,Kuala Selangor,3.3186572,101.2611091,scheme,"Taman Malawati Utama, Kuala Selangor, Selangor, Malaysia"
TAMAN MALURI,MUKIM AMPANG,Kuala Lumpur,3.1393715,101.7312,scheme,"Taman Maluri, Maluri, Kampung Pandan, Kuala Lumpur, Malaysia"
TAMAN MAMANDA,TELOK PANGLIMA GARANG,Kuala Langat,,,none,
TAMAN MAS UTAMA (PJU 6A),PEKAN KAYU ARA,Petaling,3.1258496,101.5957878,scheme,"Taman Bukit Mayang Mas, Jalan Bukit Mayang Emas, PJU 1, Ara Damansara, Petaling Jaya, Petaling, Selangor, 47410, Malaysi"
TAMAN MASTIARA,MUKIM BATU,Kuala Lumpur,3.210317,101.6746615,scheme,"Taman Mastiara, Kuala Lumpur, Malaysia"
TAMAN MATANG JAYA,RAWANG,Gombak,3.243106,101.5677153,scheme,"Taman Matang Jaya, Kuang, Selayang Municipal Council, Gombak, Selangor, Malaysia"
TAMAN MAWAR,BANDAR RAWANG,Gombak,3.2988393,101.5925436,scheme,"Taman Mawar, Kampung Sungai Samak, Rawang, Selayang Municipal Council, Gombak, Selangor, Malaysia"
TAMAN MEDAN INDAH,BDR PETALING JAYA SELATAN,Petaling,3.0081844,101.6062287,scheme,"Medan Selera MBSJ Taman Tasik Puchong Perdana, Persiaran Puchong Perdana, Puchong Indah, Puchong Perdana, Puchong, Suban"
TAMAN MEDAN INDAH,TELOK PANGLIMA GARANG,Kuala Langat,2.9245044,101.4707939,scheme,"Taman Medan Indah, Teluk Panglima Garang, Kuala Langat, Selangor, Malaysia"
TAMAN MEGAH (CHERAS),BANDAR CHERAS,Hulu Langat,3.0548644,101.7692357,scheme,"Taman Megah, Kampung Batu 10, Cheras, Kajang Municipal Council, Hulu Langat, Selangor, 43200, Malaysia"
TAMAN MEGAH (CHERAS),CHERAS,Hulu Langat,3.0548644,101.7692357,scheme,"Taman Megah, Kampung Batu 10, Cheras, Kajang Municipal Council, Hulu Langat, Selangor, 43200, Malaysia"
TAMAN MEGAH (KAJANG),BANDAR KAJANG,Hulu Langat,3.0548644,101.7692357,scheme,"Taman Megah, Kampung Batu 10, Cheras, Kajang Municipal Council, Hulu Langat, Selangor, 43200, Malaysia"
TAMAN MEGAH KEPONG,MUKIM BATU,Kuala Lumpur,3.1969205,101.6531476,scheme,"Jalan Taman Sri Segambut, Taman Megah Kepong, Segambut, Kepong, Kuala Lumpur, 52000, Malaysia"
TAMAN MEGAH KEPONG (FLAT KOS RENDAH),MUKIM BATU,Kuala Lumpur,3.1969205,101.6531476,scheme,"Jalan Taman Sri Segambut, Taman Megah Kepong, Segambut, Kepong, Kuala Lumpur, 52000, Malaysia"
TAMAN MEGAH KEPONG(FLAT KOS RENDAH),MUKIM BATU,Kuala Lumpur,3.1969205,101.6531476,scheme,"Jalan Taman Sri Segambut, Taman Megah Kepong, Segambut, Kepong, Kuala Lumpur, 52000, Malaysia"
TAMAN MEGAH MAS,BANDAR PETALING JAYA,Petaling,3.1098398,101.5940638,scheme,"Taman Megah Mas Apartments, PJU 1A, Ara Damansara, Petaling Jaya, Petaling, Selangor, Malaysia"
TAMAN MEGAH MAS,DAMANSARA,Petaling,3.1098398,101.5940638,scheme,"Taman Megah Mas Apartments, PJU 1A, Ara Damansara, Petaling Jaya, Petaling, Selangor, Malaysia"
TAMAN MELATI INDAH,HULU KLANG,Gombak,,,none,
TAMAN MELATI UTAMA CONDO,MUKIM SETAPAK,Kuala Lumpur,,,none,
TAMAN MELATI UTAMA CONDOMINIUM,MUKIM SETAPAK,Kuala Lumpur,,,none,
TAMAN MELAWATI,BANDAR HULU KELANG,Gombak,3.2123691,101.7525948,scheme,"SK Taman Melawati 2, Jalan Bandar 4, Taman Melawati, Ulu Kelang, Ampang Jaya Municipal Council, Gombak, Selangor, 53100,"
TAMAN MELAWATI,HULU KLANG,Gombak,3.2134014,101.7519626,scheme,"Taman Melawati, Ulu Kelang, Ampang Jaya Municipal Council, Gombak, Selangor, Malaysia"
TAMAN MELAWATI,SETAPAK,Gombak,3.2134014,101.7519626,scheme,"Taman Melawati, Ulu Kelang, Ampang Jaya Municipal Council, Gombak, Selangor, Malaysia"
TAMAN MELEWAR,MUKIM BATU,Kuala Lumpur,3.2208179,101.7004984,scheme,"Taman Melewar, Kampung Sungai Mulia, Kampung Padang Balang, Kuala Lumpur, Malaysia"
TAMAN MELUR,SEMENYIH,Hulu Langat,3.120436,101.7718961,scheme,"Taman Melur, Kampung Tasik Tambahan, Ampang, Ampang Jaya Municipal Council, Hulu Langat, Selangor, Malaysia"
TAMAN MENTARI (SEMENYIH),SEMENYIH,Hulu Langat,2.9628277,101.8508293,road,"Jalan Mentari 1, Semenyih, Kajang Municipal Council, Hulu Langat, Selangor, 43500, Malaysia"
TAMAN MERANTI PUTRA,DENGKIL,Sepang,2.87373,101.6707882,road,"Jalan Kenanga 9, Taman Dengkil Jaya, Dengkil, Sepang, Selangor, 43800, Malaysia"
"TAMAN MERBAH, OLAK LEMPIT, BANTING",TANJUNG 12,Kuala Langat,2.8362464,101.5796557,scheme,"Taman Merbah, Banting, Kuala Langat, Selangor, Malaysia"
TAMAN MERU JAYA (P/L 2093),KAPAR,Klang,3.1241281,101.4400273,scheme,"Taman Meru Jaya, Meru, Klang City, Klang, Selangor, 41050, Malaysia"
TAMAN MERU MAKMUR (PL 2246),KAPAR,Klang,,,none,
TAMAN MERU MULIA 2 (P/L 2186) JLN KHAMIS,KAPAR,Klang,,,none,
TAMAN MERU MURNI,KAPAR,Klang,,,none,
TAMAN MERU PERMAI (P/L 1975),KAPAR,Klang,,,none,
TAMAN MERU RIA (P/L 1954),KAPAR,Klang,,,none,
TAMAN MERU RIA 2,KAPAR,Klang,,,none,
TAMAN MERU SEJAHTERA (P/L 2112),KAPAR,Klang,3.1300786,101.4383552,scheme,"Taman Meru Sejahtera, Meru, Klang City, Klang, Selangor, 41050, Malaysia"
TAMAN MESRA,JERAM,Kuala Selangor,,,none,
TAMAN MESRA (KAJANG),KAJANG,Hulu Langat,3.0141096,101.7797525,scheme,"Taman Mesra, Kajang Municipal Council, Hulu Langat, Selangor, 43000, Malaysia"
TAMAN MIDAH,MUKIM KUALA LUMPUR,Kuala Lumpur,3.104286,101.7323396,scheme,"Taman Midah, Jalan Midah 1, Taman Midah, Bandar Tun Razak, Cheras, Kuala Lumpur, 56100, Malaysia"
TAMAN MIHARJA,KUALA LUMPUR TOWN CENTRE,Kuala Lumpur,3.1232492,101.7241411,scheme,"Taman Miharja, Pudu Ulu, Cheras, Kuala Lumpur, Malaysia"
TAMAN MINANG,CHERAS,Hulu Langat,3.0559975,101.7515356,scheme,"Taman Minang, Cheras, Kajang Municipal Council, Hulu Langat, Selangor, Malaysia"
TAMAN MINANG RIA,PEKAN CHERAS,Hulu Langat,,,none,
TAMAN MITCHU HEIGHTS,HULU LANGAT,Hulu Langat,,,none,
TAMAN MUDA,AMPANG,Hulu Langat,3.1199083,101.7612427,scheme,"Taman Muda, Pandan Indah, Ampang, Ampang Jaya Municipal Council, Hulu Langat, Selangor, Malaysia"
TAMAN MUDA,BANDAR AMPANG,Hulu Langat,3.1199083,101.7612427,scheme,"Taman Muda, Pandan Indah, Ampang, Ampang Jaya Municipal Council, Hulu Langat, Selangor, Malaysia"
TAMAN MUHIBBAH,KAJANG,Hulu Langat,2.9951354,101.7778996,scheme,"Taman Muhibbah, Kampung Sungai Jernih, Kajang Municipal Council, Hulu Langat, Selangor, Malaysia"
TAMAN MUHIBBAH(JATI),BANDAR RAWANG,Gombak,3.303433,101.587324,scheme,"Taman Muhibbah, Lorong 4/4, Rawang, Selayang Municipal Council, Gombak, Selangor, 48000, Malaysia"
TAMAN MULIA,MUKIM KUALA LUMPUR,Kuala Lumpur,3.0915289,101.7134231,scheme,"Taman Mulia, Bandar Tun Razak, Cheras, Kuala Lumpur, 56000, Malaysia"
TAMAN MURNI (CHERAS),CHERAS,Hulu Langat,3.059324,101.7675147,scheme,"Taman Murni, Kampung Batu 10, Cheras, Kajang Municipal Council, Hulu Langat, Selangor, 43200, Malaysia"
TAMAN MURNIMAS,TANJUNG 12,Kuala Langat,,,none,
TAMAN MUTIARA GOMBAK,BANDAR SUNGAI BULOH,Gombak,3.2362478,101.7212725,scheme,"Mutiara Gombak 2, Gombak, Selayang Municipal Council, Gombak, Selangor, Malaysia"
TAMAN MUTIARA GOMBAK,BANDAR SUNGAI PUSU,Gombak,3.2362478,101.7212725,scheme,"Mutiara Gombak 2, Gombak, Selayang Municipal Council, Gombak, Selangor, Malaysia"
TAMAN MUTIARA INDAH,PETALING,Petaling,2.991973,101.6357375,scheme,"Taman Mutiara Indah, Bandar Bukit Puchong, Subang Jaya City Council, Petaling, Selangor, Malaysia"
TAMAN MUTIARA KUNDANG,PEKAN PENGKALAN KUNDANG,Gombak,,,none,
TAMAN MUTIARA PUCHONG,PEKAN DESA PUCHONG,Petaling,3.0345712,101.6109226,scheme,"Taman Mutiara Puchong, Puchong, Subang Jaya City Council, Petaling, Selangor, Malaysia"
TAMAN MUTIARA PUCHONG,PETALING,Petaling,3.0345712,101.6109226,scheme,"Taman Mutiara Puchong, Puchong, Subang Jaya City Council, Petaling, Selangor, Malaysia"
TAMAN MUTIARA RINCHING,SEMENYIH,Hulu Langat,2.9202564,101.8618741,scheme,"Taman Mutiara Rinching, Jalan Semenyih, Kampung Rinching Hulu, Semenyih, Kajang Municipal Council, Hulu Langat, Selangor"
TAMAN MUTIARA SUBANG (PEKAN BATU 3),PEKAN BATU TIGA,Petaling,3.0725892,101.5606135,scheme,"Taman Mutiara Subang, Subang Hi-Tech, Batu Tiga, Subang Jaya City Council, Petaling, Selangor, 47500, Malaysia"
TAMAN MUTIARA SUBANG (PEKAN BATU 3),SUNGAI BULUH,Petaling,3.0725892,101.5606135,scheme,"Taman Mutiara Subang, Subang Hi-Tech, Batu Tiga, Subang Jaya City Council, Petaling, Selangor, 47500, Malaysia"
TAMAN NADAYU,HULU KLANG,Gombak,3.2260018,101.7535856,road,"Persiaran Nadayu 1, Ulu Kelang, Ampang Jaya Municipal Council, Gombak, Selangor, 53100, Malaysia"
TAMAN NAGA EMAS,MUKIM PETALING,Kuala Lumpur,3.0777183,101.6995333,scheme,"Taman Naga Emas, Jalan Naga Emas, Taman Naga Emas, Sri Petaling, Kuala Lumpur, 57000, Malaysia"
TAMAN NAKHODA,TELOK PANGLIMA GARANG,Kuala Langat,,,none,
TAMAN NAM FONG,MUKIM PETALING,Kuala Lumpur,3.0748358,101.6582521,scheme,"Taman Nam Fong, Overseas Union Garden, Kuala Lumpur, Malaysia"
TAMAN NILAM,BANDAR BANTING,Kuala Langat,,,none,
TAMAN NILAM,TANJUNG 12,Kuala Langat,,,none,
TAMAN NIRWANA,AMPANG,Hulu Langat,3.1452664,101.752442,scheme,"Taman Nirwana, Kampung Pandan Dalam, Ampang, Ampang Jaya Municipal Council, Hulu Langat, Selangor, Malaysia"
TAMAN NOVA MUTIARA,CHERAS,Hulu Langat,,,none,
TAMAN NUSA IDAMAN,DENGKIL,Sepang,2.9005855,101.7296228,scheme,"Taman Nusa Idaman, Sepang, Selangor, 63450, Malaysia"
TAMAN NUSA SUBANG,SUNGAI BULUH,Petaling,3.1681269,101.5461084,scheme,"Taman Nusa Subang, Section U5, Shah Alam, Petaling, Selangor, Malaysia"
TAMAN NUSA TROPIKA,BANDAR HULU KELANG,Gombak,,,none,
TAMAN NUSAPUTRA TIMUR (REFLEXION),DENGKIL,Sepang,2.938535,101.6248693,scheme,"Reflexion Puchong, Sepang, Selangor, Malaysia"
TAMAN ORKID (BANTING),KELANANG,Kuala Langat,2.7892183,101.5029728,scheme,"Taman Orkid, Banting, Kuala Langat, Selangor, Malaysia"
TAMAN ORKID (P/L 521),KELANANG,Kuala Langat,2.7892183,101.5029728,scheme,"Taman Orkid, Banting, Kuala Langat, Selangor, Malaysia"
TAMAN ORKID (P/L 574),KELANANG,Kuala Langat,2.7892183,101.5029728,scheme,"Taman Orkid, Banting, Kuala Langat, Selangor, Malaysia"
TAMAN ORKID DESA,MUKIM PETALING,Kuala Lumpur,3.0754393,101.7305335,scheme,"Bukit Besi (Taman Orkid Desa Fasa 2 trailhead), Jalan 32/142, Taman Orkid Desa Fasa 2, Cheras, Kuala Lumpur, 56000, Mala"
TAMAN P.RAMLEE  (TAMAN FURLONG),MUKIM SETAPAK,Kuala Lumpur,3.1942967,101.7089423,scheme,"Taman P. Ramlee, Setapak, Kuala Lumpur, Malaysia"
TAMAN PANDAN CAHAYA,BANDAR AMPANG,Hulu Langat,,,none,
TAMAN PANDAN INDAH,AMPANG,Hulu Langat,3.1284475,101.768078,scheme,"Taman Komersial Pandan Indah, Kampung Tasik Tambahan, Ampang, Ampang Jaya Municipal Council, Hulu Langat, Selangor, Mala"
TAMAN PANDAN INDAH,BANDAR AMPANG,Hulu Langat,3.1284475,101.768078,scheme,"Taman Komersial Pandan Indah, Kampung Tasik Tambahan, Ampang, Ampang Jaya Municipal Council, Hulu Langat, Selangor, Mala"
TAMAN PANDAN INDAH (GRANDEUR TOWER),BANDAR AMPANG,Hulu Langat,3.1284475,101.768078,scheme,"Taman Komersial Pandan Indah, Kampung Tasik Tambahan, Ampang, Ampang Jaya Municipal Council, Hulu Langat, Selangor, Mala"
TAMAN PANDAN INDAH (VILLA PANDAN),BANDAR AMPANG,Hulu Langat,3.1284475,101.768078,scheme,"Taman Komersial Pandan Indah, Kampung Tasik Tambahan, Ampang, Ampang Jaya Municipal Council, Hulu Langat, Selangor, Mala"
TAMAN PANDAN JAYA,AMPANG,Hulu Langat,3.1360784,101.7434252,scheme,"Taman Pandan Jaya, Pandan Indah, Ampang, Ampang Jaya Municipal Council, Hulu Langat, Selangor, 51500, Malaysia"
TAMAN PANDAN JAYA,BANDAR AMPANG,Hulu Langat,3.1360784,101.7434252,scheme,"Taman Pandan Jaya, Pandan Indah, Ampang, Ampang Jaya Municipal Council, Hulu Langat, Selangor, 51500, Malaysia"
TAMAN PANDAN MAS,BANDAR AMPANG,Hulu Langat,,,none,
TAMAN PANDAN MESRA,BANDAR AMPANG,Hulu Langat,3.1322692,101.7725685,scheme,"Taman Pandan Mesra, Kampung Indah Permai, Kampung Sri Taman Baru, Ampang, Ampang Jaya Municipal Council, Hulu Langat, Se"
TAMAN PANDAN MEWAH,BANDAR AMPANG,Hulu Langat,3.1246915,101.7677499,scheme,"Tabika Kemas Taman Sri Raya, Jalan 5/9, Pandan Mewah, Kampung Tasik Tambahan, Ampang, Ampang Jaya Municipal Council, Hul"
TAMAN PANDAN PERDANA,AMPANG,Hulu Langat,3.1191629,101.7497002,scheme,"Taman Kencana, Pandan Perdana, Ampang, Ampang Jaya Municipal Council, Hulu Langat, Selangor, 55300, Malaysia"
TAMAN PANDAN PERDANA,BANDAR AMPANG,Hulu Langat,3.1280887,101.7383328,scheme,"UniKL MIDI, Jalan Indah 5, Taman Cheras Indah, Cheras, Ampang, Ampang Jaya Municipal Council, Hulu Langat, Selangor, 515"
TAMAN PARI,PEKAN KUALA SUNGAI BULUH,Kuala Selangor,3.2641082,101.3009988,scheme,"Taman Pari, Sasaran, Kuala Selangor, Selangor, Malaysia"
TAMAN PASIR MAS,KAJANG,Hulu Langat,2.9833936,101.7851623,road,"Jalan Pasir Emas 3, Taman Pasir Emas, Kampung Kwan Tung Baru, Kajang Municipal Council, Hulu Langat, Selangor, 43000, Ma"
TAMAN PASIR PERMATA,MUKIM PETALING,Kuala Lumpur,,,none,
TAMAN PELANGI,RAWANG,Gombak,3.2961391,101.554226,scheme,"Taman Pelangi, Rawang, Selayang Municipal Council, Gombak, Selangor, 48000, Malaysia"
TAMAN PELANGI JAYA,MUKIM SETAPAK,Kuala Lumpur,3.2081634,101.6941341,scheme,"Taman Pelangi Jaya, Kampung Bandar Dalam, Kampung Padang Balang, Kuala Lumpur, 53000, Malaysia"
TAMAN PELANGI SEMENYIH,SEMENYIH,Hulu Langat,2.9308226,101.8596387,scheme,"Taman Pelangi Semenyih, Pelangi Semenyih, Semenyih, Kajang Municipal Council, Hulu Langat, Selangor, 43500, Malaysia"
TAMAN PENGGAWA,API-API,Kuala Selangor,3.3244359,101.2653304,scheme,"Taman Penggawa, Kuala Selangor, Selangor, Malaysia"
TAMAN PERINDUSTRIAN HIJAU,BANDAR RAWANG,Gombak,,,none,
TAMAN PERKASA,HULU LANGAT,Hulu Langat,3.1026043,101.798395,scheme,"Taman Perkasa, Batu 14 Hulu Langat, Kajang Municipal Council, Hulu Langat, Selangor, 43100, Malaysia"
TAMAN PERKASA INDAH,HULU LANGAT,Hulu Langat,3.1005669,101.7996395,road,"Jalan Perkasa Indah 2, Taman Perkasa, Kampung Sungai Serai, Batu 14 Hulu Langat, Kajang Municipal Council, Hulu Langat, "
TAMAN PERMATA,BANDAR HULU KELANG,Gombak,3.20763,101.7523592,scheme,"Taman Permata, Ulu Kelang, Ampang Jaya Municipal Council, Gombak, Selangor, 53300, Malaysia"
TAMAN PERMATA,SETAPAK,Gombak,3.20763,101.7523592,scheme,"Taman Permata, Ulu Kelang, Ampang Jaya Municipal Council, Gombak, Selangor, 53300, Malaysia"
TAMAN PERSIARAN DESA,KUALA LUMPUR TOWN CENTRE,Kuala Lumpur,3.1167233,101.6672651,scheme,"University Of Tsukuba, Malaysia, Persiaran Pantai Baharu, Pantai Baru, Bangsar, Kuala Lumpur, 50614, Malaysia"
TAMAN PERSIARAN MASJID SULTAN 8,KELANG,Klang,,,none,
TAMAN PERTAMA,MUKIM KUALA LUMPUR,Kuala Lumpur,3.1127246,101.7292803,scheme,"Taman Pertama, Jalan Cheras, Taman Tenaga, Pudu Ulu, Cheras, Kuala Lumpur, 56100, Malaysia"
TAMAN PERWIRA / TAMAN SETIA GOMBAK,BANDAR GOMBAK SETIA,Gombak,3.2255762,101.7210414,scheme,"Jalan Taman Cemerlang 2A/1, Taman Setia, Gombak, Selayang Municipal Council, Gombak, Selangor, 53100, Malaysia"
TAMAN PERWIRA / TAMAN SETIA GOMBAK,SETAPAK,Gombak,3.2255762,101.7210414,scheme,"Jalan Taman Cemerlang 2A/1, Taman Setia, Gombak, Selayang Municipal Council, Gombak, Selangor, 53100, Malaysia"
TAMAN PESONA IDAMAN,DENGKIL,Sepang,,,none,
TAMAN PINGGIRAN CHERAS,BANDAR AMPANG,Hulu Langat,3.0389114,101.7880414,scheme,"Taman Pinggiran Sungai Long, Bandar Mahkota Cheras, Kajang Municipal Council, Hulu Langat, Selangor, 43000, Malaysia"
TAMAN PINGGIRAN DELIMA,HULU LANGAT,Hulu Langat,3.1221983,101.8092756,scheme,"Taman Pinggiran Delima, Batu 14 Hulu Langat, Kajang Municipal Council, Hulu Langat, Selangor, 43100, Malaysia"
TAMAN PINGGIRAN INDAH,BANDAR SELAYANG,Gombak,,,none,
TAMAN PINGGIRAN INDAH,BATU,Gombak,3.2518984,101.6919203,road,"Jalan TPI 5/5, Taman Gombak Permai 1, Batu Caves, Selayang Municipal Council, Gombak, Selangor, 65100, Malaysia"
TAMAN PINGGIRAN INDAH(RUMAH KOS RENDAH),BANDAR SELAYANG,Gombak,,,none,
TAMAN PINGGIRAN PELANGI,RAWANG,Gombak,3.2974025,101.5512572,road,"Jalan TPP 2/1, Taman Pelangi, Rawang, Selayang Municipal Council, Gombak, Selangor, 48000, Malaysia"
TAMAN PINGGIRAN PERMATA,BANDAR SELAYANG,Gombak,3.2656867,101.6705753,road,"Jalan 4/10, Bandar Baru Selayang, Batu Caves, Selayang Municipal Council, Gombak, Selangor, 68100, Malaysia"
TAMAN PINGGIRAN PUTRA - SEKSYEN 2,PETALING,Petaling,2.9940928,101.679863,road,"Jalan Pinggiran 1/6, Taman Pinggiran Putra, Putra Permai, Subang Jaya City Council, Petaling, Selangor, 62300, Malaysia"
TAMAN PLATINUM DENGKIL,DENGKIL,Sepang,,,none,
TAMAN PRIMA PELANGI,MUKIM BATU,Kuala Lumpur,3.1779224,101.6479648,scheme,"Taman Prima Pelangi, Segambut, Kepong, Kuala Lumpur, Malaysia"
TAMAN PRIMA SAUJANA,BANDAR KAJANG,Hulu Langat,,,none,
TAMAN PRIMA TROPIKA,DENGKIL,Sepang,2.9786893,101.6661294,scheme,"Taman Prima Tropika, Sepang, Selangor, Malaysia"
TAMAN PUCHONG IMPIAN,PETALING,Petaling,2.9952216,101.6256941,scheme,"Taman Puchong Impian, Bandar Bukit Puchong, Subang Jaya City Council, Petaling, Selangor, Malaysia"
TAMAN PUCHONG INDAH,MUKIM PETALING,Kuala Lumpur,3.072431,101.6916293,road,"Jalan Sri Petaling 12, Zone F, Sri Petaling, Kuala Lumpur, 57000, Malaysia"
TAMAN PUCHONG TEKALI,PETALING,Petaling,2.9821595,101.5942596,scheme,"Taman Puchong Tekali, Bandar Puchong Utama, Subang Jaya City Council, Petaling, Selangor, Malaysia"
TAMAN PUNCAK JALIL,PETALING,Petaling,3.0194773,101.6762985,scheme,"Puncak Jalil, Seri Kembangan, Subang Jaya City Council, Petaling, Selangor, 43300, Malaysia"
TAMAN PUNCAK UTAMA,BANDAR HULU KELANG,Gombak,3.1749355,101.7664888,scheme,"Taman Puncak Bukit Utama Fasa 1, Bukit Antarabangsa, Ulu Kelang, Ampang Jaya Municipal Council, Gombak, Selangor, 54200,"
TAMAN PUTERI IMPIAN-PJU 3,BDR DAMANSARA,Petaling,,,none,
TAMAN PUTERI SUBANG,SUNGAI BULUH,Petaling,3.1671788,101.5342619,scheme,"Taman Puteri Subang, Persiaran Galaksi, Subang Galaksi, Section U5, Shah Alam, Petaling, Selangor, 40800, Malaysia"
TAMAN PUTRA,RAWANG,Gombak,3.3194995,101.5852526,scheme,"Pangsapuri Taman Bukit Rawang Putra, Kampung Kenanga, Rawang, Selayang Municipal Council, Gombak, Selangor, Malaysia"
TAMAN PUTRA (AMPANG),AMPANG,Hulu Langat,3.1209003,101.7660475,scheme,"Taman Putra, Kampung Tasik Tambahan, Ampang, Ampang Jaya Municipal Council, Hulu Langat, Selangor, Malaysia"
TAMAN PUTRA SULAIMAN,BANDAR AMPANG,Hulu Langat,3.1520482,101.7504944,scheme,"Taman Putra Sulaiman, Kampung Pandan Dalam, Ampang, Ampang Jaya Municipal Council, Hulu Langat, Selangor, 68000, Malaysi"
TAMAN PUTRI JAYA,PEKAN CHERAS,Hulu Langat,3.0653923,101.7622685,scheme,"Taman Putri Jaya, Cheras, Kajang Municipal Council, Hulu Langat, Selangor, 43200, Malaysia"
TAMAN RAFLESIA,CHERAS,Hulu Langat,,,none,
"TAMAN RAHMAT JAYA, KUNDANG",PEKAN PENGKALAN KUNDANG,Gombak,3.2613938,101.5193458,scheme,"Taman Rahmat Jaya Kundang, Jalan Besar Kundang, Kuang, Selayang Municipal Council, Gombak, Selangor, 48050, Malaysia"
TAMAN RAINBOW,MUKIM BATU,Kuala Lumpur,3.1948768,101.6817327,scheme,"Rainbow Garden, Batu, Kuala Lumpur, 51200, Malaysia"
TAMAN RAINTREE,BANDAR SELAYANG,Gombak,3.245374,101.6823922,scheme,"Taman Raintree (Kondominium Semarak / Penaga), Kampung Laksamana, Batu Caves, Selayang Municipal Council, Gombak, Selang"
TAMAN RAKAN,BANDAR CHERAS,Hulu Langat,3.0342947,101.7829614,scheme,"Taman Rakan, Cheras, Kajang Municipal Council, Hulu Langat, Selangor, 43000, Malaysia"
TAMAN RAKYAT,MUKIM KUALA LUMPUR,Kuala Lumpur,3.1047087,101.7445419,scheme,"Taman Rakyat, Taman Cheras, Cheras, Kuala Lumpur, 56100, Malaysia"
TAMAN RAMAL HARMONI,KAJANG,Hulu Langat,2.9748266,101.7657216,road,"Jalan Ramal Harmoni 1, Kampung Sungai Ramal Dalam, Kajang Municipal Council, Hulu Langat, Selangor, 43000, Malaysia"
TAMAN RAMAL KLASIK,KAJANG,Hulu Langat,,,none,
TAMAN RAMAL ROS,KAJANG,Hulu Langat,2.9746121,101.7587725,scheme,"Taman Ramal Ros, Kampung Sungai Ramal Dalam, Kajang Municipal Council, Hulu Langat, Selangor, Malaysia"
TAMAN RASMI JAYA,HULU KLANG,Gombak,3.153695,101.7695897,scheme,"Taman Rasmi Jaya, Ulu Kelang, Ampang Jaya Municipal Council, Gombak, Selangor, Malaysia"
TAMAN RAWANG,RAWANG,Gombak,3.3197391,101.5653735,scheme,"Taman Sri Rawang, Kota Emerald, Rawang, Selayang Municipal Council, Gombak, Selangor, 48000, Malaysia"
TAMAN RAWANG JAYA,RAWANG,Gombak,3.3332064,101.5723868,scheme,"Taman Rawang Jaya, Kampung Melayu Pekan Rawang, Rawang, Selayang Municipal Council, Gombak, Selangor, Malaysia"
TAMAN RAWANG MUTIARA,BANDAR RAWANG,Gombak,,,none,
TAMAN RAWANG PERDANA,BANDAR RAWANG,Gombak,3.3190793,101.5916511,scheme,"Taman Rawang Perdana, Jalan RP, Kampung Kenanga, Rawang, Selayang Municipal Council, Gombak, Selangor, 48000, Malaysia"
TAMAN RAWANG PERDANA,RAWANG,Gombak,3.3190793,101.5916511,scheme,"Taman Rawang Perdana, Jalan RP, Kampung Kenanga, Rawang, Selayang Municipal Council, Gombak, Selangor, 48000, Malaysia"
TAMAN RAWANG TIN,BANDAR RAWANG,Gombak,3.3188743,101.5735926,scheme,"Taman Rawang Tin, Kampung Melayu Pekan Rawang, Rawang, Selayang Municipal Council, Gombak, Selangor, 48000, Malaysia"
TAMAN REGENSI RAWANG,RAWANG,Gombak,3.3402012,101.5181727,road,"Jalan RGP, Saujana Rawang, Bandar Country Homes, Selayang Municipal Council, Gombak, Selangor, 48000, Malaysia"
TAMAN RESIDEN TIARA,BANDAR SELAYANG,Gombak,3.2535541,101.6492437,road,"Jalan 3/9, Puncak Templer, Bandar Baru Selayang, Batu Caves, Selayang Municipal Council, Gombak, Selangor, 68100, Malays"
TAMAN RIMBAYU,TANJUNG 12,Kuala Langat,,,none,
TAMAN RIMBUNAN KELUBI,HULU LANGAT,Hulu Langat,,,none,
TAMAN ROWTHER,MUKIM BATU,Kuala Lumpur,3.2199085,101.6979501,scheme,"Taman Rowther, Kampung Sungai Mulia, Kampung Padang Balang, Kuala Lumpur, Malaysia"
TAMAN RUBY,DENGKIL,Sepang,,,none,
TAMAN SAGA,BANDAR AMPANG,Hulu Langat,3.1144672,101.7717533,scheme,"Taman Saga, Ampang, Ampang Jaya Municipal Council, Hulu Langat, Selangor, Malaysia"
TAMAN SAHABAT,PEKAN TANJUNG KARANG,Kuala Selangor,,,none,
TAMAN SAHABAT,SETAPAK,Gombak,,,none,
TAMAN SALAK BUDI,LABU,Sepang,2.785084,101.7140806,road,"Jalan 6, Kampung Labu Lanjut, Bandar Baru Salak Tinggi, Sepang, Selangor, 64000, Malaysia"
TAMAN SALAK CEMARA (LABU),LABU,Sepang,,,none,
TAMAN SALAK INDAH,LABU,Sepang,2.8275071,101.7290089,scheme,"Medan Selera Taman Seroja, Jalan Seroja Indah, Taman Seroja, Bandar Baru Salak Tinggi, Sepang, Selangor, 43900, Malaysia"
TAMAN SALAK PERSONA,LABU,Sepang,,,none,
TAMAN SALAK PUTRA,PEKAN SALAK,Sepang,,,none,
TAMAN SAMUDRA,BANDAR SELAYANG,Gombak,3.2333704,101.7000983,scheme,"Flat Taman Samudra, Gombak, Selayang Municipal Council, Gombak, Selangor, Malaysia"
TAMAN SAMUDRA,BATU,Gombak,3.2312405,101.6928129,scheme,"Taman Sinar Samudra, Batu Caves, Selayang Municipal Council, Gombak, Selangor, Malaysia"
TAMAN SAMUDRA TERES BATU,BANDAR SELAYANG,Gombak,3.2690086,101.6532426,road,"Jalan SH 2, Bandar Baru Selayang, Batu Caves, Selayang Municipal Council, Gombak, Selangor, 68100, Malaysia"
TAMAN SARI,RAWANG,Gombak,,,none,
TAMAN SAUJANA BALAKONG,PEKAN KAJANG,Hulu Langat,,,none,
TAMAN SAUJANA KLIA,DENGKIL,Sepang,,,none,
TAMAN SAUJANA PERMAI,KAJANG,Hulu Langat,3.1315831,101.7881068,scheme,"Hentian Taman Mulia Jaya, Jalan Persiaran Saujana, Taman Mulia Jaya, Kampung Indah Permai, Kampung Lembah Jaya Selatan, "
TAMAN SAUJANA PUCHONG,PEKAN PUCHONG PERDANA,Petaling,2.9940005,101.6391891,scheme,"Taman Saujana Puchong, Subang Jaya City Council, Petaling, Selangor, Malaysia"
TAMAN SAUJANA PUCHONG,PETALING,Petaling,2.9940005,101.6391891,scheme,"Taman Saujana Puchong, Subang Jaya City Council, Petaling, Selangor, Malaysia"
TAMAN SAUJANA RAWANG,RAWANG,Gombak,3.3324688,101.5145885,scheme,"PE Taman Aquila l Saujana Rawang, Jalan SR 5/1, Bandar Country Homes, Selayang Municipal Council, Gombak, Selangor, Mala"
TAMAN SEGAR PERDANA,CHERAS,Hulu Langat,3.0926631,101.7618732,scheme,"Taman Segar Perdana, Cheras, Kajang Municipal Council, Hulu Langat, Selangor, 56100, Malaysia"
TAMAN SEJAHTERA,MUKIM BATU,Kuala Lumpur,3.1930882,101.666984,scheme,"Taman Sejahtera, Segambut, Kepong, Kuala Lumpur, 51200, Malaysia"
TAMAN SEJATI KEHIJAUAN,KELANG,Klang,,,none,
TAMAN SELASEH,BANDAR SELAYANG,Gombak,3.2304607,101.6967145,scheme,"Taman Selaseh Fasa 2, Batu Caves, Selayang Municipal Council, Gombak, Selangor, Malaysia"
TAMAN SELASEH,BATU,Gombak,3.2304607,101.6967145,scheme,"Taman Selaseh Fasa 2, Batu Caves, Selayang Municipal Council, Gombak, Selangor, Malaysia"
TAMAN SELAYANG BAHAGIA,BANDAR SELAYANG,Gombak,3.2361967,101.6529153,scheme,"Taman Selayang Bahagia, Batu Caves, Selayang Municipal Council, Gombak, Selangor, Malaysia"
TAMAN SELAYANG BAHAGIA,BATU,Gombak,3.2361967,101.6529153,scheme,"Taman Selayang Bahagia, Batu Caves, Selayang Municipal Council, Gombak, Selangor, Malaysia"
TAMAN SELAYANG BARU,BANDAR SELAYANG,Gombak,3.2616274,101.6518918,scheme,"Taman Pinggiran Templer (Utara), Persiaran 1, Persiaran 1, Puncak Templer, Bandar Baru Selayang, Batu Caves, Selayang Mu"
TAMAN SELAYANG BARU,BATU,Gombak,3.2509005,101.6587209,scheme,"Taman Selayang Baru, Batu Caves, Selayang Municipal Council, Gombak, Selangor, 68100, Malaysia"
TAMAN SELAYANG INDAH,BATU,Gombak,3.2375013,101.653917,scheme,"Taman Selayang Indah, Batu Caves, Selayang Municipal Council, Gombak, Selangor, Malaysia"
TAMAN SELAYANG JAYA,BANDAR SELAYANG,Gombak,3.2391441,101.6514063,scheme,"Taman Selayang Jaya, Batu Caves, Selayang Municipal Council, Gombak, Selangor, 68100, Malaysia"
TAMAN SELAYANG JAYA,BATU,Gombak,3.2391441,101.6514063,scheme,"Taman Selayang Jaya, Batu Caves, Selayang Municipal Council, Gombak, Selangor, 68100, Malaysia"
TAMAN SELAYANG MAKMUR,BANDAR SELAYANG,Gombak,3.2530813,101.7356842,scheme,"International Islamic University Malaysia, Jalan Gombak, Taman Permai Jaya, Kampung Gombak Utara, Gombak, Selayang Munic"
TAMAN SELAYANG MULIA,BANDAR SELAYANG,Gombak,3.2685917,101.6765282,road,"Jalan SM 1/1, Bandar Baru Selayang, Batu Caves, Selayang Municipal Council, Gombak, Selangor, 68100, Malaysia"
TAMAN SELAYANG MUTIARA,BANDAR SELAYANG,Gombak,3.2604182,101.6734851,scheme,"Taman Selayang Mutiara, Jalan Sungai Tua, Batu Caves, Selayang Municipal Council, Gombak, Selangor, 68100, Malaysia"
TAMAN SELAYANG PERMAI,BANDAR SELAYANG,Gombak,3.2530813,101.7356842,scheme,"International Islamic University Malaysia, Jalan Gombak, Taman Permai Jaya, Kampung Gombak Utara, Gombak, Selayang Munic"
TAMAN SELAYANG PERMAI,BATU,Gombak,3.2492899,101.6971218,scheme,"Seri Gombak Garden Phase 10, Jalan Permai, Taman Sri Gombak, Batu Caves, Selayang Municipal Council, Gombak, Selangor, 6"
TAMAN SELAYANG PERMATA,BANDAR SELAYANG,Gombak,,,none,
TAMAN SELAYANG PKNS,BANDAR SELAYANG,Gombak,3.2553269,101.6581348,road,"Jalan 2, Bandar Baru Selayang, Batu Caves, Selayang Municipal Council, Gombak, Selangor, 68100, Malaysia"
TAMAN SELAYANG SEGAR,BANDAR SELAYANG,Gombak,3.2517893,101.6600461,scheme,"Taman Selayang Segar, Jalan Besar, Jalan Besar, Taman Selayang Baru, Batu Caves, Selayang Municipal Council, Gombak, Sel"
TAMAN SELAYANG SEJATI,BANDAR SELAYANG,Gombak,3.2530182,101.6710175,scheme,"Taman Selayang Sejati, Kampung Laksamana, Batu Caves, Selayang Municipal Council, Gombak, Selangor, Malaysia"
TAMAN SELAYANG UTAMA,BANDAR SELAYANG,Gombak,3.3306591,101.5265342,scheme,"SK Taman Desa 2, Jalan Desa Utama, Bandar Country Homes, Selayang Municipal Council, Gombak, Selangor, 48000, Malaysia"
TAMAN SELAYANG UTAMA,BATU,Gombak,3.2390081,101.6466772,scheme,"Taman Selayang Utama (Utara), Jalan Taman Selayang Jaya, Taman Selayang Jaya, Batu Caves, Selayang Municipal Council, Go"
TAMAN SELESA,PEKAN ASAM JAWA,Kuala Selangor,3.2861497,101.296958,scheme,"Taman Selesa, Kampung Api-Api, Kuala Selangor, Selangor, Malaysia"
TAMAN SEMARAK WARISAN,BARU BARU SALAK TINGGI,Sepang,2.8112861,101.7026693,scheme,"Taman Semarak Warisan, Kampung Kelinsing, Bandar Baru Salak Tinggi, Sepang, Selangor, Malaysia"
TAMAN SEMARAK WARISAN,PEKAN BARU SALAK TINGGI,Sepang,2.8112861,101.7026693,scheme,"Taman Semarak Warisan, Kampung Kelinsing, Bandar Baru Salak Tinggi, Sepang, Selangor, Malaysia"
TAMAN SEMARANG INDAH,DENGKIL,Sepang,2.8636863,101.6975679,road,"Jalan SI 1, Kampung Lalang, Dengkil, Sepang, Selangor, 43800, Malaysia"
TAMAN SEMARANG INTAN,DENGKIL,Sepang,2.8652297,101.6971343,road,"Jalan SI, Kampung Lalang, Dengkil, Sepang, Selangor, 43800, Malaysia"
TAMAN SEMARANG INTAN (LOT 2746),DENGKIL,Sepang,2.8674811,101.6962839,road,"Jalan SI 18, Kampung Semarang, Dengkil, Sepang, Selangor, 43800, Malaysia"
TAMAN SEMARANG INTAN (P/L 2770),DENGKIL,Sepang,2.8571712,101.7031094,road,"Jalan Aman Serenia 5/1, Serenia Amani, Serenia City, Kampung Ampar Tenang, Dengkil, Sepang, Selangor, 43800, Malaysia"
TAMAN SEMARANG MUTIARA,DENGKIL,Sepang,2.8737873,101.6900719,road,"Jalan SM 1, Kampung Semarang, Dengkil, Sepang, Selangor, 43800, Malaysia"
TAMAN SEMARANG TROPIKA,DENGKIL,Sepang,2.8556745,101.6840975,road,"Taman Seri Delima, Jalan Kajang - Dengkil, Jalan Seri Delima 1, Taman Seri Delima, Kampung Orang Asli Bukit Tampoi, Deng"
TAMAN SEMENYIH INDAH,PEKAN SEMENYIH,Hulu Langat,,,none,
TAMAN SEMENYIH MEWAH,SEMENYIH,Hulu Langat,2.9504915,101.8238995,scheme,"The Garden @ Taman Semenyih Mewah Fasa 4, Semenyih, Kajang Municipal Council, Hulu Langat, Selangor, Malaysia"
TAMAN SEMENYIH PERMAI,SEMENYIH,Hulu Langat,2.9287949,101.8292487,road,"Jalan Permai 1, Semenyih, Kajang Municipal Council, Hulu Langat, Selangor, 43700, Malaysia"
TAMAN SEMPURNA JAYA (BROGA NIA HOMES),PEKAN SEMENYIH,Hulu Langat,,,none,
TAMAN SENDAYU RAWANG,RAWANG,Gombak,,,none,
TAMAN SENTOSA,DENGKIL,Sepang,2.9168527,101.7509221,scheme,"Taman Sentosa Mekar, Kampung Desa Putra, Sepang, Selangor, 63450, Malaysia"
TAMAN SENTOSA,SEPANG,Sepang,2.9168527,101.7509221,scheme,"Taman Sentosa Mekar, Kampung Desa Putra, Sepang, Selangor, 63450, Malaysia"
TAMAN SENTOSA DAMAI,DENGKIL,Sepang,2.8590726,101.691103,road,"Jalan 4, Taman Gemilang, Kampung Lalang, Dengkil, Sepang, Selangor, 43800, Malaysia"
TAMAN SENTOSA P/L 10471,KELANG,Klang,,,none,
TAMAN SEPAKAT INDAH,BANDAR BARU BANGI,Hulu Langat,2.9756067,101.7799687,scheme,"Jalan Taman Putra Kajang, Taman Sri Kejora, Kampung Kwan Tung Baru, Kajang Municipal Council, Hulu Langat, Selangor, 430"
TAMAN SERDANG RAYA SEK 7,PEKAN SERDANG,Petaling,3.0377717,101.7037317,scheme,"Serdang Raya, Seri Kembangan, Subang Jaya City Council, Petaling, Selangor, 43300, Malaysia"
TAMAN SERI ASA,BANDAR SELAYANG,Gombak,,,none,
TAMAN SERI BENDAHARA,BANDAR KUALA SELANGOR,Kuala Selangor,3.3216746,101.2735375,scheme,"Taman Seri Bendahara, Kuala Selangor, Selangor, Malaysia"
TAMAN SERI BESTARI,LABU,Sepang,2.8042745,101.7491762,scheme,"Taman Seri Bestari, Bandar Baru Salak Tinggi, Sepang, Selangor, Malaysia"
TAMAN SERI BESTARI,PEKAN BATANG BERJUNTAI,Kuala Selangor,,,none,
TAMAN SERI BUKIT SEGAMBUT,MUKIM BATU,Kuala Lumpur,,,none,
TAMAN SERI CHANGGANG 1,TANJUNG 12,Kuala Langat,2.8280437,101.639683,scheme,"Jalan Topaz 3/26, Taman Seri Changgang 2, Kampung Orang Asli Bukit Serdang, Kuala Langat, Selangor, 43800, Malaysia"
TAMAN SERI DAGANG 1,PEKAN BUKIT CHANGGANG,Kuala Langat,,,none,
TAMAN SERI DAMAI,KAJANG,Hulu Langat,3.0542171,101.7534783,scheme,"Taman Seri Taming, Jalan Seri Taming 2A, Bandar Damai Perdana, Cheras, Kajang Municipal Council, Hulu Langat, Selangor, "
TAMAN SERI DAMAI,KELANANG,Kuala Langat,2.7902565,101.4517535,road,"Jalan Seri 1, Taman Seri Kelanang, Simpang Morib, Banting, Kuala Langat, Selangor, Malaysia"
TAMAN SERI DAMAI,TELOK PANGLIMA GARANG,Kuala Langat,,,none,
TAMAN SERI JARUM,BANDAR JENJARUM/SG JARUM,Kuala Langat,2.8728027,101.4939964,scheme,"Taman Seri Jarum, Jenjarom, Kuala Langat, Selangor, 42600, Malaysia"
TAMAN SERI KAPAR,KAPAR,Klang,3.1431615,101.3548227,scheme,"Taman Seri Kapar, Kapar, Klang City, Klang, Selangor, 42200, Malaysia"
TAMAN SERI KEMUNING (P/L 7),PEKAN BUKIT KEMUNING,Klang,3.0149204,101.5301068,road,"Jalan Sungai Pelubung 32/118, Pekan Bukit Kemuning, Section 32, Shah Alam, Klang, Selangor, 40470, Malaysia"
TAMAN SERI KENANGA,BERANANG,Hulu Langat,,,none,
TAMAN SERI KERAMAT (AU2A),BANDAR HULU KELANG,Gombak,3.1721984,101.7488172,scheme,"Taman Seri Keramat, Taman Sri Keramat (AU 2), Ulu Kelang, Ampang Jaya Municipal Council, Gombak, Selangor, 54200, Malays"
TAMAN SERI KERAMAT (AU2A),HULU KLANG,Gombak,3.1742459,101.7531275,scheme,"Jalan Enggang, Taman Desa Keramat AU2C, Bukit Antarabangsa, Ulu Kelang, Ampang Jaya Municipal Council, Gombak, Selangor,"
TAMAN SERI KERAMAT TENGAH (AU4),BANDAR HULU KELANG,Gombak,,,none,
TAMAN SERI KERAMAT TENGAH (AU4),HULU KLANG,Gombak,3.196176,101.758118,road,"Jalan AU 4/19A, Bukit Antarabangsa, Ulu Kelang, Ampang Jaya Municipal Council, Gombak, Selangor, 54200, Malaysia"
TAMAN SERI KERAMAT(AU3),BANDAR HULU KELANG,Gombak,3.1721984,101.7488172,scheme,"Taman Seri Keramat, Taman Sri Keramat (AU 2), Ulu Kelang, Ampang Jaya Municipal Council, Gombak, Selangor, 54200, Malays"
TAMAN SERI KERAMAT(AU3),HULU KLANG,Gombak,3.1742459,101.7531275,scheme,"Jalan Enggang, Taman Desa Keramat AU2C, Bukit Antarabangsa, Ulu Kelang, Ampang Jaya Municipal Council, Gombak, Selangor,"
TAMAN SERI MAS,HULU LANGAT,Hulu Langat,3.0981743,101.7995153,road,"Jalan Seri Mas 2, Taman Sri Nanding, Kampung Sungai Serai, Batu 14 Hulu Langat, Kajang Municipal Council, Hulu Langat, S"
TAMAN SERI MENGKUANG,KUALA SELANGOR,Kuala Selangor,3.3685011,101.2576997,scheme,"Taman Seri Mengkuang, Pasir Penambang, Kuala Selangor, Selangor, Malaysia"
TAMAN SERI MEWAH,BANDAR KAJANG,Hulu Langat,2.9737378,101.8041905,scheme,"Taman Seri Mewah, Kajang 2, Kajang Municipal Council, Hulu Langat, Selangor, Malaysia"
TAMAN SERI MINANG (CHERAS),PEKAN CHERAS,Hulu Langat,,,none,
TAMAN SERI MULIA,PEKAN ASAM JAWA,Kuala Selangor,,,none,
TAMAN SERI RANTAU (P/L PT 34350),KAPAR,Klang,,,none,
TAMAN SERI RUMBIA,KUALA SELANGOR,Kuala Selangor,2.9438175,101.4667996,road,"Jalan Rumbia, Taman Sijangkang Permai, Sijangkang, Teluk Panglima Garang, Kuala Langat, Selangor, Malaysia"
TAMAN SERING UKAY,BANDAR HULU KELANG,Gombak,3.1997975,101.7719266,scheme,"Taman Sering Ukay, Ukay Perdana, Ulu Kelang, Ampang Jaya Municipal Council, Gombak, Selangor, 54200, Malaysia"
TAMAN SERING UKAY,HULU KLANG,Gombak,3.1997975,101.7719266,scheme,"Taman Sering Ukay, Ukay Perdana, Ulu Kelang, Ampang Jaya Municipal Council, Gombak, Selangor, 54200, Malaysia"
TAMAN SETAPAK (SETAPAK GARDEN),MUKIM SETAPAK,Kuala Lumpur,3.207836,101.7078844,scheme,"Setapak Garden, Kampung Sungai Mulia, Kampung Padang Balang, Kuala Lumpur, Malaysia"
TAMAN SETAPAK INDAH TOWNHOUSE,MUKIM SETAPAK,Kuala Lumpur,,,none,
TAMAN SETAPAK JAYA BARU,MUKIM SETAPAK,Kuala Lumpur,,,none,
TAMAN SETIA JAYA,BANDAR RAWANG,Gombak,3.3009184,101.6011274,scheme,"Taman Setia Jaya, Rawang, Selayang Municipal Council, Gombak, Selangor, Malaysia"
TAMAN SETIA JAYA,RAWANG,Gombak,3.3009184,101.6011274,scheme,"Taman Setia Jaya, Rawang, Selayang Municipal Council, Gombak, Selangor, Malaysia"
TAMAN SETIA RAWANG,BANDAR RAWANG,Gombak,3.3038169,101.5988663,scheme,"Taman Setia Rawang, Rawang, Selayang Municipal Council, Gombak, Selangor, Malaysia"
TAMAN SETIA RAWANG,RAWANG,Gombak,3.3038169,101.5988663,scheme,"Taman Setia Rawang, Rawang, Selayang Municipal Council, Gombak, Selangor, Malaysia"
TAMAN SETIAWANGSA,MUKIM SETAPAK,Kuala Lumpur,3.1965656,101.7271508,scheme,"Open University Malaysia, Jalan Seri Rejang, Rampai Business Park South, Wangsa Maju, Kuala Lumpur, 53300, Malaysia"
TAMAN SG SERDANG JAYA,KAPAR,Klang,3.1480529,101.3491654,scheme,"Taman Sungai Serdang Jaya, Kapar, Klang City, Klang, Selangor, Malaysia"
TAMAN SHAMELIN PERKASA,MUKIM KUALA LUMPUR,Kuala Lumpur,3.1256036,101.7388949,scheme,"Taman Shamelin Perkasa, Maluri, Cheras, Kuala Lumpur, Malaysia"
TAMAN SIARAH OAKLEAF (BKT ANTARABANGSA),BANDAR HULU KELANG,Gombak,,,none,
TAMAN SIERRA SEPUTEH,KUALA LUMPUR TOWN CENTRE,Kuala Lumpur,,,none,
TAMAN SIERRA UKAY,HULU KLANG,Gombak,3.20925,101.7880069,scheme,"Taman Sierra Ukay, Ukay Perdana, Ulu Kelang, Ampang Jaya Municipal Council, Gombak, Selangor, Malaysia"
TAMAN SIJANGKANG (PT 12312),TELOK PANGLIMA GARANG,Kuala Langat,2.9447917,101.4729184,scheme,"Taman Sijangkang Jaya, Sijangkang, Teluk Panglima Garang, Kuala Langat, Selangor, Malaysia"
TAMAN SIJANGKANG IDAMAN,TELOK PANGLIMA GARANG,Kuala Langat,,,none,
TAMAN SINAR RIA,PEKAN BATANG BERJUNTAI,Kuala Selangor,,,none,
TAMAN SINAR SAMUDRA,BANDAR SELAYANG,Gombak,3.2312405,101.6928129,scheme,"Taman Sinar Samudra, Batu Caves, Selayang Municipal Council, Gombak, Selangor, Malaysia"
TAMAN SINAR SURIA,MUKIM BATU,Kuala Lumpur,,,none,
TAMAN SRI AMAN,CHERAS,Hulu Langat,3.0725536,101.7603139,scheme,"Taman Sri Aman, Cheras, Kajang Municipal Council, Hulu Langat, Selangor, 43200, Malaysia"
TAMAN SRI AMPANG,BANDAR AMPANG,Hulu Langat,3.1418658,101.7738387,scheme,"Taman Sri Ampang, Kampung Dato Mufti Shuib, Ampang, Ampang Jaya Municipal Council, Hulu Langat, Selangor, Malaysia"
TAMAN SRI BAHAGIA,CHERAS,Hulu Langat,3.0601183,101.7549736,scheme,"Taman Sri Bahagia, Bandar Damai Perdana, Cheras, Kajang Municipal Council, Hulu Langat, Selangor, Malaysia"
TAMAN SRI BAHAGIA,PEKAN CHERAS,Hulu Langat,3.0601183,101.7549736,scheme,"Taman Sri Bahagia, Bandar Damai Perdana, Cheras, Kajang Municipal Council, Hulu Langat, Selangor, Malaysia"
TAMAN SRI BAHTERA (BUKIT MEWAH DAN ASA),MUKIM KUALA LUMPUR,Kuala Lumpur,3.1031468,101.7378969,scheme,"Taman Sri Bahtera, Taman Cheras, Cheras, Kuala Lumpur, 56100, Malaysia"
TAMAN SRI BANGI,KAJANG,Hulu Langat,2.8989319,101.782589,road,"Jalan Seri Bangi 1, Taman Angsana Bangi, Kampung Bahagia, Bangi Lama, Kajang Municipal Council, Hulu Langat, Selangor, 4"
TAMAN SRI BANGI,PEKAN BANGI LAMA,Hulu Langat,,,none,
TAMAN SRI BATU CAVES,BANDAR SELAYANG,Gombak,3.234809,101.6866959,scheme,"Taman Sri Batu Caves, Kampung Indian Settlement Batu Caves, Batu Caves, Selayang Municipal Council, Gombak, Selangor, Ma"
TAMAN SRI CENDEKIA  (TAMAN CONNAUGHT),MUKIM PETALING,Kuala Lumpur,,,none,
TAMAN SRI CHERAS,CHERAS,Hulu Langat,3.0601183,101.7549736,scheme,"Taman Sri Bahagia, Bandar Damai Perdana, Cheras, Kajang Municipal Council, Hulu Langat, Selangor, Malaysia"
TAMAN SRI DAGANG 3,TANJUNG 12,Kuala Langat,2.8287792,101.6164445,scheme,"Taman Sri Dagang, Bukit Changgang, Banting, Kuala Langat, Selangor, Malaysia"
TAMAN SRI ENDAH,MUKIM PETALING,Kuala Lumpur,3.0653725,101.6976876,scheme,"Taman Sri Endah, Sri Petaling, Kuala Lumpur, 57000, Malaysia"
TAMAN SRI GARING,RAWANG,Gombak,3.3251238,101.5627361,scheme,"Taman Sri Garing, Kota Emerald, Rawang, Selayang Municipal Council, Gombak, Selangor, 48000, Malaysia"
TAMAN SRI GOMBAK,BANDAR SELAYANG,Gombak,3.2443627,101.7044331,scheme,"Taman Sri Gombak, Gombak, Selayang Municipal Council, Gombak, Selangor, 65100, Malaysia"
TAMAN SRI GOMBAK,BATU,Gombak,3.2443627,101.7044331,scheme,"Taman Sri Gombak, Gombak, Selayang Municipal Council, Gombak, Selangor, 65100, Malaysia"
TAMAN SRI GOMBAK,SETAPAK,Gombak,3.2443627,101.7044331,scheme,"Taman Sri Gombak, Gombak, Selayang Municipal Council, Gombak, Selangor, 65100, Malaysia"
TAMAN SRI HANECO,SEMENYIH,Hulu Langat,2.9719347,101.8662163,scheme,"Taman Sri Haneco, Semenyih, Kajang Municipal Council, Hulu Langat, Selangor, 43500, Malaysia"
TAMAN SRI HARTAMAS,MUKIM KUALA LUMPUR,Kuala Lumpur,3.1596795,101.6514808,scheme,"Perumahan Hartamas 18, Jalan Sri Hartamas 1, Sri Hartamas, Kuala Lumpur, 50480, Malaysia"
TAMAN SRI HIJAU,BANDAR RAWANG,Gombak,,,none,
TAMAN SRI HIJAU,BANDAR SELAYANG,Gombak,3.3273352,101.5182175,road,"Jalan Sungai Bakau, Bandar Country Homes, Selayang Municipal Council, Gombak, Selangor, 48000, Malaysia"
TAMAN SRI HIJAU,RAWANG,Gombak,3.3264285,101.578419,road,"Jalan Sri Hijau 11, Taman Seri Hijau, Kampung Melayu Pekan Rawang, Rawang, Selayang Municipal Council, Gombak, Selangor,"
TAMAN SRI INDAH,BANDAR CHERAS,Hulu Langat,3.0309629,101.7665342,scheme,"Taman Sri Indah, Kampung Bukit Dukung, Cheras, Kajang Municipal Council, Hulu Langat, Selangor, Malaysia"
TAMAN SRI JAMBU,BANDAR KAJANG,Hulu Langat,3.0583448,101.7609206,road,"Jalan 10, Taman Seri Cheras Jaya, Cheras, Kajang Municipal Council, Hulu Langat, Selangor, 43200, Malaysia"
TAMAN SRI JATI APARTMENT,MUKIM PETALING,Kuala Lumpur,,,none,
TAMAN SRI JATI LOW COST APARTMENT,MUKIM PETALING,Kuala Lumpur,,,none,
TAMAN SRI JELOK,BANDAR KAJANG,Hulu Langat,2.9946867,101.8133244,scheme,"Jalan Taman Sri Jelok 3, Kajang Perdana, Kajang Municipal Council, Hulu Langat, Selangor, 43000, Malaysia"
TAMAN SRI JELOK,KAJANG,Hulu Langat,2.9914825,101.8125545,scheme,"Jalan Taman Sri Jelok 15, Kajang Perdana, Kajang Municipal Council, Hulu Langat, Selangor, 43000, Malaysia"
TAMAN SRI KENARI,PEKAN KAJANG,Hulu Langat,2.9918035,101.769137,scheme,"Taman Sri Kenari, Kampung Bukit Angkat, Kajang Municipal Council, Hulu Langat, Selangor, Malaysia"
TAMAN SRI KEPONG BARU,MUKIM BATU,Kuala Lumpur,3.1959539,101.6664789,road,"Jalan 12/42, Taman Kok Doh, Segambut, Kepong, Kuala Lumpur, 52000, Malaysia"
TAMAN SRI MAJU(P/L)5407),TANJUNG 12,Kuala Langat,,,none,
TAMAN SRI MELATI,BANDAR SELAYANG,Gombak,3.2419179,101.653131,scheme,"Taman Sri Melati, Batu Caves, Selayang Municipal Council, Gombak, Selangor, Malaysia"
TAMAN SRI MELATI,BATU,Gombak,3.2419179,101.653131,scheme,"Taman Sri Melati, Batu Caves, Selayang Municipal Council, Gombak, Selangor, Malaysia"
TAMAN SRI MEWAH (OFF JLN PAIP),KAPAR,Klang,3.0285255,101.4664978,scheme,"Taman Sri Mewah, Jalan Kota Raja, Taman Bijaya, Klang City, Klang, Selangor, 41000, Malaysia"
TAMAN SRI MURNI MEDIUM COST FLAT,MUKIM BATU,Kuala Lumpur,,,none,
TAMAN SRI PUTRA,BANDAR KUANG,Gombak,3.2516064,101.5576082,scheme,"Taman Sri Putra, Kuang, Selayang Municipal Council, Gombak, Selangor, Malaysia"
TAMAN SRI PUTRA,PEKAN KUANG,Gombak,3.2516064,101.5576082,scheme,"Taman Sri Putra, Kuang, Selayang Municipal Council, Gombak, Selangor, Malaysia"
TAMAN SRI PUTRA,RAWANG,Gombak,3.2516064,101.5576082,scheme,"Taman Sri Putra, Kuang, Selayang Municipal Council, Gombak, Selangor, Malaysia"
TAMAN SRI PUTRA MAS,PEKAN KUANG,Gombak,3.2487569,101.5560362,scheme,"Taman Sri Putra Mas, Kuang, Selayang Municipal Council, Gombak, Selangor, Malaysia"
TAMAN SRI RAMPAI,MUKIM SETAPAK,Kuala Lumpur,3.1915326,101.7292751,scheme,"Taman Sri Rampai (Barat), Jalan Rejang, Taman Sri Rampai, Semarak, Kuala Lumpur, 54100, Malaysia"
TAMAN SRI RAWANG,BANDAR RAWANG,Gombak,3.3197391,101.5653735,scheme,"Taman Sri Rawang, Kota Emerald, Rawang, Selayang Municipal Council, Gombak, Selangor, 48000, Malaysia"
TAMAN SRI RAWANG,RAWANG,Gombak,3.3197391,101.5653735,scheme,"Taman Sri Rawang, Kota Emerald, Rawang, Selayang Municipal Council, Gombak, Selangor, 48000, Malaysia"
TAMAN SRI SEGAMBUT,MUKIM BATU,Kuala Lumpur,3.1974579,101.6565073,scheme,"Taman Sri Segambut, Segambut, Kepong, Kuala Lumpur, 52000, Malaysia"
TAMAN SRI SELAYANG,BANDAR BATU CAVES,Gombak,3.2368095,101.6726642,scheme,"Taman Seri Selayang, Kampung Indian Settlement Batu Caves, Batu Caves, Selayang Municipal Council, Gombak, Selangor, 681"
TAMAN SRI SELAYANG,BANDAR HULU KELANG,Gombak,3.2368095,101.6726642,scheme,"Taman Seri Selayang, Kampung Indian Settlement Batu Caves, Batu Caves, Selayang Municipal Council, Gombak, Selangor, 681"
TAMAN SRI SELAYANG,BATU,Gombak,3.2368095,101.6726642,scheme,"Taman Seri Selayang, Kampung Indian Settlement Batu Caves, Batu Caves, Selayang Municipal Council, Gombak, Selangor, 681"
TAMAN SRI SELAYANG,PEKAN BATU CAVES,Gombak,3.2368095,101.6726642,scheme,"Taman Seri Selayang, Kampung Indian Settlement Batu Caves, Batu Caves, Selayang Municipal Council, Gombak, Selangor, 681"
TAMAN SRI SEMENYIH,SEMENYIH,Hulu Langat,2.9719347,101.8662163,scheme,"Taman Sri Haneco, Semenyih, Kajang Municipal Council, Hulu Langat, Selangor, 43500, Malaysia"
TAMAN SRI SENTOSA (LC),MUKIM PETALING,Kuala Lumpur,3.0714998,101.6515079,scheme,"Taman Bimbingan Kanak-Kanak, Jalan Seri Sentosa 8, Taman Sri Manja, PJS 3, Petaling Jaya South, Kuala Lumpur, Petaling, "
TAMAN SRI SEPUTEH,MUKIM KUALA LUMPUR,Kuala Lumpur,3.1159767,101.702875,scheme,"PY25 Bandar Malaysia Utara (Provisional), Bandar Sri Permaisuri, Seputeh, Kuala Lumpur, Malaysia"
TAMAN SRI SINAR,MUKIM BATU,Kuala Lumpur,3.1879219,101.6497255,scheme,"Taman Sri Sinar, Segambut, Kepong, Kuala Lumpur, 52000, Malaysia"
TAMAN SRI TANJUNG (SEMENYIH),PEKAN SEMENYIH,Hulu Langat,2.9553618,101.8508576,scheme,"Taman Sri Tanjung, Semenyih, Kajang Municipal Council, Hulu Langat, Selangor, 43500, Malaysia"
TAMAN SRI UKAY,BANDAR HULU KELANG,Gombak,3.1805772,101.7608503,scheme,"Taman Sri Ukay, Bukit Antarabangsa, Ulu Kelang, Ampang Jaya Municipal Council, Gombak, Selangor, 54200, Malaysia"
TAMAN SRI UKAY,HULU KLANG,Gombak,3.1805772,101.7608503,scheme,"Taman Sri Ukay, Bukit Antarabangsa, Ulu Kelang, Ampang Jaya Municipal Council, Gombak, Selangor, 54200, Malaysia"
TAMAN SRIKANDI,BANDAR TELOK PANGLIMA GARANG,Kuala Langat,2.9128088,101.5095875,scheme,"Jalan Sukepi 3/130, Taman Srikandi, Kuala Langat, Selangor, 42600, Malaysia"
TAMAN SRIKANDI,TELOK PANGLIMA GARANG,Kuala Langat,2.9128088,101.5095875,scheme,"Jalan Sukepi 3/130, Taman Srikandi, Kuala Langat, Selangor, 42600, Malaysia"
TAMAN SUBANG MAS,DAMANSARA,Petaling,3.0544983,101.558354,scheme,"Taman Subang Mas, Subang Hi-Tech, Batu Tiga, Subang Jaya City Council, Petaling, Selangor, Malaysia"
TAMAN SUBANG MURNI,PEKAN BARU SUBANG,Petaling,3.1636626,101.542901,scheme,"Taman Subang Murni, Section U5, Shah Alam, Petaling, Selangor, Malaysia"
TAMAN SUBANG MURNI,SUNGAI BULUH,Petaling,3.1636626,101.542901,scheme,"Taman Subang Murni, Section U5, Shah Alam, Petaling, Selangor, Malaysia"
TAMAN SUBANG PERDANA,PEKAN BARU SUBANG,Petaling,3.0160457,101.6102082,scheme,"Tractors Malaysia, Jalan Intan 2/8, Taman Puchong Intan, Puchong Perdana, Puchong, Subang Jaya City Council, Petaling, S"
TAMAN SUBANG PERDANA,SUNGAI BULUH,Petaling,3.0160457,101.6102082,scheme,"Tractors Malaysia, Jalan Intan 2/8, Taman Puchong Intan, Puchong Perdana, Puchong, Subang Jaya City Council, Petaling, S"
TAMAN SUBANG PERMAI / TAMAN CAHAYA NILAM,PEKAN SUBANG JAYA,Petaling,,,none,
"TAMAN SUBANG PERMATA-U6 S,ALAM",BUKIT RAJA,Petaling,,,none,
TAMAN SUNGAI BESI (MEDIUM COST FLAT),MUKIM KUALA LUMPUR,Kuala Lumpur,3.0945253,101.7001924,scheme,"Taman Sungai Besi, Bandar Sri Permaisuri, Salak South, Kuala Lumpur, Malaysia"
TAMAN SUNGAI JELOK,BANDAR KAJANG,Hulu Langat,2.9910169,101.7995148,scheme,"Persimpangan Sungai Jelok / Taman Sungai Jelok, Jalan Semenyih, Kajang Municipal Council, Hulu Langat, Selangor, 43000, "
TAMAN SUNGAI SERING,PEKAN CHERAS,Hulu Langat,3.0762783,101.7708122,scheme,"Taman Sungai Sering, Cheras, Kajang Municipal Council, Hulu Langat, Selangor, 43200, Malaysia"
TAMAN SUPREME,MUKIM KUALA LUMPUR,Kuala Lumpur,3.0987674,101.748304,scheme,"Taman Supreme, Taman Cheras, Cheras, Kuala Lumpur, 56100, Malaysia"
TAMAN SURIA,BANDAR SUNGAI BULOH,Gombak,3.2106103,101.5971157,scheme,"Taman Suria, Selayang Municipal Council, Gombak, Selangor, Malaysia"
TAMAN SURIA,CHERAS,Hulu Langat,3.0304958,101.7864049,scheme,"Taman Suria, Cheras, Kajang Municipal Council, Hulu Langat, Selangor, 43000, Malaysia"
TAMAN SURIA JAYA,PEKAN CHERAS,Hulu Langat,3.0642998,101.7518772,scheme,"Taman Suria Jaya, Cheras, Kajang Municipal Council, Hulu Langat, Selangor, 43200, Malaysia"
TAMAN SURIA SELAYANG,BANDAR SELAYANG,Gombak,3.242687,101.6774163,scheme,"Taman Suria Selayang, Kampung Indian Settlement Batu Caves, Batu Caves, Selayang Municipal Council, Gombak, Selangor, Ma"
TAMAN SURIA-PST BANDAR PUCHONG,PEKAN SERDANG,Petaling,,,none,
TAMAN SUTERA (KAJANG),PEKAN KAJANG,Hulu Langat,3.008582,101.7594727,scheme,"Taman Sutera 3, Cheras, Kajang Municipal Council, Hulu Langat, Selangor, 43000, Malaysia"
TAMAN SUTERA MAS,BANDAR BARU BANGI,Hulu Langat,,,none,
TAMAN TAMING EMAS,BANDAR BARU BANGI,Hulu Langat,2.985951,101.7842504,scheme,"Taman Taming Emas, Kampung Kwan Tung Baru, Kajang Municipal Council, Hulu Langat, Selangor, 43000, Malaysia"
TAMAN TAMING INDAH,CHERAS,Hulu Langat,3.0422248,101.8040973,scheme,"Taman Taming Indah 2, Bandar Mahkota Cheras, Kajang Municipal Council, Hulu Langat, Selangor, 43000, Malaysia"
TAMAN TAMING JAYA,KAJANG,Hulu Langat,3.0245431,101.7414556,scheme,"Taman Taming Jaya, Balakong, Cheras, Kajang Municipal Council, Hulu Langat, Selangor, Malaysia"
TAMAN TAMING MUTIARA,CHERAS,Hulu Langat,3.0569527,101.8055647,road,"Jalan Taming Mutiara 4, Taming Mutiara, Bandar Sungai Long, Kajang Municipal Council, Hulu Langat, Selangor, 43000, Mala"
TAMAN TASIK DAMAI,MUKIM PETALING,Kuala Lumpur,3.0572678,101.7087922,scheme,"meadows + glades, Sungai Besi, Kuala Lumpur, Malaysia"
TAMAN TASIK IMPIAN,MUKIM CHERAS,Kuala Lumpur,,,none,
TAMAN TASIK IMPIAN,MUKIM PETALING,Kuala Lumpur,3.0537717,101.7090575,road,"Jalan Tasik 10, meadows + glades, Sungai Besi, Kuala Lumpur, 57000, Malaysia"
TAMAN TASIK INDAH,MUKIM BATU,Kuala Lumpur,3.2185298,101.6744283,scheme,"Taman Tasik Indah, Batu, Kuala Lumpur, Malaysia"
TAMAN TASIK INDAH MEWAH,MUKIM BATU,Kuala Lumpur,,,none,
TAMAN TASIK PRIMA,PEKAN PUCHONG PERDANA,Petaling,2.9821997,101.6002122,scheme,"Taman Tasik Prima Bolton, Bandar Puchong Utama, Subang Jaya City Council, Petaling, Selangor, Malaysia"
TAMAN TASIK RESIDENSI,BANDAR RAWANG,Gombak,3.2473047,101.5222404,scheme,"KEDAI RUNCIT LB2, E-0-2, Residensi Laguna Biru 2, Taman Tasik Biru, Jalan Tasik Biru 2, Taman Tasik Biru, Kampung Setia,"
TAMAN TEMENGGUNG,BANDAR KUALA SELANGOR,Kuala Selangor,3.0072974,101.4784563,scheme,"Taman Sentosa Police Station, 25, Jalan Temenggung 1, Taman Sentosa Perdana, Bandar Sentosa, Kuala Lumpur, Klang, Selang"
TAMAN TENAGA,BANDAR KAJANG,Hulu Langat,2.9591702,101.7893277,scheme,"Taman Tenaga, Kajang 2, Kajang Municipal Council, Hulu Langat, Selangor, 43650, Malaysia"
TAMAN TENAGA,MUKIM KUALA LUMPUR,Kuala Lumpur,3.112191,101.7257983,scheme,"Taman Tenaga, Pudu Ulu, Cheras, Kuala Lumpur, 55300, Malaysia"
TAMAN TERATAI (P/L 4160),TANJUNG 12,Kuala Langat,,,none,
TAMAN TERATAI (SG RAMAL DALAM),KAJANG,Hulu Langat,2.9764763,101.7628962,scheme,"Taman Teratai Idaman, Kampung Sungai Ramal Dalam, Kajang Municipal Council, Hulu Langat, Selangor, Malaysia"
TAMAN TERATAI MEWAH,MUKIM SETAPAK,Kuala Lumpur,3.2030561,101.7111463,scheme,"Teratai Mewah Condominium, Setapak, Kampung Padang Balang, Kuala Lumpur, Malaysia"
TAMAN TIARA HEIGHTS,LABU,Sepang,2.785084,101.7140806,road,"Jalan 6, Kampung Labu Lanjut, Bandar Baru Salak Tinggi, Sepang, Selangor, 64000, Malaysia"
TAMAN TIARA TITIWANGSA,MUKIM SETAPAK,Kuala Lumpur,,,none,
TAMAN TIJANI UKAY,BANDAR HULU KELANG,Gombak,,,none,
TAMAN TOPAZ @ SELANGORKU,DENGKIL,Sepang,2.85699,101.6406367,road,"Jalan T2, Taman Topaz, Dengkil, Sepang, Selangor, 43800, Malaysia"
TAMAN TROPIKA,PEKAN KG SUNGAI TANGKAS,Hulu Langat,3.0759454,101.7862521,scheme,"Taman Tropika Langat, Kampung Melaka, Kampung Bukit Raya, Kajang Municipal Council, Hulu Langat, Selangor, Malaysia"
TAMAN TROPIKA 2,PEKAN KG SUNGAI TANGKAS,Hulu Langat,3.0759454,101.7862521,scheme,"Taman Tropika Langat, Kampung Melaka, Kampung Bukit Raya, Kajang Municipal Council, Hulu Langat, Selangor, Malaysia"
TAMAN TULIP,KELANANG,Kuala Langat,,,none,
TAMAN TUN ABDUL RAZAK,BANDAR HULU KELANG,Gombak,3.1667245,101.7684878,scheme,"Taman Tun Abdul Razak, Ulu Kelang, Ampang Jaya Municipal Council, Gombak, Selangor, Malaysia"
TAMAN TUN ABDUL RAZAK,HULU KLANG,Gombak,3.1667245,101.7684878,scheme,"Taman Tun Abdul Razak, Ulu Kelang, Ampang Jaya Municipal Council, Gombak, Selangor, Malaysia"
TAMAN TUN DR ISMAIL,MUKIM KUALA LUMPUR,Kuala Lumpur,3.1361414,101.6307373,scheme,"Taman Tun Dr Ismail, Jalan Damansara, Kuala Lumpur, 60000, Malaysia"
TAMAN TUN PERAK,BANDAR RAWANG,Gombak,3.3012314,101.582065,scheme,"Taman Tun Perak, Kampung Sungai Samak, Rawang, Selayang Municipal Council, Gombak, Selangor, 48000, Malaysia"
TAMAN TUN PERAK,PEKAN CHERAS,Hulu Langat,3.0625706,101.7584127,scheme,"Taman Tun Perak, Cheras, Kajang Municipal Council, Hulu Langat, Selangor, 43200, Malaysia"
TAMAN TUN TEJA,BANDAR RAWANG,Gombak,3.2972182,101.5906337,scheme,"Taman Tun Teja, Kampung Sungai Samak, Rawang, Selayang Municipal Council, Gombak, Selangor, Malaysia"
TAMAN UDA JAYA,AMPANG,Hulu Langat,3.1543433,101.7677978,scheme,"Taman Uda Jaya, Jalan Dedap, Ampang, Ampang Jaya Municipal Council, Hulu Langat, Selangor, 68000, Malaysia"
TAMAN UDA MURNI,HULU LANGAT,Hulu Langat,,,none,
TAMAN UKAY (UKAY SERAYA),BANDAR HULU KELANG,Gombak,3.1952716,101.7646125,scheme,"Taman ar-Ridhuan, Jalan Ukay Perdana, Ukay Seraya, Bukit Antarabangsa, Ulu Kelang, Ampang Jaya Municipal Council, Gombak"
TAMAN UKAY (UKAY SERAYA),HULU KLANG,Gombak,3.1985494,101.7779888,scheme,"Parit Utama (PU29 / Taman Riana Ukay), Ukay Perdana, Ulu Kelang, Ampang Jaya Municipal Council, Gombak, Selangor, 54200,"
TAMAN UKAY INDAH,BANDAR HULU KELANG,Gombak,,,none,
TAMAN UKAY TROPIKA,BANDAR HULU KELANG,Gombak,,,none,
TAMAN UNIVERSITI,KAJANG,Hulu Langat,2.9436616,101.7958968,scheme,"Taman Universiti, Kampung Sungai Tangkas, Kajang Municipal Council, Hulu Langat, Selangor, 43650, Malaysia"
TAMAN UNIVERSITI,PEKAN KG SUNGAI TANGKAS,Hulu Langat,2.9436616,101.7958968,scheme,"Taman Universiti, Kampung Sungai Tangkas, Kajang Municipal Council, Hulu Langat, Selangor, 43650, Malaysia"
TAMAN USAHA JAYA,BANDAR KEPONG,Gombak,3.2141434,101.617631,scheme,"Taman Usaha Jaya, Selayang Municipal Council, Gombak, Selangor, Malaysia"
TAMAN VELOX RAWANG,BANDAR KUNDANG,Gombak,,,none,
TAMAN VILLA PERDANA,BANDAR BATU 18 SEMENYIH,Hulu Langat,,,none,
TAMAN VILLA PUTRA,PEKAN SUNGAI BULOH,Gombak,3.2263752,101.569157,scheme,"Taman Villa Putra, Kuang, Selayang Municipal Council, Gombak, Selangor, Malaysia"
TAMAN VILLAMAS,BANDAR SUNGAI BULOH,Gombak,,,none,
TAMAN VISTA MUTIARA,CHERAS,Hulu Langat,3.0387786,101.804843,road,"Jalan Wira Heights 2, SL 4, Bandar Mahkota Cheras, Kajang Municipal Council, Hulu Langat, Selangor, 43000, Malaysia"
TAMAN WANGSA,HULU LANGAT,Hulu Langat,3.0843552,101.7698339,scheme,"Taman Wangsa Cheras, Taman Segar Perdana, Cheras, Kajang Municipal Council, Hulu Langat, Selangor, Malaysia"
"TAMAN WANGSA 2, P/L 10493 & 10475",KELANG,Klang,,,none,
TAMAN WANGSA AMAN,BANDAR KEPONG,Gombak,3.2092372,101.6136397,scheme,"Taman Wangsa Permai, Jalan Aman, Jalan Aman, Taman Wangsa Permai, Selayang Municipal Council, Gombak, Selangor, 52200, M"
TAMAN WANGSA JAYA,MUKIM ULU KELANG,Kuala Lumpur,3.2030845,101.750327,scheme,"Taman Lembah Keramat AU5, Jalan AU 5D/1, Taman Permata, Ulu Kelang, Ampang Jaya Municipal Council, Gombak, Selangor, 533"
TAMAN WANSHAW,MUKIM KUALA LUMPUR,Kuala Lumpur,,,none,
TAMAN WARISAN CEMERLANGA(P/L 7874),DENGKIL,Sepang,,,none,
TAMAN WARISAN KOTA (P/L3200),KELANG,Klang,,,none,
TAMAN WARISAN PELANGI,MUKIM SETAPAK,Kuala Lumpur,3.1998658,101.7124577,road,"Block E, Jalan 2/23D, Rumah Pangsa Taman Danau Kota (Kos Rendah), Setapak, Kampung Padang Balang, Kuala Lumpur, 53300, M"
TAMAN WATERFALL,BANDAR RAWANG,Gombak,,,none,
TAMAN WILAYAH SELAYANG,MUKIM BATU,Kuala Lumpur,3.2336417,101.6470735,scheme,"Jalan Taman Intan Baiduri, Taman Intan Baiduri, Batu Caves, Kuala Lumpur, Gombak, Selangor, 52100, Malaysia"
TAMAN YARL,MUKIM PETALING,Kuala Lumpur,3.0721447,101.6680804,scheme,"Taman Yarl, Overseas Union Garden, Kuala Lumpur, Malaysia"
"TAMAN YAYASAN, KUALA SELANGOR",BANDAR KUALA SELANGOR,Kuala Selangor,3.3273796,101.2530604,scheme,"Taman Yayasan, Bandar Malawati, Kuala Selangor, Selangor, Malaysia"
TAMAN YU,PEKAN KUALA SUNGAI BULUH,Kuala Selangor,3.261902,101.3025698,scheme,"Taman Yu, Sasaran, Kuala Selangor, Selangor, Malaysia"
TAMAN ZAMRUD,BANDAR KAJANG,Hulu Langat,2.9871169,101.8032003,scheme,"Taman Zamrud, Kajang Municipal Council, Hulu Langat, Selangor, Malaysia"
TAMAN ZOOVIEW,BANDAR HULU KELANG,Gombak,3.2056531,101.7618629,scheme,"Taman Zooview, Kampung Kemensah, Ulu Kelang, Ampang Jaya Municipal Council, Gombak, Selangor, 54200, Malaysia"
TAMAN ZOOVIEW,HULU KLANG,Gombak,3.2056531,101.7618629,scheme,"Taman Zooview, Kampung Kemensah, Ulu Kelang, Ampang Jaya Municipal Council, Gombak, Selangor, 54200, Malaysia"
TAMARA RESIDENCE,BANDAR PUTRAJAYA,Putrajaya,2.9268257,101.6795728,scheme,"Tamara Residence, Precinct 8, Putrajaya, Malaysia"
"TAMERA, SRI JAROMAS",BANDAR JENJARUM/SG JARUM,Kuala Langat,,,none,
"TAMERA, SRI JAROMAS",PEKAN JENJAROM,Kuala Langat,,,none,
TANAMERA USJ,PEKAN SUBANG JAYA,Petaling,3.034941,101.5725895,scheme,"USJ Tanamera, UEP Subang Jaya, Subang Jaya City Council, Petaling, Selangor, Malaysia"
TANJUNG KARANG,UJONG PERMATANG,Kuala Selangor,3.3772156,101.2363097,scheme,"KS192, Jalan Kuala Selangor-Teluk Intan, Kuala Selangor, Selangor, 45500, Malaysia"
TANJUNG KERAMAT (PEKAN K. SELANGOR),BANDAR KUALA SELANGOR,Kuala Selangor,3.3458731,101.2432602,scheme,"Jalan Tanjung Keramat, Kampung Tanjong Keramat, Kuala Selangor, Selangor, 45000, Malaysia"
TAR VILLA APARTMENT,MUKIM SETAPAK,Kuala Lumpur,,,none,
TARA KONDOMINIUM,MUKIM AMPANG,Kuala Lumpur,,,none,
TARAGON YAP KWAN SENG,KUALA LUMPUR TOWN CENTRE,Kuala Lumpur,,,none,
TASIK BIRU,PEKAN PENGKALAN KUNDANG,Gombak,3.2501691,101.5256602,scheme,"Tasik Biru, Kampung Setia, Kuang, Selayang Municipal Council, Gombak, Selangor, Malaysia"
TAYNTON VIEW,MUKIM KUALA LUMPUR,Kuala Lumpur,3.0887661,101.7368923,scheme,"Taman Taynton View, Bandar Tun Razak, Cheras, Kuala Lumpur, 56000, Malaysia"
TELOK GONG,KELANG,Klang,2.9714357,101.4022346,scheme,"NOBLift Malaysia Sdn Bhd, Jalan Canang Emas 9, Kampung Nelayan Telok Gong, Klang City, Klang, Selangor, 42009, Malaysia"
TELOK PULAI,BANDAR KELANG,Klang,3.0347629,101.4171255,scheme,"Lorong Telok Gadung Kecil, Teluk Pulai, Port Klang, Klang City, Klang, Selangor, 41250, Malaysia"
TELOK PULAI,KELANG,Klang,3.0347629,101.4171255,scheme,"Lorong Telok Gadung Kecil, Teluk Pulai, Port Klang, Klang City, Klang, Selangor, 41250, Malaysia"
TELUK GADONG BESAR,BANDAR KELANG,Klang,,,none,
TELUK GADONG BESAR,KELANG,Klang,3.0273465,101.4203468,road,"Jalan Bawal KS/01, Taman Sri Gadong, Kampung Raja Uda, Port Klang, Klang City, Klang, Selangor, 41250, Malaysia"
TEMASYA GLENMARIE,BDR GLENMARIE,Petaling,3.0880958,101.5784646,scheme,"Glenmarie Temasya Square, Section U1, Shah Alam, Petaling, Selangor, Malaysia"
TEMASYA LEGASI - U1,BDR GLENMARIE,Petaling,3.0909942,101.5887422,scheme,"Temasya Legasi, Section U1, Shah Alam, Petaling, Selangor, Malaysia"
TEMPLER BISTARI,PEKAN TEMPLER,Gombak,,,none,
TEMPLER HEIGHTS,PEKAN TEMPLER,Gombak,,,none,
TEMPLER HERITAGE,PEKAN TEMPLER,Gombak,3.2975023,101.6242156,scheme,"Taman Templer Heritage, Selayang Municipal Council, Gombak, Selangor, Malaysia"
TEMPLER IMPIAN,PEKAN TEMPLER,Gombak,,,none,
TEMPLER RESIDENCE,RAWANG,Gombak,3.3416443,101.5453174,scheme,"Templer Residence, Kota Emerald, Rawang, Selayang Municipal Council, Gombak, Selangor, Malaysia"
TEMPLER SAUJANA,PEKAN TEMPLER,Gombak,3.2839577,101.6401581,scheme,"Taman Templer Saujana, Selayang Municipal Council, Gombak, Selangor, Malaysia"
TEMPLER SUASANA,PEKAN TEMPLER,Gombak,3.2909888,101.6321139,scheme,"Templer Suasana, Rawang Highway, Templer Park, Selayang Municipal Council, Gombak, Selangor, Malaysia"
TEMPLER VILLAS,PEKAN TEMPLER,Gombak,3.2993405,101.6255144,scheme,"Taman Templer Villas, Selayang Municipal Council, Gombak, Selangor, Malaysia"
TEPIAN LOKE YEW,KUALA LUMPUR TOWN CENTRE,Kuala Lumpur,3.1281969,101.7110811,scheme,"Tepian Loke Yew, Pudu, Kuala Lumpur, 55720, Malaysia"
TERATAK MUHIBBAH,MUKIM KUALA LUMPUR,Kuala Lumpur,3.09774,101.6834031,scheme,"Teratak Muhibbah, Taman Desa, Kuala Lumpur, Malaysia"
TG SEPAT INDAH,BANDAR TANJUNG SEPAT,Kuala Langat,2.659642,101.5597904,scheme,"Tanjong Sepat Indah, Tanjung Sepat, Kuala Langat, Selangor, 42800, Malaysia"
THAMBY ABDULLAH,KUALA LUMPUR TOWN CENTRE,Kuala Lumpur,3.1298264,101.6837575,scheme,"Pos Malaysia, Jalan Thamby Abdullah, Brickfields, Kuala Lumpur, 50470, Malaysia"
THE ALCOVE-PUTRA HEIGHTS,DAMANSARA,Petaling,,,none,
THE ARA,MUKIM KUALA LUMPUR,Kuala Lumpur,3.1362116,101.6650607,scheme,"The Ara Bangsar, Bangsar, Kuala Lumpur, Malaysia"
THE ARA BANGSAR,MUKIM BATU,Kuala Lumpur,3.1362116,101.6650607,scheme,"The Ara Bangsar, Bangsar, Kuala Lumpur, Malaysia"
THE AVARE,KUALA LUMPUR TOWN CENTRE,Kuala Lumpur,3.1555298,101.7202613,scheme,"The Avare, Bukit Bintang, Kuala Lumpur, Malaysia"
THE BINJAI ON THE PARK,KUALA LUMPUR TOWN CENTRE,Kuala Lumpur,3.1547317,101.7177179,scheme,"The Binjai On The Park, Kuala Lumpur City Centre (KLCC), Bukit Bintang, Kuala Lumpur, Malaysia"
THE CAPERS @ SENTUL EAST,KUALA LUMPUR TOWN CENTRE,Kuala Lumpur,,,none,
THE CAPSQUARE RESIDENCES,KUALA LUMPUR TOWN CENTRE,Kuala Lumpur,3.1548533,101.7005502,scheme,"The Capsquare Residences, Persiaran Capsquare, Kampung Paya, Kampung Cendana, Kuala Lumpur, 50100, Malaysia"
THE CLOVER RESIDENCE,SEMENYIH,Hulu Langat,2.9562012,101.8525668,road,"Jalan Semanggi 2, Clover Homes, Semenyih, Kajang Municipal Council, Hulu Langat, Selangor, 43500, Malaysia"
THE CLOVER RESIDENCE (IMPIANA APARTMENT),BANDAR KAJANG,Hulu Langat,,,none,
THE CLOVER RESIDENCE (IMPIANA APARTMENT),PEKAN SEMENYIH,Hulu Langat,,,none,
THE CLOVER RESIDENCE (IMPIANA APARTMENT),SEMENYIH,Hulu Langat,,,none,
THE EDGE OF U THANT,KUALA LUMPUR TOWN CENTRE,Kuala Lumpur,3.156772,101.7331952,scheme,"The Edge Of U Thant, Ampang Hilir, Kampung Datuk Keramat, Kuala Lumpur, Malaysia"
THE FENNEL @ SENTUL EAST,KUALA LUMPUR TOWN CENTRE,Kuala Lumpur,,,none,
THE FORUM,KUALA LUMPUR TOWN CENTRE,Kuala Lumpur,3.1443985,101.7210278,scheme,"The Forum Condominium, Jalan Inai, Pinggiran TRX, Maluri, Bukit Bintang, Kuala Lumpur, 55188, Malaysia"
"THE GLADES , PUTERA HEIGHTS",DAMANSARA,Petaling,,,none,
THE HAVRE RESIDENCE,MUKIM PETALING,Kuala Lumpur,,,none,
THE HENGE RESIDENCE,MUKIM BATU,Kuala Lumpur,,,none,
THE HERMINGTON KUCHAI LAMA,MUKIM PETALING,Kuala Lumpur,3.0935001,101.6798337,scheme,"The Hermington Kuchai Lama, Kuchai Lama, Kuala Lumpur, Malaysia"
THE HIPSTER,MUKIM KUALA LUMPUR,Kuala Lumpur,3.0986958,101.6899069,scheme,"The Hipster, Taman Desa, Kuala Lumpur, Malaysia"
THE LAKE RESIDENCE,DENGKIL,Sepang,2.9485707,101.6037634,scheme,"The Lake Residence, Taman Putra Perdana, Sepang, Selangor, Malaysia"
THE LEGACY OUG,MUKIM PETALING,Kuala Lumpur,3.0799357,101.6717371,scheme,"The Legacy OUG, Overseas Union Garden, Kuala Lumpur, Malaysia"
THE LOTUS OF THE MINES,MUKIM PETALING,Kuala Lumpur,,,none,
THE MADGE,KUALA LUMPUR TOWN CENTRE,Kuala Lumpur,3.1568068,101.7286577,scheme,"The Madge, Kampung Datuk Keramat, Kuala Lumpur, Malaysia"
THE MAPLE,KUALA LUMPUR TOWN CENTRE,Kuala Lumpur,3.065053,101.6815627,scheme,"The Maple Residences, Bukit Jalil, Kuala Lumpur, Malaysia"
THE MULIA RESIDENCES CYBERJAYA,BANDAR CYBERJAYA,Sepang,2.9046132,101.6353055,scheme,"The Mulia Residences, Cyber 10, Cyberjaya, Sepang, Selangor, Malaysia"
THE NORTHSHORE GARDENS (DESA PARKCITY),MUKIM BATU,Kuala Lumpur,3.1875378,101.6262891,scheme,"The Northshore Gardens, 3, Desa ParkCity, Kepong, Kuala Lumpur, 52200, Malaysia"
"THE OLIVE, SUNSURIA CITY",DENGKIL,Sepang,2.8371423,101.7015737,scheme,"The Olive, Sunsuria City, Sunsuria City, Dengkil, Sepang, Selangor, Malaysia"
THE ORION,KUALA LUMPUR TOWN CENTRE,Kuala Lumpur,3.1691627,101.7104948,scheme,"The Orion Condominium, Kampung Paya, Kampung Datuk Keramat, Kuala Lumpur, Malaysia"
THE PALLADIUM,KUALA LUMPUR TOWN CENTRE,Kuala Lumpur,3.1667926,101.7175703,scheme,"The Palladium Condominium, Kampung Datuk Keramat, Kuala Lumpur, Malaysia"
THE PARC TOWER,MUKIM SETAPAK,Kuala Lumpur,,,none,
THE PARK RESIDENCE,MUKIM KUALA LUMPUR,Kuala Lumpur,,,none,
THE PARQUE RESIDENCES (ECO SANTUARI),TANJUNG 12,Kuala Langat,2.9369551,101.5289046,scheme,"The Parque Residences, Eco Sanctuary, Kuala Langat, Selangor, Malaysia"
THE PEARL,KUALA LUMPUR TOWN CENTRE,Kuala Lumpur,3.1514622,101.7170141,scheme,"The Pearl, 2A, Bukit Bintang, Kuala Lumpur, Malaysia"
THE PEARLS @ TMN TAMING MUTIARA 2,CHERAS,Hulu Langat,,,none,
THE PINES CONDO,KUALA LUMPUR TOWN CENTRE,Kuala Lumpur,,,none,
THE PLAZA (TTDI),MUKIM KUALA LUMPUR,Kuala Lumpur,3.1856283,101.6348982,scheme,"The Plaza, Plaza Arkadia, Desa ParkCity, Kepong, Kuala Lumpur, 52200, Malaysia"
THE POTPOURRI RESIDENCE-PJU1 ARA D'SARA,DAMANSARA,Petaling,,,none,
THE RAFFLESIA - BDR DAMANSARA PERDANA,SUNGAI BULUH,Petaling,,,none,
THE RAINZ BUKIT JALIL,MUKIM PETALING,Kuala Lumpur,3.064445,101.6670965,scheme,"The Rainz @ Bukit Jalil, Overseas Union Garden, Kuala Lumpur, Malaysia"
THE RESIDENCE CONDO,MUKIM KUALA LUMPUR,Kuala Lumpur,,,none,
THE RESIDENCES KATANA,KUALA LUMPUR TOWN CENTRE,Kuala Lumpur,3.158239,101.7285409,scheme,"The Katana Residences, Kampung Datuk Keramat, Kuala Lumpur, Malaysia"
THE RIYANG (HAPPY GARDEN),MUKIM PETALING,Kuala Lumpur,3.0840358,101.6889344,scheme,"The Riyang @ Happy Garden, Kuchai Lama, Kuala Lumpur, Malaysia"
THE ROYALE,CHERAS,Hulu Langat,3.0894326,101.7610816,scheme,"Komersial Cheras Awana, Persiaran Awana, Taman Segar Perdana, Cheras, Kajang Municipal Council, Hulu Langat, Selangor, 5"
THE SAFFRON,KUALA LUMPUR TOWN CENTRE,Kuala Lumpur,3.1807932,101.6897063,scheme,"The Saffron Condominium, Sentul, Kuala Lumpur, Malaysia"
THE SANDER SON@BUKIT SERDANG,PETALING,Petaling,,,none,
THE SERAI,MUKIM BATU,Kuala Lumpur,3.1815386,101.6483129,scheme,"The Serai, Segambut, Kepong, Kuala Lumpur, Malaysia"
THE TAKUN,PEKAN TEMPLER,Gombak,,,none,
THE TAMARIND,KUALA LUMPUR TOWN CENTRE,Kuala Lumpur,3.1809047,101.6911108,scheme,"The Tamarind, Sentul, Kuala Lumpur, Malaysia"
THE TOWER SERVICE APT,MUKIM BATU,Kuala Lumpur,,,none,
THE TREEZ JALIL RESIDENCE,MUKIM PETALING,Kuala Lumpur,3.0561895,101.6717216,scheme,"The Treez @ Bukit Jalil, Bukit Jalil, Kuala Lumpur, Malaysia"
THE TRELLISES,MUKIM KUALA LUMPUR,Kuala Lumpur,,,none,
THE VEO,MUKIM SETAPAK,Kuala Lumpur,3.2260635,101.7311832,scheme,"The Veo KL East, Desa Melawati, Kuala Lumpur, Malaysia"
THE VERGE 32,HULU KLANG,Gombak,3.2208015,101.7582001,road,"Jalan L5/1, Ulu Kelang, Ampang Jaya Municipal Council, Gombak, Selangor, 53100, Malaysia"
THE WESTSIDE ONE (DESA PARKCITY),MUKIM BATU,Kuala Lumpur,3.1851942,101.6233626,scheme,"The Westside One, Desa ParkCity, Kepong, Kuala Lumpur, 52200, Malaysia"
THE WESTSIDE THREE (DESA PARKCITY),MUKIM BATU,Kuala Lumpur,,,none,
THE WESTSIDE TWO (DESA PARKCITY),MUKIM BATU,Kuala Lumpur,,,none,
THE WESTSIDE TWO(DESA PARKCITY),MUKIM BATU,Kuala Lumpur,,,none,
THE WHARF RESIDENCE-TAMAN TASIK PRIMA,PEKAN PUCHONG PERDANA,Petaling,2.9821221,101.6026712,scheme,"The Wharf Residence, Jalan Tasik Prima 6/2, The Wharf Taman Tasik Prima, Bandar Puchong Utama, Subang Jaya City Council,"
THE WHARF RESIDENCE-TAMAN TASIK PRIMA,PETALING,Petaling,2.9821221,101.6026712,scheme,"The Wharf Residence, Jalan Tasik Prima 6/2, The Wharf Taman Tasik Prima, Bandar Puchong Utama, Subang Jaya City Council,"
THE Z RESIDENCE,MUKIM PETALING,Kuala Lumpur,3.0646576,101.6656671,scheme,"The Z Residence, Overseas Union Garden, Kuala Lumpur, Malaysia"
THE ZEST @ KINRARA 9,PEKAN KINRARA,Petaling,3.0524217,101.6537412,scheme,"The Zest, Bandar Kinrara, Subang Jaya City Council, Petaling, Selangor, 47180, Malaysia"
TIARA FABER,MUKIM KUALA LUMPUR,Kuala Lumpur,3.1083801,101.6906539,scheme,"Tiara Faber, Taman Desa, Kuala Lumpur, Malaysia"
TIARA HILL,MUKIM KUALA LUMPUR,Kuala Lumpur,3.0916786,101.7320608,road,"Jalan Desa Bukit Tiara, Tiara Hills, Bandar Tun Razak, Cheras, Kuala Lumpur, 56100, Malaysia"
TIARA KELANA KONDOMINIUM-SS 7 P.JAYA,BANDAR PETALING JAYA,Petaling,,,none,
TIARA KEMENSAH,BANDAR HULU KELANG,Gombak,3.2184348,101.761697,scheme,"Tiara Kemensah, Kampung Kemensah, Ulu Kelang, Ampang Jaya Municipal Council, Gombak, Selangor, Malaysia"
TIARA KEMENSAH,HULU KLANG,Gombak,3.2184348,101.761697,scheme,"Tiara Kemensah, Kampung Kemensah, Ulu Kelang, Ampang Jaya Municipal Council, Gombak, Selangor, Malaysia"
TIARA PARKHOMES @ KAJANG,BANDAR KAJANG,Hulu Langat,,,none,
"TIARA PUTRA, RAWANG",RAWANG,Gombak,3.3025844,101.580352,road,"Jalan TP 1, Taman Tun Perak, Rawang, Selayang Municipal Council, Gombak, Selangor, 48000, Malaysia"
"TIARA PUTRI, RAWANG",RAWANG,Gombak,,,none,
TIARA RESIDENCE,BANDAR KAJANG,Hulu Langat,2.9847018,101.807238,scheme,"Tiara Residence, Kajang Municipal Council, Hulu Langat, Selangor, Malaysia"
TIARA VILLA,MUKIM PETALING,Kuala Lumpur,3.0860889,101.6776094,scheme,"Tiara Villa, Kuchai Lama, Kuala Lumpur, Malaysia"
TIFFANI KIARA,MUKIM BATU,Kuala Lumpur,3.1734104,101.6583275,scheme,"Tiffani Kiara, Mont Kiara, Kuala Lumpur, Malaysia"
TIJANI 2 CONDO,KUALA LUMPUR TOWN CENTRE,Kuala Lumpur,,,none,
TIJANI BUKIT TUNKU,KUALA LUMPUR TOWN CENTRE,Kuala Lumpur,3.1687984,101.6837326,scheme,"Jalan Tijani, Kenny Hill, Kampung Kasipillay, Kuala Lumpur, 50350, Malaysia"
TINGGIAN TITIWANGSA @ THE REACH,KUALA LUMPUR TOWN CENTRE,Kuala Lumpur,,,none,
TIONG NAM FLAT,KUALA LUMPUR TOWN CENTRE,Kuala Lumpur,3.1646129,101.6956016,scheme,"Flat Tiong Nam, Chow Kit, Sentul, Kuala Lumpur, Malaysia"
TITIWANGSA,KUALA LUMPUR TOWN CENTRE,Kuala Lumpur,3.1744647,101.6959872,scheme,"Titiwangsa (MRT), Jalan Pahang Barat, Chow Kit, Sentul, Kuala Lumpur, 50586, Malaysia"
TIVOLI VILLAS,MUKIM KUALA LUMPUR,Kuala Lumpur,3.1392376,101.6607813,scheme,"Tivoli Villas, Bangsar, Kuala Lumpur, Malaysia"
TKS BUSINESS CENTRE (KAJANG),BANDAR KAJANG,Hulu Langat,,,none,
TKS BUSINESS CENTRE(KAJANG),BANDAR CHERAS,Hulu Langat,,,none,
TKS BUSINESS CENTRE(KAJANG),BANDAR KAJANG,Hulu Langat,,,none,
TMN  AIK  ANN,SEMENYIH,Hulu Langat,2.958957,101.8416676,scheme,"Taman Aik Ann, Kajang East, Semenyih, Kajang Municipal Council, Hulu Langat, Selangor, 43500, Malaysia"
TMN  AMPANG SAUJANA,BANDAR AMPANG,Hulu Langat,3.1315831,101.7881068,scheme,"Hentian Taman Mulia Jaya, Jalan Persiaran Saujana, Taman Mulia Jaya, Kampung Indah Permai, Kampung Lembah Jaya Selatan, "
TMN A & M,BANDAR KELANG,Klang,3.0325183,101.5344751,scheme,"Taman Sri Muda, Shah Alam, Klang, Selangor, 40400, Malaysia"
TMN ABADI INDAH,MUKIM KUALA LUMPUR,Kuala Lumpur,,,none,
TMN AIR HITAM PERMAI,DENGKIL,Sepang,2.9630035,101.730947,scheme,"Taman Air Hitam Permai, IOI Resort City, Sepang, Selangor, Malaysia"
TMN AIR HITAM PERMAI,PEKAN DATO BAKAR BAGINDA,Sepang,2.9630035,101.730947,scheme,"Taman Air Hitam Permai, IOI Resort City, Sepang, Selangor, Malaysia"
TMN ALAM DAMAI,MUKIM PETALING,Kuala Lumpur,3.0555537,101.7491104,scheme,"Taman Dahlia Playground, Cheras, Kuala Lumpur, Malaysia"
TMN ALAM INDAH,KELANG,Klang,3.0175242,101.5554251,scheme,"Taman Alam Indah, Section 33, Shah Alam, Klang, Selangor, Malaysia"
TMN ALAM INDAH P/L 22208,KELANG,Klang,,,none,
"TMN ALAM INDAH, SHAH ALAM",KELANG,Klang,3.0175242,101.5554251,scheme,"Taman Alam Indah, Section 33, Shah Alam, Klang, Selangor, Malaysia"
TMN ALAM JAY,CHERAS,Hulu Langat,3.0814443,101.7644612,road,"Jalan Alam Jaya 6, Taman Alam Jaya, Cheras, Kajang Municipal Council, Hulu Langat, Selangor, 43200, Malaysia"
TMN ALAM JAYA,CHERAS,Hulu Langat,3.0835576,101.7648605,scheme,"Taman Alam Jaya, Cheras, Kajang Municipal Council, Hulu Langat, Selangor, 43200, Malaysia"
TMN ALAM JAYA,IJOK,Kuala Selangor,3.2537308,101.4453322,scheme,"Taman Alam Jaya, Puncak Alam, Kuala Selangor, Selangor, Malaysia"
TMN ALAM JAYA,PEKAN CHERAS,Hulu Langat,3.0835576,101.7648605,scheme,"Taman Alam Jaya, Cheras, Kajang Municipal Council, Hulu Langat, Selangor, 43200, Malaysia"
TMN ALAM KEMUNING,KELANG,Klang,3.0084669,101.5402383,scheme,"Taman Wetland Kota Kemuning Shah Alam, Shah Alam, Klang, Selangor, Malaysia"
"TMN ALAM NYATA, KLANG",KELANG,Klang,3.0258061,101.4834696,scheme,"Taman Alam Nyata, Section 36, Shah Alam, Klang, Selangor, Malaysia"
"TMN ALAM NYATA, OFF JLN KEBUN",KELANG,Klang,3.0108184,101.4059271,road,"Lorong Orkid 2B/KS4, Kampung Raja Uda, Pandamaran, Port Klang, Klang City, Klang, Selangor, 42000, Malaysia"
"TMN ALAM NYATA, OFF JLN RAJA NONG",KELANG,Klang,,,none,
"TMN ALAM NYATA, PEKAN KAPAR",PEKAN KAPAR,Klang,,,none,
TMN ALAM PERMAI,KELANG,Klang,,,none,
TMN ALAM PERMAI OFF JLN BUKIT KEMUNING,KELANG,Klang,,,none,
TMN ALAM SHAH,KELANG,Klang,3.0317799,101.4708833,scheme,"Taman Alam Shah, Klang City, Klang, Selangor, 41000, Malaysia"
TMN ALAM SHAH 2,KELANG,Klang,3.0317799,101.4708833,scheme,"Taman Alam Shah, Klang City, Klang, Selangor, 41000, Malaysia"
TMN ALAM SUTERA,IJOK,Kuala Selangor,3.2360793,101.4541818,scheme,"Taman Alam Sutera, Eco Grandeur, Bandar Puncak Alam, Kuala Selangor, Selangor, 42300, Malaysia"
TMN AMAN (P/L 25),PEKAN KAPAR,Klang,3.1201705,101.4300424,scheme,"Taman Meru Aman, Meru, Klang City, Klang, Selangor, Malaysia"
TMN AMAN MERU,PEKAN MERU,Klang,3.1201705,101.4300424,scheme,"Taman Meru Aman, Meru, Klang City, Klang, Selangor, Malaysia"
TMN AMAN PERDANA,KAPAR,Klang,,,none,
TMN AMAN PERMAI,PEKAN KG SUNGAI TANGKAS,Hulu Langat,,,none,
TMN AMAN PUTRA,MUKIM BATU,Kuala Lumpur,3.226144,101.6594947,scheme,"Taman Aman Putra, Jinjang, Kepong, Kuala Lumpur, 68100, Malaysia"
TMN AMAN SURIA,PEKAN BATANG BERJUNTAI,Kuala Selangor,3.3802535,101.4125349,scheme,"Taman Aman Suria, Bestari Jaya, Kuala Selangor, Selangor, Malaysia"
"TMN AMAN, BANTING",BANDAR BANTING,Kuala Langat,2.9120153,101.4718434,scheme,"Taman Jaya Utama (Utara), Jalan Klang Banting, Taman Jaya Utama, Teluk Panglima Garang, Kuala Langat, Selangor, 42600, M"
"TMN AMAN, BANTING",TANJUNG 12,Kuala Langat,2.9120153,101.4718434,scheme,"Taman Jaya Utama (Utara), Jalan Klang Banting, Taman Jaya Utama, Teluk Panglima Garang, Kuala Langat, Selangor, 42600, M"
"TMN AMAN, BUKIT KUDA",KAPAR,Klang,,,none,
"TMN AMAN, JERAM",PEKAN KUALA SUNGAI BULUH,Kuala Selangor,,,none,
"TMN AMAN, PEL. KLANG",KELANG,Klang,2.9930954,101.4250252,road,"Jalan Idaman 9, Kampung Idaman, Port Klang, Klang City, Klang, Selangor, 42000, Malaysia"
"TMN AMAN, TPG",BANDAR TELOK PANGLIMA GARANG,Kuala Langat,2.9089869,101.4665197,scheme,"Taman Aman, Teluk Panglima Garang, Kuala Langat, Selangor, 42600, Malaysia"
TMN AMPANG,AMPANG,Hulu Langat,3.1538721,101.7539761,scheme,"Taman Ampang Utama, Kampung Pandan Dalam, Ampang, Ampang Jaya Municipal Council, Hulu Langat, Selangor, Malaysia"
TMN AMPANG HILIR,AMPANG,Hulu Langat,3.149596,101.7494779,scheme,"Taman Ampang Hilir, Kampung Pandan Dalam, Ampang, Ampang Jaya Municipal Council, Hulu Langat, Selangor, 68000, Malaysia"
TMN AMPANG HILIR,BANDAR AMPANG,Hulu Langat,3.149596,101.7494779,scheme,"Taman Ampang Hilir, Kampung Pandan Dalam, Ampang, Ampang Jaya Municipal Council, Hulu Langat, Selangor, 68000, Malaysia"
TMN AMPANG HILIR (FAWINA COURT),BANDAR AMPANG,Hulu Langat,3.149596,101.7494779,scheme,"Taman Ampang Hilir, Kampung Pandan Dalam, Ampang, Ampang Jaya Municipal Council, Hulu Langat, Selangor, 68000, Malaysia"
TMN AMPANG INDAH,AMPANG,Hulu Langat,3.1478109,101.7776899,scheme,"Taman Ampang Indah, Kampung Dato Mufti Shuib, Ampang, Ampang Jaya Municipal Council, Hulu Langat, Selangor, Malaysia"
TMN AMPANG INDAH,BANDAR AMPANG,Hulu Langat,3.1478109,101.7776899,scheme,"Taman Ampang Indah, Kampung Dato Mufti Shuib, Ampang, Ampang Jaya Municipal Council, Hulu Langat, Selangor, Malaysia"
TMN AMPANG JAYA,AMPANG,Hulu Langat,3.1604294,101.7603125,scheme,"Taman Ampang Jaya, Ampang, Ampang Jaya Municipal Council, Hulu Langat, Selangor, 68000, Malaysia"
TMN AMPANG JAYA,BANDAR AMPANG,Hulu Langat,3.1604294,101.7603125,scheme,"Taman Ampang Jaya, Ampang, Ampang Jaya Municipal Council, Hulu Langat, Selangor, 68000, Malaysia"
TMN AMPANG MAJU,AMPANG,Hulu Langat,3.120806,101.7560243,scheme,"Sekolah Kebangsaan Taman Muda, Jalan Pandan Muhibbah, Taman Lembah Maju, Pandan Indah, Ampang, Ampang Jaya Municipal Cou"
TMN AMPANG MAJU,BANDAR AMPANG,Hulu Langat,3.120806,101.7560243,scheme,"Sekolah Kebangsaan Taman Muda, Jalan Pandan Muhibbah, Taman Lembah Maju, Pandan Indah, Ampang, Ampang Jaya Municipal Cou"
TMN AMPANG MAJU,PEKAN KAJANG,Hulu Langat,3.120806,101.7560243,scheme,"Sekolah Kebangsaan Taman Muda, Jalan Pandan Muhibbah, Taman Lembah Maju, Pandan Indah, Ampang, Ampang Jaya Municipal Cou"
TMN AMPANG MEWAH,AMPANG,Hulu Langat,3.1246915,101.7677499,scheme,"Tabika Kemas Taman Sri Raya, Jalan 5/9, Pandan Mewah, Kampung Tasik Tambahan, Ampang, Ampang Jaya Municipal Council, Hul"
TMN AMPANG MEWAH,BANDAR AMPANG,Hulu Langat,3.1246915,101.7677499,scheme,"Tabika Kemas Taman Sri Raya, Jalan 5/9, Pandan Mewah, Kampung Tasik Tambahan, Ampang, Ampang Jaya Municipal Council, Hul"
TMN AMPANG PRIMA,AMPANG,Hulu Langat,3.1547268,101.7671463,road,"Jalan Teratai, Ampang, Ampang Jaya Municipal Council, Hulu Langat, Selangor, 68000, Malaysia"
TMN ANDALAS JAYA,KELANG,Klang,,,none,
TMN ANDALAS JAYA (P/L1384),KELANG,Klang,,,none,
TMN ANDALAS PERMAI,KELANG,Klang,3.0254118,101.4513357,scheme,"Sri Tanjung 1, Jalan Tun Dr. Ismail, Klang City, Klang, Selangor, 41000, Malaysia"
TMN ANGGERIK,PASANGAN,Kuala Selangor,3.3608132,101.3061848,scheme,"Taman Anggerik, Kampung Kuantan, Kuala Selangor, Selangor, Malaysia"
TMN ANGGERIK EMAS,SEMENYIH,Hulu Langat,2.9700553,101.8202654,road,"Jalan Anggerik Emas 5, Taman Anggerik Perdana, Kajang Technology City, Semenyih, Kajang Municipal Council, Hulu Langat, "
TMN ANGGERIK PERDANA,BANDAR BATU 18 SEMENYIH,Hulu Langat,2.972427,101.8224106,scheme,"Taman Anggerik Perdana, Kajang Technology City, Semenyih, Kajang Municipal Council, Hulu Langat, Selangor, 43500, Malays"
TMN ANGGERIK PERDANA,SEMENYIH,Hulu Langat,2.972427,101.8224106,scheme,"Taman Anggerik Perdana, Kajang Technology City, Semenyih, Kajang Municipal Council, Hulu Langat, Selangor, 43500, Malays"
TMN ANGKASA,KAPAR,Klang,3.0162042,101.4249197,scheme,"Komersial Taman Chi Liung, Jalan Batu Unjur, Taman Kampung Pandamaran Jaya, Port Klang, Klang City, Klang, Selangor, 420"
TMN ANGKASA  (JLN PUCHONG),MUKIM PETALING,Kuala Lumpur,3.0691355,101.6535616,scheme,"Taman Angkasa, Kuala Lumpur, Malaysia"
TMN ANGKASA 2,KELANG,Klang,,,none,
TMN ANGKASA INDAH,BANDAR KAJANG,Hulu Langat,3.0016988,101.8002025,scheme,"Taman Angkasa Indah, Sungai Kantan, Kajang Municipal Council, Hulu Langat, Selangor, Malaysia"
TMN ANGSANA,KAJANG,Hulu Langat,3.0614684,101.7526086,scheme,"Taman Bukit Angsana, Cheras, Kajang Municipal Council, Hulu Langat, Selangor, 43200, Malaysia"
TMN ANGSANA,KELANG,Klang,3.0250805,101.4169824,road,"Jalan 3, Kampung Delek Kiri, Kampung Raja Uda, Port Klang, Klang City, Klang, Selangor, 42000, Malaysia"
TMN ANIKA BARU,KELANG,Klang,,,none,
TMN ANJUNG MELATI (PECAHAN LOT 2358),SETAPAK,Gombak,,,none,
TMN ANULAE,BANDAR KELANG,Klang,,,none,
TMN ASA JAYA,BANDAR BATU 18 SEMENYIH,Hulu Langat,2.9872812,101.8174094,scheme,"Taman Asa Jaya, Kajang Municipal Council, Hulu Langat, Selangor, 43000, Malaysia"
TMN ASA JAYA,BANDAR KAJANG,Hulu Langat,2.9872812,101.8174094,scheme,"Taman Asa Jaya, Kajang Municipal Council, Hulu Langat, Selangor, 43000, Malaysia"
TMN ASA JAYA,SEMENYIH,Hulu Langat,2.9872812,101.8174094,scheme,"Taman Asa Jaya, Kajang Municipal Council, Hulu Langat, Selangor, 43000, Malaysia"
TMN ASEAN,KELANG,Klang,3.0265154,101.4269454,road,"Jalan Tebu, Taman Sri Gadong, Pandamaran, Port Klang, Klang City, Klang, Selangor, 42000, Malaysia"
TMN ASSAM JAWA,PEKAN ASAM JAWA,Kuala Selangor,3.3016369,101.287216,scheme,"Taman Assam Jawa, Assam Jawa, Kuala Selangor, Selangor, Malaysia"
"TMN AUR, PEL. KLANG",KELANG,Klang,,,none,
"TMN AUR, PEL. KLANG",PEKAN PORT SWETTENHAM,Klang,,,none,
TMN AWANI BANGI,PEKAN BANGI LAMA,Hulu Langat,,,none,
TMN B.K.SENTOSA (P/L 10484),KELANG,Klang,,,none,
TMN BAHAGIA,PEKAN KANCHCNG,Kuala Langat,2.7325406,101.4552561,scheme,"Taman Bahagia, Morib, Banting, Kuala Langat, Selangor, Malaysia"
TMN BAHAGIA (P/L 3006),PEKAN KANCHCNG,Kuala Langat,2.7325406,101.4552561,scheme,"Taman Bahagia, Morib, Banting, Kuala Langat, Selangor, Malaysia"
TMN BAHAGIA IMPIAN (P/L 8325),KAPAR,Klang,,,none,
TMN BAHAGIA P/L 10990,KELANG,Klang,,,none,
TMN BAIDURI,BANDAR BANTING,Kuala Langat,2.8024846,101.4855929,scheme,"Taman Baiduri, Banting, Kuala Langat, Selangor, Malaysia"
TMN BAIDURI,TANJUNG 12,Kuala Langat,2.8024846,101.4855929,scheme,"Taman Baiduri, Banting, Kuala Langat, Selangor, Malaysia"
"TMN BAIDURI, MERU (P/L 2194)",KAPAR,Klang,3.160977,101.4058536,scheme,"Taman Desa Baiduri, Kapar, Klang City, Klang, Selangor, Malaysia"
TMN BAJURI,TANJUNG 12,Kuala Langat,2.8379011,101.5994294,scheme,"Taman Bajuri, Banting, Kuala Langat, Selangor, Malaysia"
TMN BAKTI,BANDAR AMPANG,Hulu Langat,3.1376824,101.744863,scheme,"Taman Bakti, Pandan Indah, Ampang, Ampang Jaya Municipal Council, Hulu Langat, Selangor, Malaysia"
TMN BAKTI (RUMAH MURAH PKNS IJUK),IJOK,Kuala Selangor,3.3181358,101.4154748,scheme,"Taman Bakti, Ijok, Kuala Selangor, Selangor, Malaysia"
"TMN BAKTI, SG. MANGGIS",TANJUNG 12,Kuala Langat,,,none,
TMN BALAKONG JAYA,KAJANG,Hulu Langat,3.0073911,101.737906,scheme,"Taman Balakong Jaya, Cheras, Kajang Municipal Council, Hulu Langat, Selangor, 43400, Malaysia"
TMN BALAKONG JAYA,PEKAN KAJANG,Hulu Langat,3.0073911,101.737906,scheme,"Taman Balakong Jaya, Cheras, Kajang Municipal Council, Hulu Langat, Selangor, 43400, Malaysia"
TMN BALAKONG JAYA (PANGSAPURI MUTIARA),PEKAN KAJANG,Hulu Langat,3.0073911,101.737906,scheme,"Taman Balakong Jaya, Cheras, Kajang Municipal Council, Hulu Langat, Selangor, 43400, Malaysia"
TMN BANDAR KLANG,BANDAR KELANG,Klang,3.0817127,101.6185457,scheme,"Taman Desaria (Barat), Old Klang Road, PJS 6, Sunway City, Petaling Jaya, Petaling, Selangor, 46150, Malaysia"
TMN BANDAR KLANG,KAPAR,Klang,3.0092194,101.4675818,scheme,"Bandar Sentosa, Klang City, Klang, Selangor, 41200, Malaysia"
TMN BANDAR MELAWATI,BANDAR KUALA SELANGOR,Kuala Selangor,3.2426333,101.4218254,road,"Lorong Lili, Puncak Alam Fasa 3, Seksyen 13, Bandar Puncak Alam, Kuala Selangor, Selangor, 42300, Malaysia"
TMN BANDAR MELAWATI,KUALA SELANGOR,Kuala Selangor,2.807713,101.6548168,road,"Lorong Melati, Bukit Changgang, Kampung RTB Bukit Changgang, Kuala Langat, Selangor, Malaysia"
TMN BANGI,BANDAR KAJANG,Hulu Langat,2.9596361,101.7585239,scheme,"Taman Tasik Cempaka, Bandar Baru Bangi, Kajang Municipal Council, Hulu Langat, Selangor, Malaysia"
TMN BANGI INDAH,KAJANG,Hulu Langat,3.0271451,101.7881514,road,"Jalan 6, Taman Sekamat, Kampung Sungai Sekamat, Kajang Municipal Council, Hulu Langat, Selangor, 43200, Malaysia"
TMN BANGI INDAH,PEKAN BANGI LAMA,Hulu Langat,,,none,
TMN BANGI JAYA,PEKAN SEMENYIH,Hulu Langat,,,none,
TMN BANGI JAYA,SEMENYIH,Hulu Langat,2.9475608,101.8346965,road,"Jalan Bangi Jaya, Kajang East, Semenyih, Kajang Municipal Council, Hulu Langat, Selangor, 43700, Malaysia"
TMN BANGI PERMAI,KAJANG,Hulu Langat,2.8997983,101.7822564,road,"Jalan Bangi Permai 4, Taman Angsana Bangi, Kampung Bahagia, Bangi Lama, Kajang Municipal Council, Hulu Langat, Selangor,"
TMN BANGI RIA,PEKAN BANGI LAMA,Hulu Langat,,,none,
TMN BANGSA INDAH - SEK. 24,KAPAR,Klang,,,none,
TMN BANTING BARU,BANDAR,Kuala Langat,2.8286477,101.5626546,scheme,"Taman Angkasa, Bandar Mahkota Banting, Kuala Langat, Selangor, Malaysia"
TMN BANTING BARU,JUGRA,Kuala Langat,2.8139138,101.4546317,scheme,"Taman Banting Baru, Kampung Seri Jugra, Sungai Raba, Kuala Langat, Selangor, Malaysia"
TMN BANTING BARU,PEKAN SG RABA,Kuala Langat,2.8139138,101.4546317,scheme,"Taman Banting Baru, Kampung Seri Jugra, Sungai Raba, Kuala Langat, Selangor, Malaysia"
"TMN BANTING BARU, BANTING",BANDAR,Kuala Langat,2.8286477,101.5626546,scheme,"Taman Angkasa, Bandar Mahkota Banting, Kuala Langat, Selangor, Malaysia"
TMN BANTING JAYA,BANDAR BANTING,Kuala Langat,2.9120153,101.4718434,scheme,"Taman Jaya Utama (Utara), Jalan Klang Banting, Taman Jaya Utama, Teluk Panglima Garang, Kuala Langat, Selangor, 42600, M"
TMN BANTING JAYA,TANJUNG 12,Kuala Langat,2.9120153,101.4718434,scheme,"Taman Jaya Utama (Utara), Jalan Klang Banting, Taman Jaya Utama, Teluk Panglima Garang, Kuala Langat, Selangor, 42600, M"
TMN BANTING MEWAH (SUNGAI  NANGKA),TANJUNG 12,Kuala Langat,,,none,
TMN BATANG BERJUNTAI (PL 364),PEKAN BATANG BERJUNTAI,Kuala Selangor,3.3800553,101.3984978,scheme,"Taman Seri Indah, Bestari Jaya, Kuala Selangor, Selangor, Malaysia"
TMN BATU,MUKIM BATU,Kuala Lumpur,3.2003996,101.6650156,scheme,"Taman Batu, Jinjang, Kepong, Kuala Lumpur, Malaysia"
TMN BATU 3 (SEMENYIH),SEMENYIH,Hulu Langat,2.917196,101.8245528,scheme,"Taman Lestari Mewah, Kampung Batu Tiga, Semenyih, Kajang Municipal Council, Hulu Langat, Selangor, Malaysia"
TMN BATU BELAH,BANDAR KELANG,Klang,3.0696243,101.4390782,scheme,"Taman Batu Belah, Klang City, Klang, Selangor, Malaysia"
TMN BATU BELAH- P/L 1641 AND 1642,BANDAR KELANG,Klang,3.0138077,101.4291163,road,"Jalan Sentosa, Bandar Bukit Tinggi 1, Bandar Bukit Tinggi, Port Klang, Klang City, Klang, Selangor, 42000, Malaysia"
TMN BATU BELAH- P/L 1641 AND 1642,KAPAR,Klang,3.131264,101.3818075,road,"Jalan Hamzah Alang 55, Taman Sentosa Kapar, Kapar, Klang City, Klang, Selangor, 42200, Malaysia"
TMN BATU HAMPAR (R MURAH KOH KAI BOH),API-API,Kuala Selangor,,,none,
TMN BATU MUDA,MUKIM BATU,Kuala Lumpur,3.2279984,101.686107,scheme,"Taman Batu Muda (Tengah), Jalan Taman Batu Muda, Taman Batu Muda, Kampung Padang Balang, Kuala Lumpur, 68100, Malaysia"
TMN BATU PERMAI,MUKIM BATU,Kuala Lumpur,3.2084223,101.6782879,scheme,"Pertubuhan Seni Silat Pusaka Gayong Malaysia, Jalan 9/18B, Taman Batu Permai, Kampung Medan Wira Utama, Kuala Lumpur, 51"
TMN BATU TIGA,PEKAN BATU TIGA,Petaling,3.0751917,101.5617439,scheme,"Taman Batu Tiga, Subang Hi-Tech, Batu Tiga, Subang Jaya City Council, Petaling, Selangor, Malaysia"
TMN BAYU,KAPAR,Klang,3.0144611,101.4978085,scheme,"Taman Bayu Kemuning, Section 34, Shah Alam, Klang, Selangor, Malaysia"
TMN BAYU,PEKAN MERU,Klang,3.0144611,101.4978085,scheme,"Taman Bayu Kemuning, Section 34, Shah Alam, Klang, Selangor, Malaysia"
TMN BAYU (P/L 4900),PEKAN MERU,Klang,3.0144611,101.4978085,scheme,"Taman Bayu Kemuning, Section 34, Shah Alam, Klang, Selangor, Malaysia"
TMN BAYU (R.M. PSR. PENAMBANG),KUALA SELANGOR,Kuala Selangor,3.3216371,101.252534,scheme,"Taman Bayu Alam, Bandar Malawati, Kuala Selangor, Selangor, Malaysia"
TMN BAYU (R.M. PSR. PENAMBANG),PEKAN PASIR PENAMBANG,Kuala Selangor,3.3216371,101.252534,scheme,"Taman Bayu Alam, Bandar Malawati, Kuala Selangor, Selangor, Malaysia"
TMN BAYU ALAM,BANDAR KUALA SELANGOR,Kuala Selangor,3.3216371,101.252534,scheme,"Taman Bayu Alam, Bandar Malawati, Kuala Selangor, Selangor, Malaysia"
TMN BAYU EMAS,KELANG,Klang,3.0198699,101.4206871,scheme,"Taman Bayu Emas, Kampung Raja Uda, Port Klang, Klang City, Klang, Selangor, 42000, Malaysia"
TMN BAYU HEIGHTS 2,KAJANG,Hulu Langat,3.0112663,101.7320021,road,"Jalan Bayu Heights 2/1, Bayu Heights 2, Balakong, Kajang Municipal Council, Hulu Langat, Selangor, 43400, Malaysia"
TMN BAYU HEIGHTS 2,PEKAN KAJANG,Hulu Langat,,,none,
TMN BAYU INDAH P/L 5704,KELANG,Klang,,,none,
TMN BAYU KEMUNING(PL 10316),KELANG,Klang,3.0144611,101.4978085,scheme,"Taman Bayu Kemuning, Section 34, Shah Alam, Klang, Selangor, Malaysia"
TMN BAYU MALAWATI,BANDAR KUALA SELANGOR,Kuala Selangor,3.3216371,101.252534,scheme,"Taman Bayu Alam, Bandar Malawati, Kuala Selangor, Selangor, Malaysia"
"TMN BAYU MAS, JLN SAMBAU",BANDAR KELANG,Klang,,,none,
"TMN BAYU MAS, JLN SAMBAU",KELANG,Klang,3.0191911,101.431004,road,"Jalan Batu Unjur 9, Taman Bayu Perdana, Pandamaran, Port Klang, Klang City, Klang, Selangor, 42000, Malaysia"
TMN BAYU PERDANA,BANDAR KELANG,Klang,3.0169609,101.4358213,scheme,"Taman Bayu Perdana, Klang City, Klang, Selangor, Malaysia"
TMN BAYU PERDANA,KELANG,Klang,3.01575,101.4275417,scheme,"Taman Bayu Perdana (Tengah), Jalan Batu Unjur, Taman Kampung Pandamaran Jaya, Port Klang, Klang City, Klang, Selangor, 4"
TMN BAYU SERI BINTANG,MUKIM BATU,Kuala Lumpur,,,none,
TMN BAYU TINGGI (BAYU GOLDEN),PEKAN PENDAMARAN,Klang,,,none,
"TMN BAYU, MERU",PEKAN MERU,Klang,,,none,
TMN BELIBIS,API-API,Kuala Selangor,3.3005207,101.2923924,scheme,"Taman Belibis, Assam Jawa, Kuala Selangor, Selangor, Malaysia"
TMN BELIBIS,PEKAN ASAM JAWA,Kuala Selangor,3.3005207,101.2923924,scheme,"Taman Belibis, Assam Jawa, Kuala Selangor, Selangor, Malaysia"
TMN BELLINA (P/L 1570),KELANG,Klang,,,none,
TMN BENDAHARA,BANDAR KUALA SELANGOR,Kuala Selangor,3.3227328,101.2687869,scheme,"Taman Bendahara, Kuala Selangor, Selangor, Malaysia"
TMN BENTARA,TANJUNG 12,Kuala Langat,2.9322473,101.5009846,scheme,"Taman Bentara, Kampung Kebun Baru, Teluk Panglima Garang, Kuala Langat, Selangor, Malaysia"
TMN BENTARA,TELOK PANGLIMA GARANG,Kuala Langat,2.9322473,101.5009846,scheme,"Taman Bentara, Kampung Kebun Baru, Teluk Panglima Garang, Kuala Langat, Selangor, Malaysia"
TMN BENTARA (P/L 3057),TELOK PANGLIMA GARANG,Kuala Langat,2.9322473,101.5009846,scheme,"Taman Bentara, Kampung Kebun Baru, Teluk Panglima Garang, Kuala Langat, Selangor, Malaysia"
TMN BENTARA (P/L 3568)JLN HELANG,TELOK PANGLIMA GARANG,Kuala Langat,,,none,
TMN BENTARA (PL15552),TELOK PANGLIMA GARANG,Kuala Langat,2.9322473,101.5009846,scheme,"Taman Bentara, Kampung Kebun Baru, Teluk Panglima Garang, Kuala Langat, Selangor, Malaysia"
TMN BENTARA - JALAN PUYUH (P/L 4268),TELOK PANGLIMA GARANG,Kuala Langat,,,none,
TMN BENTARA - JLN MERBOK PEC LOT 4218,TELOK PANGLIMA GARANG,Kuala Langat,,,none,
TMN BENTARA 15 (PL4326) JLN PIPIT 6/65,TELOK PANGLIMA GARANG,Kuala Langat,,,none,
TMN BENTARA JLN MERAK 2/17(P/L12005),TELOK PANGLIMA GARANG,Kuala Langat,,,none,
TMN BENTARA P/L 3724,TELOK PANGLIMA GARANG,Kuala Langat,,,none,
TMN BERJAYA (KAJANG),BANDAR BARU BANGI,Hulu Langat,2.9847434,101.7800619,scheme,"Taman Berjaya, Kampung Kwan Tung Baru, Kajang Municipal Council, Hulu Langat, Selangor, Malaysia"
TMN BERJAYA (KAJANG),KAJANG,Hulu Langat,2.9847434,101.7800619,scheme,"Taman Berjaya, Kampung Kwan Tung Baru, Kajang Municipal Council, Hulu Langat, Selangor, Malaysia"
TMN BERJAYA BARU,BANDAR BARU BANGI,Hulu Langat,2.9847434,101.7800619,scheme,"Taman Berjaya, Kampung Kwan Tung Baru, Kajang Municipal Council, Hulu Langat, Selangor, Malaysia"
TMN BERJAYA BARU,KAJANG,Hulu Langat,2.9847434,101.7800619,scheme,"Taman Berjaya, Kampung Kwan Tung Baru, Kajang Municipal Council, Hulu Langat, Selangor, Malaysia"
TMN BERKELEY (BUKIT RAJA),BANDAR KELANG,Klang,3.0558291,101.4629913,scheme,"Wisma 99/Perumahan Taman Berkeley (Selatan), Persiaran Rajawali, Taman Eng Ann, Klang City, Klang, Selangor, 41150, Mala"
TMN BERKELEY (BUKIT RAJA),KAPAR,Klang,3.0558291,101.4629913,scheme,"Wisma 99/Perumahan Taman Berkeley (Selatan), Persiaran Rajawali, Taman Eng Ann, Klang City, Klang, Selangor, 41150, Mala"
TMN BERLIAN,BANDAR KAJANG,Hulu Langat,,,none,
TMN BERLIAN,HUJUNG PERMATANG,Kuala Selangor,,,none,
TMN BERLIAN,UJONG PERMATANG,Kuala Selangor,,,none,
TMN BERTEK,BANDAR KELANG,Klang,,,none,
TMN BERTEK,KELANG,Klang,,,none,
TMN BERTEK INDAH,BANDAR KELANG,Klang,,,none,
TMN BERTEK INDAH,KELANG,Klang,3.0375897,101.4271741,road,"Lorong Serampang 8, Teluk Pulai, Port Klang, Klang City, Klang, Selangor, 41250, Malaysia"
TMN BERTIH LAUT,KELANG,Klang,,,none,
TMN BIDARA,KAJANG,Hulu Langat,2.9871576,101.7829316,road,"Jalan Bidara 2, Taman Taming Emas, Kampung Kwan Tung Baru, Kajang Municipal Council, Hulu Langat, Selangor, 43000, Malay"
TMN BIJAYA,KELANG,Klang,3.0278369,101.4670045,scheme,"Taman Bijaya, Klang City, Klang, Selangor, 41000, Malaysia"
TMN BILIUN  (TMN SUFFIAH ROSE),MUKIM KUALA LUMPUR,Kuala Lumpur,3.0975014,101.7368987,road,"Jalan Siput, Taman Billion, Taman Cheras, Cheras, Kuala Lumpur, 56100, Malaysia"
TMN BINJAI JAYA (MERU),KAPAR,Klang,,,none,
TMN BISTARI,PEKAN JENJAROM,Kuala Langat,,,none,
TMN BKT AMPANG,AMPANG,Hulu Langat,3.1420588,101.777791,scheme,"Taman Bukit Ampang, Kampung Dato Mufti Shuib, Ampang, Ampang Jaya Municipal Council, Hulu Langat, Selangor, 68000, Malay"
TMN BKT AMPANG PERMAI,BANDAR AMPANG,Hulu Langat,3.1398482,101.7786857,scheme,"Pos Malaysia Office, Lot 613, Lorong Dagang Permai 6, Taman Bukit Ampang, Kampung Muhibbah, Ampang, Ampang Jaya Municipa"
TMN BKT ANGKASA  (TMN ANGKASAPURI FLAT),MUKIM KUALA LUMPUR,Kuala Lumpur,3.1090648,101.670249,scheme,"Taman Bukit Angkasa, Pantai Dalam, Kuala Lumpur, 59200, Malaysia"
TMN BKT ANGKASA (TMN ANGKASAPURI FLAT),MUKIM KUALA LUMPUR,Kuala Lumpur,3.1090648,101.670249,scheme,"Taman Bukit Angkasa, Pantai Dalam, Kuala Lumpur, 59200, Malaysia"
TMN BKT ANGSANA,CHERAS,Hulu Langat,3.0614684,101.7526086,scheme,"Taman Bukit Angsana, Cheras, Kajang Municipal Council, Hulu Langat, Selangor, 43200, Malaysia"
TMN BKT ANGSANA,PEKAN CHERAS,Hulu Langat,3.0614684,101.7526086,scheme,"Taman Bukit Angsana, Cheras, Kajang Municipal Council, Hulu Langat, Selangor, 43200, Malaysia"
TMN BKT BAYU INDAH,PEKAN KAJANG,Hulu Langat,,,none,
TMN BKT BELIMBING,CHERAS,Hulu Langat,3.0303692,101.7317983,scheme,"Taman Bukit Belimbing, Balakong, Cheras, Kajang Municipal Council, Hulu Langat, Selangor, Malaysia"
TMN BKT BELIMBING,PEKAN CHERAS,Hulu Langat,3.0303692,101.7317983,scheme,"Taman Bukit Belimbing, Balakong, Cheras, Kajang Municipal Council, Hulu Langat, Selangor, Malaysia"
TMN BKT CANTIK,BANDAR KAJANG,Hulu Langat,2.9908139,101.802586,scheme,"Taman Bukit Cantik, Kajang Municipal Council, Hulu Langat, Selangor, Malaysia"
TMN BKT EMAS(LEADMONT) KAJANG,KAJANG,Hulu Langat,3.0045928,101.7519891,road,"Jalan Bukit Emas 3, Taman Desa Karunmas, Cheras, Kajang Municipal Council, Hulu Langat, Selangor, 43000, Malaysia"
TMN BKT EMAS(LEADMONT) KAJANG,PEKAN KAJANG,Hulu Langat,,,none,
TMN BKT INDAH,BANDAR KAJANG,Hulu Langat,3.1137349,101.7675356,scheme,"Taman Bukit Teratai, Pandan Indah, Ampang, Ampang Jaya Municipal Council, Hulu Langat, Selangor, 56100, Malaysia"
TMN BKT INDAH,MUKIM PETALING,Kuala Lumpur,3.0813231,101.680916,scheme,"Taman Bukit Indah, Jalan Mesra Ria, Happy Garden, Kuchai Lama, Kuala Lumpur, 58200, Malaysia"
TMN BKT JAYA,SEMENYIH,Hulu Langat,3.0957936,101.7593552,scheme,"Taman Bukit Segar Jaya 2, Cheras, Ampang, Ampang Jaya Municipal Council, Hulu Langat, Selangor, Malaysia"
TMN BKT KAJANG,KAJANG,Hulu Langat,3.0689538,101.7728562,scheme,"Pos Malaysia Batu 9 (Opp), Jalan Hulu Langat, Taman Mas 1, Kampung Melaka, Cheras, Kajang Municipal Council, Hulu Langat"
TMN BKT KAJANG BARU,BANDAR KAJANG,Hulu Langat,2.983131,101.7958028,scheme,"Taman Bukit Kajang Baru, Kajang 2, Kajang Municipal Council, Hulu Langat, Selangor, 43000, Malaysia"
TMN BKT KAJANG BARU,KAJANG,Hulu Langat,2.983131,101.7958028,scheme,"Taman Bukit Kajang Baru, Kajang 2, Kajang Municipal Council, Hulu Langat, Selangor, 43000, Malaysia"
TMN BKT KENANGAN,BANDAR KAJANG,Hulu Langat,,,none,
TMN BKT MERINGIN,PEKAN KAJANG,Hulu Langat,,,none,
TMN BKT MEWAH,BANDAR KAJANG,Hulu Langat,2.9731412,101.8100379,scheme,"Taman Bukit Mewah, Kajang 2, Kajang Municipal Council, Hulu Langat, Selangor, Malaysia"
TMN BKT MEWAH,KAJANG,Hulu Langat,2.9731412,101.8100379,scheme,"Taman Bukit Mewah, Kajang 2, Kajang Municipal Council, Hulu Langat, Selangor, Malaysia"
TMN BKT MEWAH,SEMENYIH,Hulu Langat,2.9731412,101.8100379,scheme,"Taman Bukit Mewah, Kajang 2, Kajang Municipal Council, Hulu Langat, Selangor, Malaysia"
TMN BKT MUTIARA,BANDAR KAJANG,Hulu Langat,2.9832618,101.8013064,scheme,"Taman Bukit Mutiara, Kajang 2, Kajang Municipal Council, Hulu Langat, Selangor, Malaysia"
TMN BKT MUTIARA,KAJANG,Hulu Langat,2.9832618,101.8013064,scheme,"Taman Bukit Mutiara, Kajang 2, Kajang Municipal Council, Hulu Langat, Selangor, Malaysia"
TMN BKT PANDAN,BANDAR AMPANG,Hulu Langat,3.1081009,101.7534625,scheme,"Taman Bukit Pandan, Pandan Perdana, Ampang, Ampang Jaya Municipal Council, Hulu Langat, Selangor, 55300, Malaysia"
TMN BKT PANDAN (KONDOMINIUM NUSA MEWAH),BANDAR AMPANG,Hulu Langat,3.1081009,101.7534625,scheme,"Taman Bukit Pandan, Pandan Perdana, Ampang, Ampang Jaya Municipal Council, Hulu Langat, Selangor, 55300, Malaysia"
TMN BKT PANDAN BISTARI,BANDAR AMPANG,Hulu Langat,3.104127,101.756735,scheme,"Taman Bukit Pandan Bistari, Pandan Perdana, Ampang, Ampang Jaya Municipal Council, Hulu Langat, Selangor, 55300, Malaysi"
TMN BKT PERMAI (AMPANG),AMPANG,Hulu Langat,3.1089981,101.7600876,scheme,"Taman Bukit Permai, Ampang, Ampang Jaya Municipal Council, Hulu Langat, Selangor, 56100, Malaysia"
TMN BKT PERMAI (AMPANG),BANDAR AMPANG,Hulu Langat,3.1398482,101.7786857,scheme,"Pos Malaysia Office, Lot 613, Lorong Dagang Permai 6, Taman Bukit Ampang, Kampung Muhibbah, Ampang, Ampang Jaya Municipa"
TMN BKT PERMAI (CHERAS),CHERAS,Hulu Langat,3.1089981,101.7600876,scheme,"Taman Bukit Permai, Ampang, Ampang Jaya Municipal Council, Hulu Langat, Selangor, 56100, Malaysia"
TMN BKT PERMAI (KAJANG),BANDAR KAJANG,Hulu Langat,2.9826012,101.7981627,scheme,"Taman Bukit Permai, Kajang 2, Kajang Municipal Council, Hulu Langat, Selangor, Malaysia"
TMN BKT PERMAI (KAJANG),KAJANG,Hulu Langat,2.9826012,101.7981627,scheme,"Taman Bukit Permai, Kajang 2, Kajang Municipal Council, Hulu Langat, Selangor, Malaysia"
TMN BKT PERMAI MAS CHERAS(P/L 538),BANDAR BATU 9 CHERAS,Hulu Langat,,,none,
TMN BKT RAYA,HULU LANGAT,Hulu Langat,3.0689538,101.7728562,scheme,"Pos Malaysia Batu 9 (Opp), Jalan Hulu Langat, Taman Mas 1, Kampung Melaka, Cheras, Kajang Municipal Council, Hulu Langat"
TMN BKT RAYA,LABU,Sepang,2.8031631,101.712986,road,"Jalan 1, Taman Indah KLIA, Kampung Labu Lanjut, Bandar Baru Salak Tinggi, Sepang, Selangor, 43900, Malaysia"
TMN BKT RIA,BANDAR KAJANG,Hulu Langat,2.9804666,101.7994747,scheme,"Taman Bukit Ria, Kajang 2, Kajang Municipal Council, Hulu Langat, Selangor, Malaysia"
TMN BKT SEGAR (AMPANG),AMPANG,Hulu Langat,3.093152,101.7550164,scheme,"Taman Bukit Segar, Cheras, Ampang, Ampang Jaya Municipal Council, Hulu Langat, Selangor, Malaysia"
TMN BKT SEGAR EMAS/CHERAS HARTAMAS(AMPG),AMPANG,Hulu Langat,3.1332791,101.7519447,road,"Jalan Pandan Indah 1/23, Pandan Indah, Ampang, Ampang Jaya Municipal Council, Hulu Langat, Selangor, 51500, Malaysia"
TMN BKT SEGAR JAYA (AMPANG),AMPANG,Hulu Langat,3.093152,101.7550164,scheme,"Taman Bukit Segar, Cheras, Ampang, Ampang Jaya Municipal Council, Hulu Langat, Selangor, Malaysia"
TMN BKT SEGAR JAYA(AMPANG),AMPANG,Hulu Langat,3.093152,101.7550164,scheme,"Taman Bukit Segar, Cheras, Ampang, Ampang Jaya Municipal Council, Hulu Langat, Selangor, Malaysia"
TMN BKT SEMENYIH,PEKAN SEMENYIH,Hulu Langat,,,none,
TMN BKT SEMENYIH,SEMENYIH,Hulu Langat,2.9514198,101.830564,road,"Jalan Bukit Semenyih 7, Kajang East Precinct 2, Kajang East, Semenyih, Kajang Municipal Council, Hulu Langat, Selangor, "
TMN BKT SG LONG,CHERAS,Hulu Langat,3.0740657,101.7446131,scheme,"Komersial Taman Len Seng (2), Sungai Besi–Ulu Klang Elevated Expressway, Taman Len Sen, Cheras, Kuala Lumpur, Hulu Langa"
TMN BKT SURIA,CHERAS,Hulu Langat,3.1106396,101.7476188,road,"Jalan 2, Cheras, Ampang, Ampang Jaya Municipal Council, Hulu Langat, Selangor, 56100, Malaysia"
TMN BKT SURIA 2,CHERAS,Hulu Langat,3.0930336,101.7550071,road,"Jalan BS 2, Taman Bukit Segar, Cheras, Ampang, Ampang Jaya Municipal Council, Hulu Langat, Selangor, 56100, Malaysia"
TMN BKT TERATAI,AMPANG,Hulu Langat,3.1137349,101.7675356,scheme,"Taman Bukit Teratai, Pandan Indah, Ampang, Ampang Jaya Municipal Council, Hulu Langat, Selangor, 56100, Malaysia"
TMN BKT TERATAI,BANDAR AMPANG,Hulu Langat,3.1137349,101.7675356,scheme,"Taman Bukit Teratai, Pandan Indah, Ampang, Ampang Jaya Municipal Council, Hulu Langat, Selangor, 56100, Malaysia"
TMN BRINGIN,MUKIM BATU,Kuala Lumpur,3.2198024,101.6645381,road,"Jalan Marudi 9, Taman Beringin, Jinjang, Kepong, Kuala Lumpur, 52000, Malaysia"
"TMN BUDI, JERAM",JERAM,Kuala Selangor,3.2246487,101.3136831,scheme,"Taman Budi, Kampung Jeram Pantai, Jeram, Kuala Selangor, Selangor, Malaysia"
"TMN BUDI, JERAM",PEKAN JERAM,Kuala Selangor,3.2246487,101.3136831,scheme,"Taman Budi, Kampung Jeram Pantai, Jeram, Kuala Selangor, Selangor, Malaysia"
TMN BUDIMAN (PERMAI),BANDAR BANTING,Kuala Langat,,,none,
TMN BUKIT AMAN,MUKIM PETALING,Kuala Lumpur,3.0763133,101.685172,scheme,"Taman Bukit Aman, Sri Petaling, Kuala Lumpur, 57000, Malaysia"
TMN BUKIT ANGKASA (PHASE II),MUKIM KUALA LUMPUR,Kuala Lumpur,3.1090648,101.670249,scheme,"Taman Bukit Angkasa, Pantai Dalam, Kuala Lumpur, 59200, Malaysia"
TMN BUKIT BADONG (RMH MURAH PKNS),IJOK,Kuala Selangor,3.3382551,101.4153262,scheme,"Taman Bukit Badong, Kampung Bukit Badong, Ijok, Kuala Selangor, Selangor, Malaysia"
TMN BUKIT BELIMBING INDAH,PASANGAN,Kuala Selangor,3.3910959,101.2710571,scheme,"Taman Bukit Belimbing Indah, Kampung Bukit Belimbing, Kuala Selangor, Selangor, Malaysia"
TMN BUKIT CAHAYA,PETALING,Petaling,3.1120112,101.5084788,scheme,"Shah Alam National Botanical Garden, Shah Alam, Petaling, Selangor, Malaysia"
TMN BUKIT CHERAS,MUKIM CHERAS,Kuala Lumpur,3.0701323,101.7478627,scheme,"Taman Bukit Cheras, Cheras, Kuala Lumpur, 43200, Malaysia"
TMN BUKIT DESA,MUKIM KUALA LUMPUR,Kuala Lumpur,3.1108141,101.6842032,scheme,"Taman Bukit Desa, Seputeh, Kuala Lumpur, Malaysia"
TMN BUKIT HIJAU,MUKIM KUALA LUMPUR,Kuala Lumpur,3.0865421,101.7402613,scheme,"Taman Bukit Hijau, Cheras, Kuala Lumpur, Malaysia"
TMN BUKIT IMPIANA (COUNTRY HEIGHTS),BANDAR COUNTRY HEIGHT,Hulu Langat,,,none,
TMN BUKIT IMPIANA (COUNTRY HEIGHTS),KAJANG,Hulu Langat,2.9880593,101.7594468,road,"Jalan Bukit Impiana 3, Country Heights, Sungai Chua, Kajang Municipal Council, Hulu Langat, Selangor, 43000, Malaysia"
TMN BUKIT INTAN,MUKIM PETALING,Kuala Lumpur,3.0659086,101.7017518,scheme,"Taman Bukit Intan, Sri Petaling, Kuala Lumpur, 57000, Malaysia"
TMN BUKIT ISTANA,BANDAR KELANG,Klang,,,none,
TMN BUKIT ISTANA,KELANG,Klang,,,none,
TMN BUKIT JATI,KELANG,Klang,,,none,
TMN BUKIT JERAM,JERAM,Kuala Selangor,3.2540817,101.3084391,scheme,"Taman Bukit Jeram, Kuala Sungai Buloh, Sasaran, Kuala Selangor, Selangor, Malaysia"
TMN BUKIT KAPAR,KAPAR,Klang,3.154716,101.4314754,scheme,"Taman Desa Kencana, Jalan Limau, Kampung Bukit Kapar, Meru, Klang City, Klang, Selangor, 42200, Malaysia"
TMN BUKIT KAPAR,PEKAN KAPAR,Klang,3.154716,101.4314754,scheme,"Taman Desa Kencana, Jalan Limau, Kampung Bukit Kapar, Meru, Klang City, Klang, Selangor, 42200, Malaysia"
TMN BUKIT KAPAR (P/L 1053),PEKAN KAPAR,Klang,3.154716,101.4314754,scheme,"Taman Desa Kencana, Jalan Limau, Kampung Bukit Kapar, Meru, Klang City, Klang, Selangor, 42200, Malaysia"
TMN BUKIT KEMUNING,KELANG,Klang,3.0008699,101.5202473,scheme,"Taman Bukit Kemuning, Section 32, Shah Alam, Klang, Selangor, Malaysia"
TMN BUKIT KINRARA,PEKAN KINRARA,Petaling,3.0573888,101.6379628,scheme,"Taman Bukit Kuchai, Bukit Tandang, Puchong, Subang Jaya City Council, Petaling, Selangor, Malaysia"
TMN BUKIT KINRARA,PETALING,Petaling,3.059873,101.6358843,scheme,"Jalan Taman Kinrara, Taman Kinrara, Bukit Tandang, Puchong, Subang Jaya City Council, Petaling, Selangor, 47170, Malaysi"
TMN BUKIT KUCHAI,PEKAN KINRARA,Petaling,3.0573888,101.6379628,scheme,"Taman Bukit Kuchai, Bukit Tandang, Puchong, Subang Jaya City Council, Petaling, Selangor, Malaysia"
TMN BUKIT KUCHAI,PETALING,Petaling,3.0573888,101.6379628,scheme,"Taman Bukit Kuchai, Bukit Tandang, Puchong, Subang Jaya City Council, Petaling, Selangor, Malaysia"
TMN BUKIT KUDA,KAPAR,Klang,3.0430438,101.4601315,scheme,"Taman Bukit Kuda, Kampung Kuantan, Klang City, Klang, Selangor, 41000, Malaysia"
TMN BUKIT MALURI,MUKIM BATU,Kuala Lumpur,3.1997133,101.6322821,scheme,"Taman Bukit Maluri, Kepong, Kuala Lumpur, 52100, Malaysia"
TMN BUKIT MAS,MUKIM KUALA LUMPUR,Kuala Lumpur,3.1614318,101.6750374,road,"Jalan Nusa, Taman Duta, Kuala Lumpur, 50480, Malaysia"
TMN BUKIT MAS,MUKIM SETAPAK,Kuala Lumpur,3.1974417,101.7238824,road,"Jalan Usahawan Industrial Area, Setapak, Kuala Lumpur, Malaysia"
TMN BUKIT NAGA (P/L 3000),KELANG,Klang,3.0024929,101.502237,scheme,"Taman Jati Indah, Section 32, Shah Alam, Klang, Selangor, Malaysia"
"TMN BUKIT NAGA ,P/L 2926",KELANG,Klang,,,none,
TMN BUKIT NAGA P/L 2927,KELANG,Klang,,,none,
TMN BUKIT NAGA P/L 2932,KELANG,Klang,,,none,
TMN BUKIT NAGA PL 2789,KELANG,Klang,,,none,
"TMN BUKIT NAGA, SEK. 32 SHAH ALAM",KELANG,Klang,3.0024929,101.502237,scheme,"Taman Jati Indah, Section 32, Shah Alam, Klang, Selangor, Malaysia"
TMN BUKIT PERMATA (P/L 4049),KAPAR,Klang,3.167791,101.4119733,road,"Jalan Paya Barat, Meru, Klang City, Klang, Selangor, Malaysia"
TMN BUKIT PRIMA,PEKAN CHERAS,Hulu Langat,,,none,
TMN BUKIT RAHMAN PUTRA,PEKAN BARU SG BULUH,Petaling,3.215398,101.5633209,scheme,"Taman Tasik BBSB, Jalan BRP 4/5, Bukit Rahman Putra, Section U20, Sungai Buloh, Shah Alam, Petaling, Selangor, 47000, Ma"
TMN BUKIT RAHMAN PUTRA,SUNGAI BULUH,Petaling,3.215398,101.5633209,scheme,"Taman Tasik BBSB, Jalan BRP 4/5, Bukit Rahman Putra, Section U20, Sungai Buloh, Shah Alam, Petaling, Selangor, 47000, Ma"
TMN BUKIT RIA,MUKIM KUALA LUMPUR,Kuala Lumpur,3.0813231,101.680916,scheme,"Taman Bukit Indah, Jalan Mesra Ria, Happy Garden, Kuchai Lama, Kuala Lumpur, 58200, Malaysia"
TMN BUKIT ROS,BANDAR KAJANG,Hulu Langat,2.9989961,101.7967443,scheme,"Taman Bukit Ros, Kampung Asrah, Kajang Municipal Council, Hulu Langat, Selangor, Malaysia"
TMN BUKIT ROS,KAJANG,Hulu Langat,2.9989961,101.7967443,scheme,"Taman Bukit Ros, Kampung Asrah, Kajang Municipal Council, Hulu Langat, Selangor, Malaysia"
TMN BUKIT SAGA,DAMANSARA,Petaling,3.0347496,101.5704328,scheme,"Taman Bukit Saga, Section 26, Shah Alam, Petaling, Selangor, 47600, Malaysia"
TMN BUKIT SAGA,PEKAN HICOM,Petaling,3.0347496,101.5704328,scheme,"Taman Bukit Saga, Section 26, Shah Alam, Petaling, Selangor, 47600, Malaysia"
TMN BUKIT SERDANG SEK 11 & 16,PETALING,Petaling,3.0386841,101.6877818,scheme,"Taman Bukit Serdang Seksyen 11, Bukit Serdang, Seri Kembangan, Subang Jaya City Council, Petaling, Selangor, Malaysia"
TMN BUKIT SERDANG SEK. 5,PEKAN SERDANG,Petaling,3.0245843,101.6944727,scheme,"Taman Bukit Serdang Seksyen 5, Bukit Serdang, Seri Kembangan, Subang Jaya City Council, Petaling, Selangor, Malaysia"
TMN BUKIT SERDANG SEK. 5,PETALING,Petaling,3.0245843,101.6944727,scheme,"Taman Bukit Serdang Seksyen 5, Bukit Serdang, Seri Kembangan, Subang Jaya City Council, Petaling, Selangor, Malaysia"
TMN BUKIT SERDANG SEK. 6,PEKAN SERDANG,Petaling,3.0204452,101.6963652,scheme,"Taman Bukit Serdang Seksyen 6, Bukit Serdang, Seri Kembangan, Subang Jaya City Council, Petaling, Selangor, Malaysia"
TMN BUKIT SERDANG SEK. 6,PETALING,Petaling,3.0204452,101.6963652,scheme,"Taman Bukit Serdang Seksyen 6, Bukit Serdang, Seri Kembangan, Subang Jaya City Council, Petaling, Selangor, Malaysia"
TMN BUKIT SERI SERDANG SEK.10,PEKAN SERDANG,Petaling,,,none,
TMN BUKIT SERI SERDANG SEK.10,PETALING,Petaling,3.0383296,101.6949903,road,"Jalan BS 10/5, Taman Bukit Serdang Seksyen 10, Bukit Serdang, Seri Kembangan, Subang Jaya City Council, Petaling, Selang"
TMN BUKIT SRI CHERAS,MUKIM KUALA LUMPUR,Kuala Lumpur,3.101211,101.7369607,road,"Jalan 3/96, Taman Sri Bahtera, Taman Cheras, Cheras, Kuala Lumpur, 56100, Malaysia"
TMN BUKIT SUBANG,BUKIT RAJA,Petaling,3.1712963,101.5128925,scheme,"Taman Bukit Subang, Section U16, Shah Alam, Petaling, Selangor, Malaysia"
TMN BUKIT TIARA,MUKIM KUALA LUMPUR,Kuala Lumpur,3.0960754,101.7334985,road,"Jalan Bukit Tiara, Bukit Tiara, Bandar Tun Razak, Cheras, Kuala Lumpur, 56100, Malaysia"
TMN BULLION MEWAH,MUKIM BATU,Kuala Lumpur,3.2179852,101.6912945,scheme,"Taman Bullion Mewah, Kampung Sri Batu, Kampung Padang Balang, Kuala Lumpur, Malaysia"
"TMN BUNGA INDAH, JLN BUKIT KEMUNING",KELANG,Klang,3.0308266,101.4273661,road,"Jalan Kemuning, Taman Gembira, Teluk Pulai, Port Klang, Klang City, Klang, Selangor, 41250, Malaysia"
"TMN BUNGA INDAH, PERS.  RAJA MUDA MUSA",KELANG,Klang,3.0229443,101.4210239,road,"Lorong Telok Gadong Besar, Kampung Raja Uda, Port Klang, Klang City, Klang, Selangor, 42000, Malaysia"
TMN BUNGA KENANGA INDAH (P/L 8432 (377)),BANDAR KELANG,Klang,,,none,
TMN BUNGA MELOR,BANDAR KELANG,Klang,3.0693125,101.4492609,scheme,"Taman Bunga Melor, Klang City, Klang, Selangor, Malaysia"
TMN BUNGA MELOR,KAPAR,Klang,3.0693125,101.4492609,scheme,"Taman Bunga Melor, Klang City, Klang, Selangor, Malaysia"
TMN BUNGA NEGARA-JLN SELAYANG 27/27A,PEKAN HICOM,Petaling,,,none,
TMN BUNGA RAYA,MUKIM SETAPAK,Kuala Lumpur,3.2123086,101.7281266,scheme,"Taman Bunga Raya, Wangsa Maju, Kuala Lumpur, Malaysia"
TMN BUNGA RAYA,SEMENYIH,Hulu Langat,2.9901331,101.78363,scheme,"P/E Tmn Kajang Baru Sg Chua, Jalan Bunga Raya, Desa Bunga Raya, Kampung Sungai Jernih, Kajang Municipal Council, Hulu La"
TMN BUNGA RAYA (P/L 11013),KELANG,Klang,3.0213426,101.4653939,scheme,"Taman Bunga Raya, Klang City, Klang, Selangor, Malaysia"
TMN BUNGA RAYA II,KELANG,Klang,3.0221379,101.4677236,scheme,"Taman Bunga Raya (Fasa II), Klang City, Klang, Selangor, Malaysia"
"TMN BUNGA RAYA, KLANG",KELANG,Klang,3.0213426,101.4653939,scheme,"Taman Bunga Raya, Klang City, Klang, Selangor, Malaysia"
"TMN BUNGA RAYA, SERDANG",PEKAN SERDANG,Petaling,,,none,
"TMN BUNGA RAYA,PEKAN KAPAR",PEKAN KAPAR,Klang,,,none,
TMN BUNGA ROS,KELANG,Klang,,,none,
TMN CAHAYA (AMPANG),AMPANG,Hulu Langat,3.1430343,101.7580869,scheme,"Taman Cahaya, Pandan Indah, Ampang, Ampang Jaya Municipal Council, Hulu Langat, Selangor, Malaysia"
TMN CAHAYA (AMPANG),BANDAR AMPANG,Hulu Langat,3.1430343,101.7580869,scheme,"Taman Cahaya, Pandan Indah, Ampang, Ampang Jaya Municipal Council, Hulu Langat, Selangor, Malaysia"
TMN CAHAYA (KAJANG),KAJANG,Hulu Langat,3.1430343,101.7580869,scheme,"Taman Cahaya, Pandan Indah, Ampang, Ampang Jaya Municipal Council, Hulu Langat, Selangor, Malaysia"
TMN CAHAYA INDAH,AMPANG,Hulu Langat,3.1430343,101.7580869,scheme,"Taman Cahaya, Pandan Indah, Ampang, Ampang Jaya Municipal Council, Hulu Langat, Selangor, Malaysia"
TMN CAHAYA INDAH,BANDAR AMPANG,Hulu Langat,3.1430343,101.7580869,scheme,"Taman Cahaya, Pandan Indah, Ampang, Ampang Jaya Municipal Council, Hulu Langat, Selangor, Malaysia"
TMN CAHAYA INDAH (P/L 356),BATANG BERJUNTAI,Kuala Selangor,3.3786726,101.3909131,road,"Jalan Cahaya Indah 7, Bestari Jaya, Kuala Selangor, Selangor, 45600, Malaysia"
"TMN CAHAYA INDAH, BESTARI JAYA",BATANG BERJUNTAI,Kuala Selangor,3.3781849,101.3911026,road,"Jalan Cahaya Indah 5, Bestari Jaya, Kuala Selangor, Selangor, 45600, Malaysia"
TMN CAHAYA MANIS,PEKAN SERDANG,Petaling,,,none,
"TMN CAHAYA, PEKAN KAPAR",KAPAR,Klang,3.134948,101.3787243,road,"Jalan Hamzah Alang 8, Taman Pin Ke, Kapar, Klang City, Klang, Selangor, 42200, Malaysia"
"TMN CAHAYA,PEKAN KAPAR",PEKAN KAPAR,Klang,,,none,
TMN CANTIK,MUKIM KUALA LUMPUR,Kuala Lumpur,3.1129517,101.7329785,road,"Jalan Senohong 1, Pudu Ulu, Cheras, Kuala Lumpur, 55300, Malaysia"
TMN CASA LAGENDA,HULU LANGAT,Hulu Langat,3.098162,101.8048265,road,"Jalan Casa Lagenda 2, Taman Sri Nanding, Batu 14 Hulu Langat, Kajang Municipal Council, Hulu Langat, Selangor, 43100, Ma"
TMN CEMARA KELANANG (P/L 2251),KELANANG,Kuala Langat,,,none,
TMN CEMPAKA,AMPANG,Hulu Langat,3.1386682,101.7486998,scheme,"Taman Cempaka, Pandan Indah, Ampang, Ampang Jaya Municipal Council, Hulu Langat, Selangor, Malaysia"
TMN CEMPAKA,BANDAR AMPANG,Hulu Langat,3.1386682,101.7486998,scheme,"Taman Cempaka, Pandan Indah, Ampang, Ampang Jaya Municipal Council, Hulu Langat, Selangor, Malaysia"
TMN CEMPAKA,BANDAR BANTING,Kuala Langat,2.7994917,101.4968415,scheme,"Taman Cempaka, Banting, Kuala Langat, Selangor, 42700, Malaysia"
TMN CEMPAKA,TANJUNG 12,Kuala Langat,2.7994917,101.4968415,scheme,"Taman Cempaka, Banting, Kuala Langat, Selangor, 42700, Malaysia"
TMN CEMPAKA (P/L 6375),BANDAR BANTING,Kuala Langat,2.7994917,101.4968415,scheme,"Taman Cempaka, Banting, Kuala Langat, Selangor, 42700, Malaysia"
TMN CEMPAKA LUI,HULU LANGAT,Hulu Langat,3.1646088,101.8502955,scheme,"Taman Cempaka Lui, Kampung Jawa, Kajang Municipal Council, Hulu Langat, Selangor, Malaysia"
TMN CEMPAKA SARI,KAPAR,Klang,3.0804352,101.415085,scheme,"Taman Cempaka Sari, Taman Klang Utama, Klang City, Klang, Selangor, Malaysia"
TMN CEMPAKA SARI,PEKAN BATU EMPAT,Klang,3.0804352,101.415085,scheme,"Taman Cempaka Sari, Taman Klang Utama, Klang City, Klang, Selangor, Malaysia"
TMN CEMPAKASARI,KAPAR,Klang,,,none,
TMN CEMPAKASARI,PEKAN BATU EMPAT,Klang,,,none,
TMN CEMPAKASARI (P/L 23302),PEKAN BATU EMPAT,Klang,,,none,
TMN CEMPAKASARI (RM PKNS IJOK),IJOK,Kuala Selangor,3.3168345,101.4143938,road,"Jalan 10, Kampung Baru Ijok, Ijok, Kuala Selangor, Selangor, 45600, Malaysia"
TMN CENDANA,PEKAN SG CHUA,Hulu Langat,,,none,
TMN CHERAS (YULEK HEIGHTS),MUKIM KUALA LUMPUR,Kuala Lumpur,3.1012478,101.7445004,scheme,"Taman Cheras, Cheras, Kuala Lumpur, 56100, Malaysia"
TMN CHERAS AWANA,PEKAN CHERAS,Hulu Langat,3.0879942,101.7620875,scheme,"Taman Cheras Awana, Taman Segar Perdana, Cheras, Kajang Municipal Council, Hulu Langat, Selangor, Malaysia"
TMN CHERAS HARTAMAS,AMPANG,Hulu Langat,3.0839554,101.7442451,scheme,"Department of Wildlife and National Parks Peninsular Malaysia, Jalan Cheras Hartamas, Cheras, Ampang, Ampang Jaya Munici"
TMN CHERAS HARTAMAS,CHERAS,Hulu Langat,3.0825535,101.7470242,scheme,"Taman Cheras Hartamas, Cheras, Kajang Municipal Council, Hulu Langat, Selangor, 43200, Malaysia"
TMN CHERAS IDAMAN,BANDAR CHERAS,Hulu Langat,3.029418,101.7811525,scheme,"Taman Cheras Idaman 2 Guard House, Jalan Idaman, Taman Cheras Idaman 2, Kampung Bukit Dukung, Cheras, Kajang Municipal C"
TMN CHERAS IDAMAN,CHERAS,Hulu Langat,3.029418,101.7811525,scheme,"Taman Cheras Idaman 2 Guard House, Jalan Idaman, Taman Cheras Idaman 2, Kampung Bukit Dukung, Cheras, Kajang Municipal C"
TMN CHERAS INDAH,AMPANG,Hulu Langat,3.1266269,101.7421092,scheme,"Taman Cheras Indah, Cheras, Ampang, Ampang Jaya Municipal Council, Hulu Langat, Selangor, Malaysia"
TMN CHERAS INDAH,BANDAR AMPANG,Hulu Langat,3.1266269,101.7421092,scheme,"Taman Cheras Indah, Cheras, Ampang, Ampang Jaya Municipal Council, Hulu Langat, Selangor, Malaysia"
TMN CHERAS INTAN (CHERAS COURT),PEKAN CHERAS,Hulu Langat,3.0708045,101.7768389,scheme,"Taman Cheras Intan, Kampung Melaka, Cheras, Kajang Municipal Council, Hulu Langat, Selangor, 43200, Malaysia"
TMN CHERAS JAYA,BANDAR CHERAS,Hulu Langat,3.0590813,101.7611254,scheme,"Taman Seri Cheras Jaya, Cheras, Kajang Municipal Council, Hulu Langat, Selangor, 43200, Malaysia"
TMN CHERAS JAYA,CHERAS,Hulu Langat,3.0222926,101.7596926,scheme,"Taman Cheras Jaya, Balakong, Cheras, Kajang Municipal Council, Hulu Langat, Selangor, Malaysia"
TMN CHERAS JAYA,MUKIM KUALA LUMPUR,Kuala Lumpur,3.090614,101.7233293,scheme,"Tabika Kemas Taman Jaya, Lot 20532, Jalan Jaya, Bandar Tun Razak, Cheras, Kuala Lumpur, 56000, Malaysia"
TMN CHERAS MAS,CHERAS,Hulu Langat,3.0684605,101.7720289,scheme,"Pos Malaysia Batu 9, Jalan Hulu Langat, Taman Mas 1, Kampung Melaka, Cheras, Kajang Municipal Council, Hulu Langat, Sela"
TMN CHERAS MAS,PEKAN CHERAS,Hulu Langat,3.0689538,101.7728562,scheme,"Pos Malaysia Batu 9 (Opp), Jalan Hulu Langat, Taman Mas 1, Kampung Melaka, Cheras, Kajang Municipal Council, Hulu Langat"
TMN CHERAS MEWAH,PEKAN CHERAS,Hulu Langat,3.0647418,101.7546973,scheme,"Taman Cheras Mewah, Cheras, Kajang Municipal Council, Hulu Langat, Selangor, 43200, Malaysia"
TMN CHERAS PERDANA,BANDAR CHERAS,Hulu Langat,3.0451193,101.7677576,scheme,"Medan Selera Taman Cheras Perdana, Medan Selera Cheras Perdana, Taman Cheras Perdana, Cheras, Kajang Municipal Council, "
TMN CHERAS PERDANA,CHERAS,Hulu Langat,3.0423278,101.7651549,scheme,"Taman Cheras Perdana, Balakong, Cheras, Kajang Municipal Council, Hulu Langat, Selangor, 43200, Malaysia"
TMN CHERAS PERMAI,CHERAS,Hulu Langat,3.0734787,101.7718467,scheme,"Taman Cheras Permai, Kampung Melaka, Cheras, Kajang Municipal Council, Hulu Langat, Selangor, 43200, Malaysia"
TMN CHERAS PERMAI,PEKAN CHERAS,Hulu Langat,3.0734787,101.7718467,scheme,"Taman Cheras Permai, Kampung Melaka, Cheras, Kajang Municipal Council, Hulu Langat, Selangor, 43200, Malaysia"
TMN CHERAS PERMATA,CHERAS,Hulu Langat,3.0833738,101.7608685,road,"Jalan Intan 5, Cheras, Kajang Municipal Council, Hulu Langat, Selangor, 43200, Malaysia"
TMN CHERAS PERMATA,PEKAN CHERAS,Hulu Langat,,,none,
TMN CHERAS PRIMA,KAJANG,Hulu Langat,3.0121706,101.7638982,scheme,"Taman Cheras Prima, Balakong, Cheras, Kajang Municipal Council, Hulu Langat, Selangor, Malaysia"
TMN CHERAS UTAMA,CHERAS,Hulu Langat,3.0485316,101.7466396,scheme,"Taman Cheras Utama, Bandar Damai Perdana, Cheras, Kajang Municipal Council, Hulu Langat, Selangor, 56000, Malaysia"
TMN CHERAS UTAMA,MUKIM KUALA LUMPUR,Kuala Lumpur,3.1037901,101.749396,scheme,"Taman Cheras Utama, Taman Cheras, Cheras, Kuala Lumpur, 56100, Malaysia"
TMN CHERAS UTAMA,PEKAN CHERAS,Hulu Langat,3.0485316,101.7466396,scheme,"Taman Cheras Utama, Bandar Damai Perdana, Cheras, Kajang Municipal Council, Hulu Langat, Selangor, 56000, Malaysia"
TMN CHERAS UTAMA,PEKAN KAJANG,Hulu Langat,3.0485316,101.7466396,scheme,"Taman Cheras Utama, Bandar Damai Perdana, Cheras, Kajang Municipal Council, Hulu Langat, Selangor, 56000, Malaysia"
TMN CHI LIUNG,BANDAR KELANG,Klang,3.0227411,101.4339133,scheme,"Chi Liung Garden, Pandamaran, Klang City, Klang, Selangor, Malaysia"
TMN CHI LIUNG,KELANG,Klang,3.0119787,101.4244111,scheme,"Flat Taman Chi Liung, Jalan Mesra, Taman Kampung Pandamaran Jaya, Port Klang, Klang City, Klang, Selangor, 42000, Malays"
TMN CHI LIUNG 4,KELANG,Klang,3.0227411,101.4339133,scheme,"Chi Liung Garden, Pandamaran, Klang City, Klang, Selangor, Malaysia"
TMN CHI LIUNG 4,PEKAN PENDAMARAN,Klang,3.0227411,101.4339133,scheme,"Chi Liung Garden, Pandamaran, Klang City, Klang, Selangor, Malaysia"
"TMN CHODOI BISTARI, PEKAN CHODOI",BANDAR,Kuala Langat,2.9401506,101.5775788,road,"Jalan SP 9/2, BSP Avenue, Bandar Saujana Putra, Kuala Langat, Selangor, 42610, Malaysia"
TMN CINTA SAYANG,SEMENYIH,Hulu Langat,2.9425137,101.8427278,road,"Jalan 3, Semenyih, Kajang Municipal Council, Hulu Langat, Selangor, 43500, Malaysia"
TMN CITY,MUKIM BATU,Kuala Lumpur,3.1973348,101.6678424,scheme,"City Garden, Segambut, Kepong, Kuala Lumpur, 51200, Malaysia"
TMN CUEPACS,CHERAS,Hulu Langat,3.0831039,101.7571169,scheme,"Taman Koperasi Cuepacs Fasa 1, Cheras, Kajang Municipal Council, Hulu Langat, Selangor, 43200, Malaysia"
TMN CUEPACS,MUKIM BATU,Kuala Lumpur,3.1937067,101.6548368,scheme,"Taman Cuepacs, Segambut, Kepong, Kuala Lumpur, 52000, Malaysia"
TMN CUEPACS,PEKAN CHERAS,Hulu Langat,3.0831039,101.7571169,scheme,"Taman Koperasi Cuepacs Fasa 1, Cheras, Kajang Municipal Council, Hulu Langat, Selangor, 43200, Malaysia"
TMN DAGANG,AMPANG,Hulu Langat,3.1480328,101.7565282,scheme,"Taman Dagang, Kampung Pandan Dalam, Ampang, Ampang Jaya Municipal Council, Hulu Langat, Selangor, Malaysia"
TMN DAGANG,BANDAR AMPANG,Hulu Langat,3.1480328,101.7565282,scheme,"Taman Dagang, Kampung Pandan Dalam, Ampang, Ampang Jaya Municipal Council, Hulu Langat, Selangor, Malaysia"
TMN DAGANG (JLN HJ MUSRAN),KAPAR,Klang,2.9963295,101.4734506,scheme,"Perumahan Taman Sentosa, Jalan Dato Dagang 6, Bandar Sentosa, Klang City, Klang, Selangor, 41200, Malaysia"
TMN DAGANG (P/L 1661 & 1662),KAPAR,Klang,2.9963295,101.4734506,scheme,"Perumahan Taman Sentosa, Jalan Dato Dagang 6, Bandar Sentosa, Klang City, Klang, Selangor, 41200, Malaysia"
TMN DAGANG (P/L 2518),KAPAR,Klang,2.9963295,101.4734506,scheme,"Perumahan Taman Sentosa, Jalan Dato Dagang 6, Bandar Sentosa, Klang City, Klang, Selangor, 41200, Malaysia"
TMN DAGANG JAYA,AMPANG,Hulu Langat,3.1328254,101.7798892,scheme,"Taman Dagang Jaya, Kampung Indah Permai, Kampung Sri Taman Baru, Ampang, Ampang Jaya Municipal Council, Hulu Langat, Sel"
TMN DAGANG JAYA,BANDAR AMPANG,Hulu Langat,3.1328254,101.7798892,scheme,"Taman Dagang Jaya, Kampung Indah Permai, Kampung Sri Taman Baru, Ampang, Ampang Jaya Municipal Council, Hulu Langat, Sel"
TMN DAGANG JAYA,BANDAR KAJANG,Hulu Langat,3.1328254,101.7798892,scheme,"Taman Dagang Jaya, Kampung Indah Permai, Kampung Sri Taman Baru, Ampang, Ampang Jaya Municipal Council, Hulu Langat, Sel"
TMN DAGANG PERMAI,BANDAR AMPANG,Hulu Langat,3.1398482,101.7786857,scheme,"Pos Malaysia Office, Lot 613, Lorong Dagang Permai 6, Taman Bukit Ampang, Kampung Muhibbah, Ampang, Ampang Jaya Municipa"
TMN DAHLIA,MUKIM CHERAS,Kuala Lumpur,3.0565431,101.7486704,scheme,"Taman Dahlia, Bandar Damai Perdana, Cheras, Kuala Lumpur, Malaysia"
"TMN DAHLIA, KG DELEK KANAN",KELANG,Klang,3.0386454,101.3977417,road,"Jalan Lurah Said 29, Kampung Delek, Port Klang, Klang City, Klang, Selangor, 41250, Malaysia"
TMN DAKA (MAHKOTA),BANDAR KAJANG,Hulu Langat,3.042923,101.7841735,road,"Jalan Mahkota 2, Cheras, Kajang Municipal Council, Hulu Langat, Selangor, 43000, Malaysia"
TMN DALMA,SEMENYIH,Hulu Langat,2.9323308,101.8324989,road,"Jalan Dalma 2, Semenyih, Kajang Municipal Council, Hulu Langat, Selangor, 43700, Malaysia"
TMN DAMAI,HULU LANGAT,Hulu Langat,3.062156,101.7668355,scheme,"Taman Damai Jaya, Cheras, Kajang Municipal Council, Hulu Langat, Selangor, 43200, Malaysia"
TMN DAMAI 1,KAPAR,Klang,2.9723874,101.5540432,scheme,"Taman Damai Dahlia, Kampung Lombong, Shah Alam, Klang, Selangor, Malaysia"
TMN DAMAI 1,PEKAN KAPAR,Klang,2.9723874,101.5540432,scheme,"Taman Damai Dahlia, Kampung Lombong, Shah Alam, Klang, Selangor, Malaysia"
TMN DAMAI 2,PEKAN KAPAR,Klang,2.9723874,101.5540432,scheme,"Taman Damai Dahlia, Kampung Lombong, Shah Alam, Klang, Selangor, Malaysia"
TMN DAMAI FASA I & II,HUJUNG PERMATANG,Kuala Selangor,,,none,
TMN DAMAI I,PEKAN KAPAR,Klang,2.9723874,101.5540432,scheme,"Taman Damai Dahlia, Kampung Lombong, Shah Alam, Klang, Selangor, Malaysia"
TMN DAMAI II,PEKAN KAPAR,Klang,2.9723874,101.5540432,scheme,"Taman Damai Dahlia, Kampung Lombong, Shah Alam, Klang, Selangor, Malaysia"
TMN DAMAI IMPIAN,CHERAS,Hulu Langat,3.0476776,101.7376311,scheme,"Taman Damai Impian, Bandar Damai Perdana, Cheras, Kajang Municipal Council, Hulu Langat, Selangor, Malaysia"
TMN DAMAI IMPIAN 2,CHERAS,Hulu Langat,3.0476776,101.7376311,scheme,"Taman Damai Impian, Bandar Damai Perdana, Cheras, Kajang Municipal Council, Hulu Langat, Selangor, Malaysia"
TMN DAMAI INDAH (CHERAS),PEKAN CHERAS,Hulu Langat,3.053751,101.7477248,scheme,"Taman Damai Indah, Bandar Damai Perdana, Cheras, Kajang Municipal Council, Hulu Langat, Selangor, Malaysia"
TMN DAMAI INDAH (KAJANG),BANDAR KAJANG,Hulu Langat,3.053751,101.7477248,scheme,"Taman Damai Indah, Bandar Damai Perdana, Cheras, Kajang Municipal Council, Hulu Langat, Selangor, Malaysia"
TMN DAMAI JAYA,CHERAS,Hulu Langat,3.062156,101.7668355,scheme,"Taman Damai Jaya, Cheras, Kajang Municipal Council, Hulu Langat, Selangor, 43200, Malaysia"
TMN DAMAI JAYA,PEKAN CHERAS,Hulu Langat,3.062156,101.7668355,scheme,"Taman Damai Jaya, Cheras, Kajang Municipal Council, Hulu Langat, Selangor, 43200, Malaysia"
TMN DAMAI MEWAH,BANDAR KAJANG,Hulu Langat,2.9857221,101.8094229,scheme,"Taman Damai Mewah, Kajang Municipal Council, Hulu Langat, Selangor, Malaysia"
TMN DAMAI UTAMA,PETALING,Petaling,3.0276345,101.6696577,scheme,"Taman Damai Utama, Seri Kembangan, Subang Jaya City Council, Petaling, Selangor, Malaysia"
"TMN DAMAI, HUJUNG PERMATANG",HUJUNG PERMATANG,Kuala Selangor,,,none,
"TMN DAMAI, HUJUNG PERMATANG",UJONG PERMATANG,Kuala Selangor,,,none,
"TMN DAMAI, SPG. MORIB",KELANANG,Kuala Langat,2.7851449,101.4636371,scheme,"Taman Damai, Simpang Morib, Banting, Kuala Langat, Selangor, Malaysia"
"TMN DAMAI, SPG. MORIB",PEKAN SIMPANG MORIB,Kuala Langat,2.7851449,101.4636371,scheme,"Taman Damai, Simpang Morib, Banting, Kuala Langat, Selangor, Malaysia"
TMN DANAU KOTA,MUKIM SETAPAK,Kuala Lumpur,3.2048617,101.7178708,scheme,"翠湖园, Setapak, Kuala Lumpur, Malaysia"
TMN DATARAN ABADI,LABU,Sepang,2.7865576,101.7106869,road,"Jalan DA 7/1, Kampung Labu Lanjut, Bandar Baru Salak Tinggi, Sepang, Selangor, 43900, Malaysia"
"TMN DATO BANDAR, MERU",KAPAR,Klang,3.119009,101.4398044,scheme,"Taman Dato' Bandar, Meru, Klang City, Klang, Selangor, 41050, Malaysia"
TMN DATO HARON,BDR PETALING JAYA SELATAN,Petaling,3.0779067,101.6148653,road,"2, Jalan PJS 6/3A, Kampung Lindungan, PJS 6, Sunway City, Petaling Jaya, Petaling, Selangor, 46150, Malaysia"
TMN DATO HARON,PETALING,Petaling,3.0827536,101.6348554,road,"Jalan 13, Taman Dato Harun, PJS 2, Petaling Jaya South, Petaling Jaya, Petaling, Selangor, 46050, Malaysia"
TMN DATO HORMAT,BDR SUNWAY,Petaling,3.077518,101.6045827,scheme,"Taman Dato' Hormat, PJS 10, Sunway City, Petaling Jaya, Petaling, Selangor, 46150, Malaysia"
TMN DATO HORMAT,DAMANSARA,Petaling,3.077518,101.6045827,scheme,"Taman Dato' Hormat, PJS 10, Sunway City, Petaling Jaya, Petaling, Selangor, 46150, Malaysia"
TMN DATO HORMAT (P/L 3534),PEKAN TELUK,Kuala Langat,,,none,
TMN DATO' HORMAT (P/L 3549),PEKAN TELUK,Kuala Langat,,,none,
TMN DATO' HORMAT (P/L 3550),PEKAN TELUK,Kuala Langat,,,none,
TMN DATO' HORMAT - PKNS,PEKAN TELUK,Kuala Langat,,,none,
TMN DATO' HORMAT - PKNS,TELOK PANGLIMA GARANG,Kuala Langat,2.9049417,101.4643447,road,"Jalan Mengkuang, Taman TelokBulatan Telok Panglima Garang, Teluk Panglima Garang, Kuala Langat, Selangor, 42600, Malaysi"
"TMN DATO' HORMAT, TPG",PEKAN TELUK,Kuala Langat,,,none,
"TMN DATO' HORMAT, TPG",PEKAN TELUK PANGLIMA GARANG,Kuala Langat,,,none,
"TMN DATO' HORMAT, TPG",TELOK PANGLIMA GARANG,Kuala Langat,2.9049417,101.4643447,road,"Jalan Mengkuang, Taman TelokBulatan Telok Panglima Garang, Teluk Panglima Garang, Kuala Langat, Selangor, 42600, Malaysi"
TMN DATOK AHMAD RAZALI,AMPANG,Hulu Langat,3.1525475,101.7586527,road,"Jalan Memanda Kecik 1, Ampang, Ampang Jaya Municipal Council, Hulu Langat, Selangor, 68000, Malaysia"
TMN DATOK AHMAD RAZALI,BANDAR AMPANG,Hulu Langat,,,none,
TMN DATUK SENU,MUKIM SETAPAK,Kuala Lumpur,,,none,
TMN DAYA MAJU,KAPAR,Klang,,,none,
"TMN DAYA MAJU, MERU",KAPAR,Klang,,,none,
TMN DAYA MERU,KAPAR,Klang,,,none,
TMN DE TROPIKA (KG DELEK KANAN),KELANG,Klang,,,none,
TMN DELEK KIRI (P/L 2229),KELANG,Klang,,,none,
TMN DELIMA,BANDAR BANTING,Kuala Langat,2.8152313,101.5003081,scheme,"Taman Delima, Banting, Kuala Langat, Selangor, 42700, Malaysia"
TMN DELIMA,KAJANG,Hulu Langat,3.0168706,101.776684,scheme,"Taman Delima, Jalan Cheras, Taman Desa Muhibbah, Kampung Bukit Dukung, Kampung Sungai Sekamat, Kajang Municipal Council,"
TMN DELIMA,KUALA SELANGOR,Kuala Selangor,3.3647218,101.2445455,scheme,"Taman Delima, Pasir Penambang, Kuala Selangor, Selangor, Malaysia"
TMN DELIMA,MUKIM CHERAS,Kuala Lumpur,3.0567215,101.7469308,scheme,"Taman Delima, Bandar Damai Perdana, Cheras, Kuala Lumpur, Malaysia"
TMN DELIMA,TANJUNG 12,Kuala Langat,2.8152313,101.5003081,scheme,"Taman Delima, Banting, Kuala Langat, Selangor, 42700, Malaysia"
TMN DENGKIL,PEKAN DENGKIL,Sepang,2.8565285,101.6795155,scheme,"Taman Dengkil, Kampung Cemperai, Dengkil, Sepang, Selangor, Malaysia"
TMN DENGKIL BARU (TMN MESRA),DENGKIL,Sepang,2.8332102,101.7397797,scheme,"Taman Mawar, Dengkil, B48, Bandar Baru Salak Tinggi, Sepang, Selangor, 43900, Malaysia"
TMN DENGKIL JAYA,DENGKIL,Sepang,2.8732847,101.671144,scheme,"Taman Dengkil Jaya, Dengkil, Sepang, Selangor, Malaysia"
TMN DENGKIL JAYA,PEKAN DENGKIL,Sepang,2.8732847,101.671144,scheme,"Taman Dengkil Jaya, Dengkil, Sepang, Selangor, Malaysia"
TMN DESA,MUKIM KUALA LUMPUR,Kuala Lumpur,3.1030637,101.6850208,scheme,"Taman Desa, Kuala Lumpur, 58100, Malaysia"
TMN DESA  AIR HITAM,DENGKIL,Sepang,,,none,
TMN DESA  KENCANA  P/L 3027,KAPAR,Klang,,,none,
TMN DESA ABLELINK,KELANG,Klang,,,none,
TMN DESA ANGGERIK,SEMENYIH,Hulu Langat,2.9287332,101.8279431,road,"Jalan Bangi Lama, Kampung Batu Tiga, Semenyih, Kajang Municipal Council, Hulu Langat, Selangor, 43700, Malaysia"
TMN DESA ANUGERAH,LABU,Sepang,2.7914871,101.711908,road,"Jalan 5E, Kampung Labu Lanjut, Bandar Baru Salak Tinggi, Sepang, Selangor, 64000, Malaysia"
TMN DESA BAIDURI,CHERAS,Hulu Langat,3.0475227,101.7500147,scheme,"Taman Desa Baiduri, Bandar Damai Perdana, Cheras, Kajang Municipal Council, Hulu Langat, Selangor, Malaysia"
TMN DESA BAIDURI,KAPAR,Klang,3.160977,101.4058536,scheme,"Taman Desa Baiduri, Kapar, Klang City, Klang, Selangor, Malaysia"
TMN DESA BAIDURI,PEKAN CHERAS,Hulu Langat,3.0475227,101.7500147,scheme,"Taman Desa Baiduri, Bandar Damai Perdana, Cheras, Kajang Municipal Council, Hulu Langat, Selangor, Malaysia"
TMN DESA BAIDURI INDAH (P/LOT 1908),LABU,Sepang,,,none,
TMN DESA BARU,BANDAR CHERAS,Hulu Langat,3.0300066,101.7710344,scheme,"Taman Desa Baru, Kampung Bukit Dukung, Cheras, Kajang Municipal Council, Hulu Langat, Selangor, Malaysia"
TMN DESA BARU,CHERAS,Hulu Langat,3.0300066,101.7710344,scheme,"Taman Desa Baru, Kampung Bukit Dukung, Cheras, Kajang Municipal Council, Hulu Langat, Selangor, Malaysia"
TMN DESA BARU 1,CHERAS,Hulu Langat,3.0300066,101.7710344,scheme,"Taman Desa Baru, Kampung Bukit Dukung, Cheras, Kajang Municipal Council, Hulu Langat, Selangor, Malaysia"
TMN DESA BKT PERMATA - P/L 4071,KAPAR,Klang,,,none,
TMN DESA BUKIT DELIMA,KAPAR,Klang,,,none,
TMN DESA BUKIT DELIMA (P/L 13462),KAPAR,Klang,,,none,
TMN DESA BUKIT DELIMA (P/L 33196),KAPAR,Klang,,,none,
TMN DESA BUKIT NILAM,KAPAR,Klang,,,none,
TMN DESA BUKIT PERMATA,KAPAR,Klang,,,none,
TMN DESA BUKIT PERMATA (P/L 10643),KAPAR,Klang,,,none,
TMN DESA BUKIT PERMATA (P/L 4033),KAPAR,Klang,,,none,
TMN DESA BUKIT PERMATA (P/L 5313),KAPAR,Klang,,,none,
TMN DESA BUKIT PERMATA (P/L 5474),KAPAR,Klang,,,none,
TMN DESA CENDERAWASIH,LABU,Sepang,,,none,
TMN DESA CHANGGANG JAYA,TANJUNG 12,Kuala Langat,,,none,
TMN DESA CHANGKAT,MUKIM BATU,Kuala Lumpur,3.2196292,101.6941185,scheme,"Taman Koperasi Polis 1, Lebuhraya DUKE, Taman Changkat Desa, Kampung Bandar Dalam, Kampung Padang Balang, Kuala Lumpur, "
TMN DESA CHERAS,MUKIM PETALING,Kuala Lumpur,3.0575389,101.7379321,scheme,"Taman Desa Cheras, Bandar Damai Perdana, Cheras, Kuala Lumpur, Malaysia"
TMN DESA DAMAI,DENGKIL,Sepang,2.8770167,101.7008666,road,"Jalan JD 3/2, Taman Jenderam Damai, Kampung Semarang, Dengkil, Sepang, Selangor, 43800, Malaysia"
TMN DESA DENGKIL,PEKAN DENGKIL,Sepang,2.8665213,101.6752188,scheme,"Taman Desa Dengkil, Dengkil, Sepang, Selangor, 43800, Malaysia"
TMN DESA EMAS,TANJUNG KARANG,Kuala Selangor,3.4158436,101.2023071,road,"Jalan SGG 6/2, Tanjong Karang, Kuala Selangor, Selangor, 45500, Malaysia"
TMN DESA GOMBAK,MUKIM SETAPAK,Kuala Lumpur,3.2429869,101.662842,scheme,"Taman Desa Bakti, Jalan 2/2B, Kampung Lembah Indah, Batu Caves, Kuala Lumpur, Gombak, Selangor, 68100, Malaysia"
TMN DESA IDAMAN 2,KELANG,Klang,,,none,
TMN DESA IDAMAN FASA II,KELANG,Klang,,,none,
TMN DESA IDAMAN II,KELANG,Klang,,,none,
TMN DESA IDAMAN SUB LOT 10380,KELANG,Klang,,,none,
TMN DESA INDAH (SEPANG),SEPANG,Sepang,2.6995218,101.7565092,scheme,"Taman Desa Indah, Pekan Sepang, Sepang, Selangor, 71760, Malaysia"
"TMN DESA INDAH PERMAI, PULAU INDAH",KELANG,Klang,,,none,
"TMN DESA INDAH, KLANG",BANDAR KELANG,Klang,2.879603,101.4965054,scheme,"Taman Desa Jenjarom, Jalan Klang Banting, Taman Ria, Taman Seri Jaromas, Jenjarom, Kuala Langat, Selangor, 42600, Malays"
"TMN DESA INDAH, KLANG",KELANG,Klang,2.879603,101.4965054,scheme,"Taman Desa Jenjarom, Jalan Klang Banting, Taman Ria, Taman Seri Jaromas, Jenjarom, Kuala Langat, Selangor, 42600, Malays"
"TMN DESA INDAH, MERU",KAPAR,Klang,3.141287,101.4386426,scheme,"Taman Desa Indah Opposite, Meru Tambahan North, Jalan Meru Tambahan, Taman Meru Putra, Meru, Klang City, Klang, Selangor"
TMN DESA INTAN,KAPAR,Klang,,,none,
TMN DESA INTAN (P/L 5203),KAPAR,Klang,,,none,
TMN DESA JAROM,BANDAR JENJARUM/SG JARUM,Kuala Langat,,,none,
TMN DESA JAROM,PEKAN JENJAROM,Kuala Langat,,,none,
TMN DESA JAROM,TELOK PANGLIMA GARANG,Kuala Langat,,,none,
TMN DESA JAYA,PEKAN TANJUNG KARANG,Kuala Selangor,2.830405,101.4377244,scheme,"Taman Desa Permatang Jaya, Kampung Kathong, Permatang Pasir, Kuala Langat, Selangor, Malaysia"
TMN DESA JENJAROM,BANDAR JENJARUM/SG JARUM,Kuala Langat,2.879603,101.4965054,scheme,"Taman Desa Jenjarom, Jalan Klang Banting, Taman Ria, Taman Seri Jaromas, Jenjarom, Kuala Langat, Selangor, 42600, Malays"
TMN DESA JENJAROM,PEKAN JENJAROM,Kuala Langat,2.879603,101.4965054,scheme,"Taman Desa Jenjarom, Jalan Klang Banting, Taman Ria, Taman Seri Jaromas, Jenjarom, Kuala Langat, Selangor, 42600, Malays"
TMN DESA JENJAROM,TELOK PANGLIMA GARANG,Kuala Langat,2.879603,101.4965054,scheme,"Taman Desa Jenjarom, Jalan Klang Banting, Taman Ria, Taman Seri Jaromas, Jenjarom, Kuala Langat, Selangor, 42600, Malays"
TMN DESA KEMUNING,KELANG,Klang,3.0228707,101.5228399,scheme,"Taman Desa Kemuning, Section 35, Shah Alam, Klang, Selangor, Malaysia"
TMN DESA KENANGA  2,PEKAN SEMENYIH,Hulu Langat,3.1297478,101.8287411,scheme,"Taman Sri Kundang, Kampung Kenanga, Kampung Batu 16 Dusun Tua, Kajang Municipal Council, Hulu Langat, Selangor, Malaysia"
TMN DESA KENCANA,KAPAR,Klang,3.154716,101.4314754,scheme,"Taman Desa Kencana, Jalan Limau, Kampung Bukit Kapar, Meru, Klang City, Klang, Selangor, 42200, Malaysia"
TMN DESA KENCANA (P/L 1556),KAPAR,Klang,3.154716,101.4314754,scheme,"Taman Desa Kencana, Jalan Limau, Kampung Bukit Kapar, Meru, Klang City, Klang, Selangor, 42200, Malaysia"
TMN DESA KENCANA (P/L 2236 & 2237),KAPAR,Klang,3.154716,101.4314754,scheme,"Taman Desa Kencana, Jalan Limau, Kampung Bukit Kapar, Meru, Klang City, Klang, Selangor, 42200, Malaysia"
TMN DESA KENCANA (P/L 3027),KAPAR,Klang,3.154716,101.4314754,scheme,"Taman Desa Kencana, Jalan Limau, Kampung Bukit Kapar, Meru, Klang City, Klang, Selangor, 42200, Malaysia"
TMN DESA KENCANA (P/L 3037),KAPAR,Klang,3.154716,101.4314754,scheme,"Taman Desa Kencana, Jalan Limau, Kampung Bukit Kapar, Meru, Klang City, Klang, Selangor, 42200, Malaysia"
TMN DESA KENCANA PL 2794,KAPAR,Klang,,,none,
TMN DESA KERAYONG INDAH,JERAM,Kuala Selangor,3.2280411,101.3148524,road,"Pusat Internet Komuniti, Jalan Klang - Sabak Bernam, Kampung Jeram Pantai, Jeram, Kuala Selangor, Selangor, 45800, Malay"
TMN DESA KUCHAI,PETALING,Petaling,3.0620228,101.6383535,road,"Jalan TK 3/13, Taman Kinrara Seksyen 3, Bukit Tandang, Puchong, Subang Jaya City Council, Petaling, Selangor, 47180, Mal"
TMN DESA LANGAT,DENGKIL,Sepang,2.8818164,101.6638343,scheme,"Taman Desa Timah Langat, Dengkil, Sepang, Selangor, Malaysia"
TMN DESA MAHANG @ RAKR KG PARIT MAHANG,PEKAN PARIT MAHANG,Kuala Selangor,,,none,
TMN DESA MAHKOTA,BERANANG,Hulu Langat,2.894572,101.7993781,scheme,"Taman Desa Mahkota, Kampung Batu Lima, Bangi Lama, Kajang Municipal Council, Hulu Langat, Selangor, 43600, Malaysia"
TMN DESA MAHSURI (P/L 4851),DENGKIL,Sepang,,,none,
TMN DESA MAJU,KELANG,Klang,3.0253602,101.4277793,road,"Solok Kemenyan, Taman Gembira, Pandamaran, Port Klang, Klang City, Klang, Selangor, 42000, Malaysia"
TMN DESA MAS,DENGKIL,Sepang,,,none,
TMN DESA MAWAR(P/L 1175),HUJUNG PERMATANG,Kuala Selangor,,,none,
TMN DESA MERINGIN,BANDAR COUNTRY HEIGHT,Hulu Langat,,,none,
TMN DESA MERU,KAPAR,Klang,3.160977,101.4058536,scheme,"Taman Desa Baiduri, Kapar, Klang City, Klang, Selangor, Malaysia"
TMN DESA MERU RESIDENCE,KAPAR,Klang,,,none,
TMN DESA MEWAH,PEKAN SEMENYIH,Hulu Langat,2.9646672,101.844584,scheme,"Taman Desa Mewah, Semenyih, Kajang Municipal Council, Hulu Langat, Selangor, Malaysia"
TMN DESA MEWAH,SEMENYIH,Hulu Langat,2.9646672,101.844584,scheme,"Taman Desa Mewah, Semenyih, Kajang Municipal Council, Hulu Langat, Selangor, Malaysia"
TMN DESA MOCCIS,SUNGAI BULUH,Petaling,,,none,
TMN DESA MUHIBBAH,KELANG,Klang,,,none,
TMN DESA MUTIARA,BANDAR KAJANG,Hulu Langat,,,none,
TMN DESA PADU,MUKIM BATU,Kuala Lumpur,3.2322817,101.669728,scheme,"Taman Desa Padu, Kepong, Kuala Lumpur, Malaysia"
TMN DESA PELANGI,HULU LANGAT,Hulu Langat,3.0841718,101.7874521,scheme,"Taman Desa Pelangi, Kampung Sungai Serai, Batu 14 Hulu Langat, Kajang Municipal Council, Hulu Langat, Selangor, 43100, M"
TMN DESA PERMAI,KAPAR,Klang,3.1474022,101.4394659,scheme,"38, Jalan Meranti Putih 4/Ku10, Taman Desa Permai, 41050 Klang, Selangor, Jalan Meranti Putih 4/KU10, Meru, Klang City, "
TMN DESA PERMAI (P/L 21346),KAPAR,Klang,3.1474022,101.4394659,scheme,"38, Jalan Meranti Putih 4/Ku10, Taman Desa Permai, 41050 Klang, Selangor, Jalan Meranti Putih 4/KU10, Meru, Klang City, "
TMN DESA PERMAI (P/L 4675),KAPAR,Klang,3.1474022,101.4394659,scheme,"38, Jalan Meranti Putih 4/Ku10, Taman Desa Permai, 41050 Klang, Selangor, Jalan Meranti Putih 4/KU10, Meru, Klang City, "
TMN DESA PERMAI (P/L 4700 & 4699),KAPAR,Klang,3.1474022,101.4394659,scheme,"38, Jalan Meranti Putih 4/Ku10, Taman Desa Permai, 41050 Klang, Selangor, Jalan Meranti Putih 4/KU10, Meru, Klang City, "
TMN DESA PERMAI (PL 4735),KAPAR,Klang,3.1474022,101.4394659,scheme,"38, Jalan Meranti Putih 4/Ku10, Taman Desa Permai, 41050 Klang, Selangor, Jalan Meranti Putih 4/KU10, Meru, Klang City, "
TMN DESA PERMAI 2,KAPAR,Klang,3.1741678,101.7430815,scheme,"Taman Desa Pendidik, AU1, Ulu Kelang, Ampang Jaya Municipal Council, Gombak, Selangor, Malaysia"
TMN DESA PERMAI 2 P/L 4680,KAPAR,Klang,,,none,
TMN DESA PERMAI 3(P/L 4699),KAPAR,Klang,3.1741678,101.7430815,scheme,"Taman Desa Pendidik, AU1, Ulu Kelang, Ampang Jaya Municipal Council, Gombak, Selangor, Malaysia"
"TMN DESA PERMAI, MERU",KAPAR,Klang,3.1474022,101.4394659,scheme,"38, Jalan Meranti Putih 4/Ku10, Taman Desa Permai, 41050 Klang, Selangor, Jalan Meranti Putih 4/KU10, Meru, Klang City, "
TMN DESA PERMATANG JAYA,BANDAR,Kuala Langat,2.830405,101.4377244,scheme,"Taman Desa Permatang Jaya, Kampung Kathong, Permatang Pasir, Kuala Langat, Selangor, Malaysia"
TMN DESA PUTERA,KELANG,Klang,,,none,
TMN DESA RAYA,HULU LANGAT,Hulu Langat,3.0998899,101.8026165,scheme,"Taman Desa Raya, Jalan Hulu Langat, Taman Perkasa, Kampung Sungai Serai, Batu 14 Hulu Langat, Kajang Municipal Council, "
TMN DESA SALAK PERMATA(LABU),LABU,Sepang,2.7981329,101.7170723,road,"Jalan Permata 1, Kampung Labu Lanjut, Bandar Baru Salak Tinggi, Sepang, Selangor, 43900, Malaysia"
TMN DESA SAUJANA LANGAT,HULU LANGAT,Hulu Langat,3.0131597,101.7781238,scheme,"Taman Mesra, Jalan Cheras, Taman Desa Muhibbah, Saujana Impian, Kampung Sungai Jernih, Kajang Municipal Council, Hulu La"
TMN DESA SAUJANA PUTRA,DENGKIL,Sepang,2.9099024,101.7336917,scheme,"Taman Desa Saujana Putra, Kampung Desa Putra, Sepang, Selangor, Malaysia"
TMN DESA SEMENTA JAYA,KAPAR,Klang,,,none,
TMN DESA SEMENYIH,PEKAN SEMENYIH,Hulu Langat,2.9557423,101.8440692,scheme,"Taman Desa Semenyih, Jalan Semenyih, Kampung Baru Semenyih, Semenyih, Kajang Municipal Council, Hulu Langat, Selangor, 4"
TMN DESA SENTOSA (DENGKIL),DENGKIL,Sepang,,,none,
TMN DESA SIJANGKANG,TELOK PANGLIMA GARANG,Kuala Langat,2.9385563,101.4599062,scheme,"Taman Desa Sijangkang, Sijangkang, Teluk Panglima Garang, Kuala Langat, Selangor, Malaysia"
TMN DESA SINARAN,DENGKIL,Sepang,,,none,
TMN DESA SUBANG,BUKIT RAJA,Petaling,,,none,
TMN DESA SUBANG,PEKAN BARU SUBANG,Petaling,3.1426395,101.5373547,road,"Jalan Balai Raya B, Pekan Subang, Section U6, Kampung Baru Subang, Shah Alam, Petaling, Selangor, 40150, Malaysia"
TMN DESA SUBANG,SUNGAI BULUH,Petaling,,,none,
TMN DESA SUBANG PERMAI,BUKIT RAJA,Petaling,,,none,
TMN DESA TASEK,MUKIM PETALING,Kuala Lumpur,,,none,
TMN DESA UTAMA,BANDAR KELANG,Klang,2.9117803,101.4720354,scheme,"Taman Jaya Utama (Utara), Jalan Klang Banting, Taman Jaya Utama, Teluk Panglima Garang, Kuala Langat, Selangor, 42600, M"
"TMN DESA UTAMA, SG MERAB",DENGKIL,Sepang,,,none,
TMN DESA VISTA,DENGKIL,Sepang,,,none,
TMN DESA WANGSA,BANDAR CHERAS,Hulu Langat,3.0516742,101.7665205,scheme,"Taman Desa Wangsa, Cheras, Kajang Municipal Council, Hulu Langat, Selangor, Malaysia"
TMN DESA WIRA,BANDAR TELOK PANGLIMA GARANG,Kuala Langat,2.9164645,101.4755096,scheme,"Taman Desa Wira, Teluk Panglima Garang, Kuala Langat, Selangor, 42600, Malaysia"
TMN DESA WIRA,TELOK PANGLIMA GARANG,Kuala Langat,2.9164645,101.4755096,scheme,"Taman Desa Wira, Teluk Panglima Garang, Kuala Langat, Selangor, 42600, Malaysia"
TMN DESAWAN,BANDAR KELANG,Klang,3.0016581,101.4488797,scheme,"Taman Desawan, Klang City, Klang, Selangor, Malaysia"
TMN DESAWAN,KELANG,Klang,3.0016581,101.4488797,scheme,"Taman Desawan, Klang City, Klang, Selangor, Malaysia"
TMN DESIRAN MALAWATI,BANDAR KUALA SELANGOR,Kuala Selangor,3.3261383,101.2491394,scheme,"Taman Desiran Malawati, Bandar Malawati, Kuala Selangor, Selangor, Malaysia"
TMN DUSUN JAYA,SEMENYIH,Hulu Langat,2.9737024,101.8292361,road,"Jalan 1/2, Kajang Technology City, Semenyih, Kajang Municipal Council, Hulu Langat, Selangor, 43500, Malaysia"
TMN DUTA,MUKIM KUALA LUMPUR,Kuala Lumpur,3.1561924,101.6760626,scheme,"Taman Duta, Kuala Lumpur, Malaysia"
TMN DUTAMAS,BANDAR CHERAS,Hulu Langat,3.0322822,101.7598842,scheme,"Taman Dutamas, Balakong, Cheras, Kajang Municipal Council, Hulu Langat, Selangor, 43200, Malaysia"
TMN EASTERN,MUKIM BATU,Kuala Lumpur,3.1978427,101.6803112,scheme,"Eastern Garden, Kampung Medan Wira Utama, Kuala Lumpur, 51200, Malaysia"
TMN ECO MUTIARA,SEMENYIH,Hulu Langat,2.9339117,101.8411215,road,"Jalan Eco Mutiara 2, Bandar Rinching, Semenyih, Kajang Municipal Council, Hulu Langat, Selangor, 43700, Malaysia"
"TMN EHSAN JAYA, PANDAMARAN",PEKAN PENDAMARAN,Klang,3.0046498,101.4191848,scheme,"Taman Ehsan Jaya, Jalan Banting, Kampung Baru Pandamaran, Port Klang, Klang City, Klang, Selangor, 42000, Malaysia"
TMN EMAS,MUKIM BATU,Kuala Lumpur,3.0777183,101.6995333,scheme,"Taman Naga Emas, Jalan Naga Emas, Taman Naga Emas, Sri Petaling, Kuala Lumpur, 57000, Malaysia"
TMN EMAS FASA III,KAPAR,Klang,3.133432,101.3771168,road,"Jalan Hamzah Alang, Taman Sentosa Kapar, Kapar, Klang City, Klang, Selangor, 42200, Malaysia"
TMN EMAS FASA IV,KAPAR,Klang,3.1319803,101.3840451,road,"Jalan Dato Tahir Manan, Taman Sentosa Kapar, Kapar, Klang City, Klang, Selangor, 42200, Malaysia"
TMN EMAS JAYA,DENGKIL,Sepang,2.8647794,101.6793254,road,"Jalan EJ 1, Taman Permata, Kampung Cemperai, Dengkil, Sepang, Selangor, 43800, Malaysia"
TMN EMAS JAYA,KAPAR,Klang,3.0169648,101.4223118,scheme,"Taman Bayu Perdana (Barat), Jalan Jerai, Taman Bayu Emas, Taman Kampung Pandamaran Jaya, Port Klang, Klang City, Klang, "
"TMN EMAS, JLN SUNGAI BERTEK",BANDAR KELANG,Klang,,,none,
"TMN EMAS, JLN SUNGAI BERTEK",KELANG,Klang,3.0217482,101.4216008,road,"Lorong Telok Gadong Besar 3A, Kampung Raja Uda, Port Klang, Klang City, Klang, Selangor, 42000, Malaysia"
"TMN EMAS, KAPAR",KAPAR,Klang,3.1350326,101.3927893,scheme,"Taman Emas, Kapar, Klang City, Klang, Selangor, 42200, Malaysia"
"TMN EMAS, KAPAR",PEKAN KAPAR,Klang,3.1350326,101.3927893,scheme,"Taman Emas, Kapar, Klang City, Klang, Selangor, 42200, Malaysia"
"TMN EMAS, KLANG",KELANG,Klang,3.0198699,101.4206871,scheme,"Taman Bayu Emas, Kampung Raja Uda, Port Klang, Klang City, Klang, Selangor, 42000, Malaysia"
TMN ENG ANN,BANDAR KELANG,Klang,3.058239,101.4600117,scheme,"Taman Eng Ann, Klang City, Klang, Selangor, 41150, Malaysia"
TMN ENG ANN,KAPAR,Klang,3.058239,101.4600117,scheme,"Taman Eng Ann, Klang City, Klang, Selangor, 41150, Malaysia"
TMN ENG ANN,KELANG,Klang,3.058239,101.4600117,scheme,"Taman Eng Ann, Klang City, Klang, Selangor, 41150, Malaysia"
TMN EVERGREEN,KELANG,Klang,3.0991303,101.6759907,scheme,"Taman Shanghai (Selatan), Old Klang Road, Taman Desa, Kuala Lumpur, 58000, Malaysia"
TMN EVERGREEN SENTOSA,KELANG,Klang,,,none,
TMN FADASON,MUKIM BATU,Kuala Lumpur,3.2132247,101.6532612,scheme,"Taman Fadason, Jinjang, Kepong, Kuala Lumpur, 52000, Malaysia"
TMN FAIRUZA,AMPANG,Hulu Langat,3.1223956,101.7689643,road,"Lorong 6/2A, Taman Seri Raya, Kampung Tasik Tambahan, Ampang, Ampang Jaya Municipal Council, Hulu Langat, Selangor, 5530"
TMN FERNGROVE,CHERAS,Hulu Langat,3.0827207,101.7591979,road,"Jalan Pakis 3, Taman Fern Grove, Cheras, Kajang Municipal Council, Hulu Langat, Selangor, 43200, Malaysia"
TMN FIRDAUS,KELANG,Klang,3.0381078,101.4234226,road,"Lorong Haji Kamal Yadi, Teluk Pulai, Port Klang, Klang City, Klang, Selangor, 41250, Malaysia"
TMN GADING JAYA (P/L 994),TANJONG KARANG,Kuala Selangor,,,none,
TMN GADING JAYA (P/L 994),TANJUNG KARANG,Kuala Selangor,,,none,
TMN GALING,TANJUNG 12,Kuala Langat,,,none,
TMN GAYA MERAK,PEKAN ASAM JAWA,Kuala Selangor,3.3034813,101.2887733,scheme,"Taman Gaya Merak, Assam Jawa, Bukit Rotan, Kuala Selangor, Selangor, 47500, Malaysia"
TMN GELAMA,JERAM,Kuala Selangor,3.2513466,101.3097508,scheme,"Taman Gelama, Kuala Sungai Buloh, Sasaran, Kuala Selangor, Selangor, Malaysia"
"TMN GELAMA, JERAM",JERAM,Kuala Selangor,,,none,
TMN GEMBIRA ( SEMENYIH ),SEMENYIH,Hulu Langat,2.96266,101.8277019,road,"3, Jalan Baiduri Jaya 1, Kajang Technology City, Semenyih, Kajang Municipal Council, Hulu Langat, Selangor, 43500, Malay"
TMN GEMBIRA ( SEPANG ),PEKAN SUNGAI PELIK,Sepang,,,none,
TMN GEMBIRA (P/L 3219),KAPAR,Klang,3.0301525,101.427983,scheme,"Taman Gembira, Teluk Pulai, Port Klang, Klang City, Klang, Selangor, 42000, Malaysia"
TMN GEMBIRA (P/L 3219),KELANG,Klang,3.0301525,101.427983,scheme,"Taman Gembira, Teluk Pulai, Port Klang, Klang City, Klang, Selangor, 42000, Malaysia"
TMN GEMBIRA (SG. NIBONG),KAPAR,Klang,3.0301525,101.427983,scheme,"Taman Gembira, Teluk Pulai, Port Klang, Klang City, Klang, Selangor, 42000, Malaysia"
"TMN GEMBIRA, BANTING",BANDAR BANTING,Kuala Langat,,,none,
"TMN GEMBIRA, BANTING",TANJUNG 12,Kuala Langat,,,none,
"TMN GEMBIRA, JENJAROM",BANDAR JENJARUM/SG JARUM,Kuala Langat,,,none,
"TMN GEMBIRA, JENJAROM",PEKAN JENJAROM,Kuala Langat,,,none,
"TMN GEMBIRA, JENJAROM",TANJUNG 12,Kuala Langat,,,none,
"TMN GEMBIRA, TELOK GADONG",BANDAR KELANG,Klang,,,none,
"TMN GEMBIRA, TELOK GADONG",KELANG,Klang,3.0325548,101.4286359,road,"Jalan Selasih, Taman Gembira, Teluk Pulai, Port Klang, Klang City, Klang, Selangor, 41250, Malaysia"
TMN GEMILANG,MUKIM KUALA LUMPUR,Kuala Lumpur,3.0920617,101.7426302,scheme,"Taman Gemilang, Cheras, Kuala Lumpur, Malaysia"
TMN GEMILANG (DENGKIL),DENGKIL,Sepang,2.8572964,101.689839,scheme,"Taman Gemilang, Kampung Lalang, Dengkil, Sepang, Selangor, Malaysia"
TMN GEMILANG FLAT,MUKIM KUALA LUMPUR,Kuala Lumpur,,,none,
TMN GENTING,MUKIM SETAPAK,Kuala Lumpur,3.1929549,101.7100377,scheme,"Taman Genting Setapak, Jalan Genting Kelang, Setapak, Kuala Lumpur, 53200, Malaysia"
TMN GOLDEN,KUALA LUMPUR TOWN CENTRE,Kuala Lumpur,3.1742426,101.6903188,scheme,"Golden Garden, Jalan Sultan Azlan Shah, Chow Kit, Sentul, Kuala Lumpur, 50586, Malaysia"
TMN GOODWOOD,MUKIM PETALING,Kuala Lumpur,3.0900502,101.6758252,scheme,"Taman Goodwood, Kuchai Lama, Kuala Lumpur, 58200, Malaysia"
TMN GRANDVIEW,AMPANG,Hulu Langat,3.1575726,101.7643621,road,"Jalan Hillside Estate, Taman Ampang Jaya, Ampang, Ampang Jaya Municipal Council, Hulu Langat, Selangor, 68000, Malaysia"
TMN HALAMAN,AMPANG,Hulu Langat,3.1374952,101.7748802,road,"Jalan Halaman 3, Taman Sri Watan, Kampung Indah Permai, Kampung Sri Taman Baru, Ampang, Ampang Jaya Municipal Council, H"
TMN HALAMAN,BANDAR AMPANG,Hulu Langat,,,none,
TMN HALAMAN INDAH,BANDAR AMPANG,Hulu Langat,,,none,
TMN HALIJAHTON,BANDAR TELOK PANGLIMA GARANG,Kuala Langat,2.9053828,101.4670316,scheme,"Jalan Taman Halijahton, Taman TelokBulatan Telok Panglima Garang, Teluk Panglima Garang, Kuala Langat, Selangor, 42600, "
TMN HARAPAN,KAPAR,Klang,,,none,
TMN HARAPAN (P/L 8302),KAPAR,Klang,,,none,
TMN HARMONI,PEKAN SIMPANG TIGA IJOK,Kuala Selangor,2.7316358,101.453153,scheme,"Taman Harmoni, Kanchong Laut, Banting, Kuala Langat, Selangor, Malaysia"
TMN HARMONI (CHERAS),CHERAS,Hulu Langat,3.0272893,101.7314595,scheme,"Taman Harmoni, Balakong, Cheras, Kajang Municipal Council, Hulu Langat, Selangor, Malaysia"
TMN HARMONI (CHERAS),PEKAN CHERAS,Hulu Langat,3.0272893,101.7314595,scheme,"Taman Harmoni, Balakong, Cheras, Kajang Municipal Council, Hulu Langat, Selangor, Malaysia"
TMN HARMONI (P/L 6880),KELANG,Klang,,,none,
TMN HARMONI (P/L 6880),PEKAN KAPAR,Klang,,,none,
TMN HARMONI (SEMENYIH),BANDAR BATU 18 SEMENYIH,Hulu Langat,3.0272893,101.7314595,scheme,"Taman Harmoni, Balakong, Cheras, Kajang Municipal Council, Hulu Langat, Selangor, Malaysia"
TMN HARMONI (SEMENYIH),PEKAN CHERAS,Hulu Langat,3.0272893,101.7314595,scheme,"Taman Harmoni, Balakong, Cheras, Kajang Municipal Council, Hulu Langat, Selangor, Malaysia"
TMN HARMONI (SEMENYIH),SEMENYIH,Hulu Langat,3.0272893,101.7314595,scheme,"Taman Harmoni, Balakong, Cheras, Kajang Municipal Council, Hulu Langat, Selangor, Malaysia"
TMN HARMONI INDAH (CHERAS),PEKAN CHERAS,Hulu Langat,3.0262012,101.7335996,scheme,"Flat Taman Harmoni Indah, Persiaran Damai Perdana, Balakong, Cheras, Kajang Municipal Council, Hulu Langat, Selangor, 43"
TMN HARMONI(SEPANG),PEKAN SUNGAI PELIK,Sepang,2.6476609,101.7236047,scheme,"Taman Jelutong Indah, Jalan Banting - Port Dickson, Taman Sri Siantan, Sepang Estate Sungai Linau Division, Pekan Sepang"
TMN HARMONI(SEPANG),SEPANG,Sepang,2.6463725,101.7201308,scheme,"Taman Harmoni Indah 2, Kampung Jelutong Indah, Sepang, Selangor, 45950, Malaysia"
"TMN HARMONI, BATU BELAH",KAPAR,Klang,,,none,
TMN HARUM MANIS,KAPAR,Klang,,,none,
TMN HASSAN,KELANG,Klang,3.0459925,101.4479389,scheme,"Taman Pengkalan Hampar, Lorong Raja Hassan, Kampung Atap, Klang City, Klang, Selangor, 41000, Malaysia"
TMN HIEW PIOW,PEKAN SEMENYIH,Hulu Langat,2.9596865,101.8429991,scheme,"Taman Hiew Piow, Kajang East, Semenyih, Kajang Municipal Council, Hulu Langat, Selangor, 43500, Malaysia"
TMN HIEW PIOW,SEMENYIH,Hulu Langat,2.9596865,101.8429991,scheme,"Taman Hiew Piow, Kajang East, Semenyih, Kajang Municipal Council, Hulu Langat, Selangor, 43500, Malaysia"
TMN HIEW THAI (DESA KENANGA),SEMENYIH,Hulu Langat,2.9486503,101.828811,road,"Jalan Kenanga, Kajang East, Semenyih, Kajang Municipal Council, Hulu Langat, Selangor, 43700, Malaysia"
TMN HIJAU FASA SATU,BANDAR KAJANG,Hulu Langat,2.9645089,101.7893483,road,"Sekolah Menengah Kebangsaan Jalan Reko, Jalan 5, Section 5, Bandar Baru Bangi, Kajang Municipal Council, Hulu Langat, Se"
TMN HIJAUAN RESIDENCE,BANDAR KAJANG,Hulu Langat,,,none,
TMN HIJAUAN RESIDENCE,HULU LANGAT,Hulu Langat,3.0844483,101.7741075,road,"Jalan Hijauan Residen 2A, Hijauan Residence Phase 1A, Cheras, Kajang Municipal Council, Hulu Langat, Selangor, 43200, Ma"
TMN HIJJAZ MULIA,KELANG,Klang,,,none,
TMN HIJRAH,KAPAR,Klang,,,none,
TMN HIJRAH (P/L 6270 & 6271),KAPAR,Klang,,,none,
TMN HIJRAH 2 (P/L 1647),KAPAR,Klang,,,none,
TMN HIJRAH 2 (P/L 1648),KAPAR,Klang,,,none,
TMN HILIR JAYA,BANDAR KELANG,Klang,,,none,
TMN HILL VIEW,SEMENYIH,Hulu Langat,2.9572522,101.8170364,road,"Jalan 5/1C, Hill View Residence, Semenyih, Kajang Municipal Council, Hulu Langat, Selangor, 43650, Malaysia"
TMN HULU LANGAT JAYA (SRI MIJAYA),CHERAS,Hulu Langat,3.1280887,101.7383328,scheme,"UniKL MIDI, Jalan Indah 5, Taman Cheras Indah, Cheras, Ampang, Ampang Jaya Municipal Council, Hulu Langat, Selangor, 515"
TMN HULU LANGAT JAYA (SRI MIJAYA),HULU LANGAT,Hulu Langat,3.0682513,101.7825515,scheme,"Taman Hulu Langat Jaya, Kampung Melaka, Kampung Bukit Raya, Kajang Municipal Council, Hulu Langat, Selangor, 43200, Mala"
TMN IBU KOTA,MUKIM SETAPAK,Kuala Lumpur,3.2113689,101.7156792,scheme,"Lorong Taman Ibu Kota, Taman Ibukota, Kampung Lee Kong Chian, Kampung Padang Balang, Kuala Lumpur, 53000, Malaysia"
TMN IDAMAN (HULU LANGAT),HULU LANGAT,Hulu Langat,3.0759027,101.7820338,scheme,"Taman Idaman, Kampung Melaka, Kampung Bukit Raya, Kajang Municipal Council, Hulu Langat, Selangor, Malaysia"
TMN IDAMAN MURNI,LABU,Sepang,2.7985633,101.7266883,road,"Jalan Murni 7, Kampung Labu Lanjut, Bandar Baru Salak Tinggi, Sepang, Selangor, 43900, Malaysia"
TMN IJOK DAMAI,PEKAN SIMPANG TIGA IJOK,Kuala Selangor,,,none,
TMN IJOK INDAH (P/L 2567),PEKAN SIMPANG TIGA IJOK,Kuala Selangor,3.3096891,101.3915768,scheme,"Taman Ijok Indah 1, Ijok, Kuala Selangor, Selangor, Malaysia"
TMN IJOK JAYA,PEKAN SIMPANG TIGA IJOK,Kuala Selangor,3.3138637,101.4098987,scheme,"Taman Seri Ijok, Jalan Kepong - Kuala Selangor, Taman Ijok Jaya Seksyen 1, Kampung Ijok, Ijok, Kuala Selangor, Selangor,"
TMN IJOK UTAMA (P/L 1553),PEKAN SIMPANG TIGA IJOK,Kuala Selangor,3.3129255,101.41185,scheme,"Taman Ijok Utama, Ijok, Kuala Selangor, Selangor, Malaysia"
TMN IKHLAS,TANJUNG 12,Kuala Langat,,,none,
TMN IKHLAS(CHERAS),CHERAS,Hulu Langat,3.0549914,101.8051124,scheme,"Taman Ikhlas, Jalan SL 7A, SL 9, Bandar Mahkota Cheras, Kajang Municipal Council, Hulu Langat, Selangor, 43000, Malaysia"
TMN ILMU UNISEL,BATANG BERJUNTAI,Kuala Selangor,,,none,
TMN IMPIAN,MUKIM BATU,Kuala Lumpur,3.2000588,101.6785801,scheme,"Taman Impian, Kampung Medan Wira Utama, Kuala Lumpur, 51200, Malaysia"
TMN IMPIAN (API-API),PEKAN ASAM JAWA,Kuala Selangor,3.2738821,101.2999723,scheme,"Taman Impian, Kampung Pasir Tuntong, Sasaran, Kuala Selangor, Selangor, Malaysia"
TMN IMPIAN ANDA,KELANG,Klang,,,none,
TMN IMPIAN EHSAN,KAJANG,Hulu Langat,3.0087967,101.755254,scheme,"Taman Perindustrian Alfa Impian, Cheras, Kajang Municipal Council, Hulu Langat, Selangor, Malaysia"
TMN IMPIAN EHSAN,PEKAN KAJANG,Hulu Langat,3.164714,101.8477805,scheme,"Taman Impian Warisan Batu 18, Jalan Hulu Langat, Taman Desa Sentosa, Kampung Kenanga, Dusun Tua, Kajang Municipal Counci"
TMN IMPIAN INDAH,KAJANG,Hulu Langat,3.0245099,101.7542991,road,"Jalan Impian Indah 3, Balakong, Cheras, Kajang Municipal Council, Hulu Langat, Selangor, 43200, Malaysia"
TMN IMPIAN INDAH,PEKAN KAJANG,Hulu Langat,,,none,
TMN IMPIAN INDAH (PARAGON HEIGHT),MUKIM PETALING,Kuala Lumpur,3.0473792,101.6570392,scheme,"Paragon Heights, Kuala Lumpur, Malaysia"
TMN IMPIAN LANGAT,HULU LANGAT,Hulu Langat,3.0087967,101.755254,scheme,"Taman Perindustrian Alfa Impian, Cheras, Kajang Municipal Council, Hulu Langat, Selangor, Malaysia"
TMN IMPIAN PUTRA,PEKAN BANGI LAMA,Hulu Langat,2.8942128,101.7722677,scheme,"Taman Impian Putra, Bangi Lama, Kajang Municipal Council, Hulu Langat, Selangor, Malaysia"
TMN IMPIAN SUTERA,KELANG,Klang,,,none,
TMN IMPIAN WARISAN,PEKAN BATU 18 ULU LANGAT,Hulu Langat,3.164714,101.8477805,scheme,"Taman Impian Warisan Batu 18, Jalan Hulu Langat, Taman Desa Sentosa, Kampung Kenanga, Dusun Tua, Kajang Municipal Counci"
"TMN IMPIAN, BUKIT NAGA (P/L 2916)",KELANG,Klang,,,none,
TMN IND. PST BDR PUCHONG-JLN PBP 3/1-3/5,PETALING,Petaling,,,none,
TMN INDAH,KAPAR,Klang,3.1005304,101.3685898,scheme,"Taman Sungai Kapar Indah (Barat), Jalan Kapar, Kapar, Klang City, Klang, Selangor, 42200, Malaysia"
TMN INDAH,MUKIM BATU,Kuala Lumpur,3.2185298,101.6744283,scheme,"Taman Tasik Indah, Batu, Kuala Lumpur, Malaysia"
TMN INDAH (CHERAS),BANDAR CHERAS,Hulu Langat,3.053751,101.7477248,scheme,"Taman Damai Indah, Bandar Damai Perdana, Cheras, Kajang Municipal Council, Hulu Langat, Selangor, Malaysia"
TMN INDAH (CHERAS),PEKAN CHERAS,Hulu Langat,3.1266269,101.7421092,scheme,"Taman Cheras Indah, Cheras, Ampang, Ampang Jaya Municipal Council, Hulu Langat, Selangor, Malaysia"
TMN INDAH (KAJANG),BANDAR KAJANG,Hulu Langat,3.053751,101.7477248,scheme,"Taman Damai Indah, Bandar Damai Perdana, Cheras, Kajang Municipal Council, Hulu Langat, Selangor, Malaysia"
TMN INDAH (KAJANG),KAJANG,Hulu Langat,3.0437461,101.7696376,scheme,"Taman Indah Batu 11, Cheras, Kajang Municipal Council, Hulu Langat, Selangor, Malaysia"
TMN INDAH JAYA,HULU LANGAT,Hulu Langat,3.1172401,101.8168921,scheme,"Taman Indah Jaya, Kampung Sungai Semungkis, Batu 14 Hulu Langat, Kajang Municipal Council, Hulu Langat, Selangor, Malays"
"TMN INDAH JAYA, TPG",BANDAR TELOK PANGLIMA GARANG,Kuala Langat,2.910411,101.4679114,scheme,"Taman Indah Jaya, Teluk Panglima Garang, Kuala Langat, Selangor, 42600, Malaysia"
"TMN INDAH JAYA, TPG",TELOK PANGLIMA GARANG,Kuala Langat,2.910411,101.4679114,scheme,"Taman Indah Jaya, Teluk Panglima Garang, Kuala Langat, Selangor, 42600, Malaysia"
TMN INDAH KAPAR,KAPAR,Klang,3.1005304,101.3685898,scheme,"Taman Sungai Kapar Indah (Barat), Jalan Kapar, Kapar, Klang City, Klang, Selangor, 42200, Malaysia"
TMN INDAH KAPAR,PEKAN KAPAR,Klang,3.1005304,101.3685898,scheme,"Taman Sungai Kapar Indah (Barat), Jalan Kapar, Kapar, Klang City, Klang, Selangor, 42200, Malaysia"
TMN INDAH KLIA,LABU,Sepang,2.803406,101.7130448,scheme,"Taman Indah KLIA, Kampung Labu Lanjut, Bandar Baru Salak Tinggi, Sepang, Selangor, Malaysia"
TMN INDAH KLIA (P/LOT 3346),LABU,Sepang,2.803406,101.7130448,scheme,"Taman Indah KLIA, Kampung Labu Lanjut, Bandar Baru Salak Tinggi, Sepang, Selangor, Malaysia"
TMN INDAH MAKMUR,BANDAR KELANG,Klang,,,none,
TMN INDAH MAKMUR,KELANG,Klang,,,none,
TMN INDAH MURNI,MUKIM BATU,Kuala Lumpur,,,none,
TMN INDAH PUTERI,LABU,Sepang,2.785084,101.7140806,road,"Jalan 6, Kampung Labu Lanjut, Bandar Baru Salak Tinggi, Sepang, Selangor, 64000, Malaysia"
TMN INDAH PUTRA,LABU,Sepang,,,none,
"TMN INDAH, JLN. TEPI SUNGAI",BANDAR KELANG,Klang,,,none,
"TMN INDAH, JLN. TEPI SUNGAI",KELANG,Klang,,,none,
"TMN INDAH, OFF JLN SG PUTUS",KAPAR,Klang,3.1010698,101.379978,road,"Jalan Sungai Kapar Indah 13A, Kapar, Klang City, Klang, Selangor, 42200, Malaysia"
"TMN INDAH, OFF JLN. RAJA JUMAAT",BANDAR KELANG,Klang,,,none,
"TMN INDAH, OFF JLN. RAJA JUMAAT",KELANG,Klang,,,none,
"TMN INDAH, OFF JLN.KAPAR",KAPAR,Klang,,,none,
"TMN INDAH, PEKAN MERU",KAPAR,Klang,,,none,
TMN INDUSTRI ALAM JAYA,IJOK,Kuala Selangor,3.2443403,101.448288,scheme,"Alam Jaya Industrial Park, Bandar Puncak Alam, Kuala Selangor, Selangor, Malaysia"
TMN INDUSTRI LEMBAH JAYA,BANDAR AMPANG,Hulu Langat,3.1409563,101.7841323,scheme,"Taman Industri Lembah Jaya, Jalan Lembah Jaya Selatan, Kampung Ampang Indah, Ampang, Ampang Jaya Municipal Council, Hulu"
TMN INDUSTRI PST BDR PUCHONG-JLN PBP 3/2,PETALING,Petaling,,,none,
TMN INDUSTRI PUCHONG,PETALING,Petaling,3.0224375,101.6141033,scheme,"Taman Industri Puchong, Damansara–Puchong Expressway (Puchong West Link), Puchong Perdana, Puchong, Subang Jaya City Cou"
TMN INTAN,DENGKIL,Sepang,2.8572351,101.6689816,scheme,"Taman Intan, Kampung Cemperai, Dengkil, Sepang, Selangor, Malaysia"
TMN INTAN,IJOK,Kuala Selangor,3.3880175,101.2269741,scheme,"Taman Intan, Kuala Selangor, Selangor, Malaysia"
TMN INTAN (P/L 2712 & P/L 2739),KELANG,Klang,3.054154,101.4731074,scheme,"Taman Intan, Jalan Batu Tiga Lama, Taman Ros, Klang City, Klang, Selangor, 41300, Malaysia"
TMN INTAN (P/L 4691 & 4692),DENGKIL,Sepang,2.8572351,101.6689816,scheme,"Taman Intan, Kampung Cemperai, Dengkil, Sepang, Selangor, Malaysia"
TMN INTAN 7,PEKAN KAPAR,Klang,,,none,
TMN INTAN BAIDURI,MUKIM BATU,Kuala Lumpur,3.2336475,101.6473106,scheme,"Taman Intan Baiduri (Barat), Jalan Taman Intan Baiduri, Taman Intan Baiduri, Batu Caves, Kuala Lumpur, Gombak, Selangor,"
TMN INTAN BAIDURI (P/L 3337),LABU,Sepang,2.8031438,101.7070246,scheme,"Taman Intan Baiduri, Bandar Baru Salak Tinggi, Sepang, Selangor, Malaysia"
TMN INTAN BAIDURI (P/LOT 3078),LABU,Sepang,2.8031438,101.7070246,scheme,"Taman Intan Baiduri, Bandar Baru Salak Tinggi, Sepang, Selangor, Malaysia"
TMN INTAN BAIDURI(P/L 3336),LABU,Sepang,2.8031438,101.7070246,scheme,"Taman Intan Baiduri, Bandar Baru Salak Tinggi, Sepang, Selangor, Malaysia"
TMN INTAN FASA I - VI,KAPAR,Klang,3.1332874,101.3845439,road,"Jalan Hamzah Alang 22, Kapar, Klang City, Klang, Selangor, 42200, Malaysia"
TMN INTAN FASA I - VI,PEKAN KAPAR,Klang,,,none,
TMN INTAN I-VI,KAPAR,Klang,3.1332874,101.3845439,road,"Jalan Hamzah Alang 22, Kapar, Klang City, Klang, Selangor, 42200, Malaysia"
TMN INTAN I-VI,PEKAN KAPAR,Klang,,,none,
TMN INTAN JAYA,HUJUNG PERMATANG,Kuala Selangor,3.4025562,101.2084395,scheme,"Taman Intan Jaya, Tanjong Karang, Kuala Selangor, Selangor, Malaysia"
TMN INTAN JAYA I - III,KAPAR,Klang,3.1432746,101.3759978,road,"Jalan Raja Nala 10, Kapar, Klang City, Klang, Selangor, 42200, Malaysia"
TMN INTAN JAYA I - III,PEKAN KAPAR,Klang,,,none,
TMN INTAN JAYA I-III,KAPAR,Klang,3.1443392,101.3763464,road,"Lorong Raja Nala 12, Kapar, Klang City, Klang, Selangor, 42200, Malaysia"
TMN INTAN JAYA I-III,PEKAN KAPAR,Klang,,,none,
TMN INTAN JAYA IV,KAPAR,Klang,3.1460266,101.3786886,road,"Jalan Raja Nala 24, Kapar, Klang City, Klang, Selangor, 42200, Malaysia"
TMN INTAN JAYA IV,PEKAN KAPAR,Klang,,,none,
TMN INTAN JAYA V,KAPAR,Klang,3.1451739,101.3810222,road,"Jalan Raja Nala 19, Kapar, Klang City, Klang, Selangor, 42200, Malaysia"
TMN INTAN JAYA V,PEKAN KAPAR,Klang,,,none,
TMN INTAN JAYA VI,PEKAN KAPAR,Klang,,,none,
TMN INTAN P/L 2712 & P/L 2739,KELANG,Klang,,,none,
TMN INTAN VI,PEKAN KAPAR,Klang,,,none,
TMN INTAN VII,PEKAN KAPAR,Klang,,,none,
"TMN INTAN, KLANG",KELANG,Klang,3.054154,101.4731074,scheme,"Taman Intan, Jalan Batu Tiga Lama, Taman Ros, Klang City, Klang, Selangor, 41300, Malaysia"
TMN ISWARA,KELANG,Klang,3.0223828,101.5290657,scheme,"Taman Iswara, Section 25, Shah Alam, Klang, Selangor, Malaysia"
TMN IXORA,BARU BARU SALAK TINGGI,Sepang,2.8173446,101.7292293,scheme,"Taman Ixora, Bandar Baru Salak Tinggi, Sepang, Selangor, Malaysia"
TMN IXORA,DENGKIL,Sepang,2.8173446,101.7292293,scheme,"Taman Ixora, Bandar Baru Salak Tinggi, Sepang, Selangor, Malaysia"
TMN JASA,PEKAN SIMPANG TIGA IJOK,Kuala Selangor,3.3183606,101.4166456,scheme,"Taman Jasa, Jalan Bukit Badong, Taman Ijok Jaya Seksyen 2, Ijok, Kuala Selangor, Selangor, 45600, Malaysia"
TMN JASA (P/L 229),KAPAR,Klang,3.0318876,101.5292434,scheme,"Padang Sekolah Kebangsaan Taman Sri Muda, Jalan Jasa 25/27, Section 25, Taman Sri Muda, Shah Alam, Klang, Selangor, 4040"
TMN JASA (PL 229),KAPAR,Klang,3.0318876,101.5292434,scheme,"Padang Sekolah Kebangsaan Taman Sri Muda, Jalan Jasa 25/27, Section 25, Taman Sri Muda, Shah Alam, Klang, Selangor, 4040"
TMN JASA SETIA,PEKAN SIMPANG TIGA IJOK,Kuala Selangor,,,none,
TMN JASARIA,KAPAR,Klang,,,none,
TMN JASMIN,BANDAR KAJANG,Hulu Langat,2.9821051,101.8109986,scheme,"Taman Jasmin, Kajang 2, Semenyih, Kajang Municipal Council, Hulu Langat, Selangor, Malaysia"
TMN JASMIN,KAJANG,Hulu Langat,2.9821051,101.8109986,scheme,"Taman Jasmin, Kajang 2, Semenyih, Kajang Municipal Council, Hulu Langat, Selangor, Malaysia"
TMN JASMINE,BANDAR KELANG,Klang,,,none,
TMN JATI (P/L 1244)-JERAM,PEKAN TAMBAK JAWA,Kuala Selangor,3.176443,101.3163317,scheme,"Taman Jati, Jeram, Jalan Kapar - Kuala Selangor, Kuala Selangor, Selangor, 45800, Malaysia"
TMN JATI (P/L 1444),KELANG,Klang,3.0024929,101.502237,scheme,"Taman Jati Indah, Section 32, Shah Alam, Klang, Selangor, Malaysia"
TMN JATI INDAH,KELANG,Klang,3.0024929,101.502237,scheme,"Taman Jati Indah, Section 32, Shah Alam, Klang, Selangor, Malaysia"
"TMN JATI, JERAM (P/L 1244)",PEKAN TAMBAK JAWA,Kuala Selangor,,,none,
TMN JAYA (CHERAS),CHERAS,Hulu Langat,3.0245431,101.7414556,scheme,"Taman Taming Jaya, Balakong, Cheras, Kajang Municipal Council, Hulu Langat, Selangor, Malaysia"
TMN JAYA (SEMENYIH),PEKAN SEMENYIH,Hulu Langat,3.0245431,101.7414556,scheme,"Taman Taming Jaya, Balakong, Cheras, Kajang Municipal Council, Hulu Langat, Selangor, Malaysia"
TMN JAYA I,PEKAN KAPAR,Klang,2.9569291,101.5343631,scheme,"Taman Jaya, Section 30, Shah Alam, Klang, Selangor, Malaysia"
TMN JAYA II,KAPAR,Klang,3.1480529,101.3491654,scheme,"Taman Sungai Serdang Jaya, Kapar, Klang City, Klang, Selangor, Malaysia"
TMN JAYA II,PEKAN KAPAR,Klang,2.9569291,101.5343631,scheme,"Taman Jaya, Section 30, Shah Alam, Klang, Selangor, Malaysia"
TMN JAYA KIJANG,KAPAR,Klang,,,none,
TMN JAYA UTAMA,BANDAR TELOK PANGLIMA GARANG,Kuala Langat,2.9125894,101.4753441,scheme,"Taman Jaya Utama, Teluk Panglima Garang, Kuala Langat, Selangor, 42600, Malaysia"
TMN JAYA UTAMA,PEKAN TELUK,Kuala Langat,2.9125894,101.4753441,scheme,"Taman Jaya Utama, Teluk Panglima Garang, Kuala Langat, Selangor, 42600, Malaysia"
TMN JAYA UTAMA,TELOK PANGLIMA GARANG,Kuala Langat,2.9125894,101.4753441,scheme,"Taman Jaya Utama, Teluk Panglima Garang, Kuala Langat, Selangor, 42600, Malaysia"
TMN JAYA UTAMA (P/L 1133),PEKAN TELUK,Kuala Langat,2.9125894,101.4753441,scheme,"Taman Jaya Utama, Teluk Panglima Garang, Kuala Langat, Selangor, 42600, Malaysia"
"TMN JAYA, PEKAN KAPAR",KAPAR,Klang,3.1308488,101.3911827,road,"Lorong Hamzah Alang 77B, Taman Putra Baru, Kapar, Klang City, Klang, Selangor, 42200, Malaysia"
"TMN JAYA, PEKAN KAPAR",PEKAN KAPAR,Klang,,,none,
TMN JED (DENGKIL),DENGKIL,Sepang,2.8603194,101.6704302,scheme,"Taman Jed, Kampung Cemperai, Dengkil, Sepang, Selangor, 43800, Malaysia"
TMN JELOK IMPIAN,SEMENYIH,Hulu Langat,2.9969393,101.8189696,scheme,"Taman Jelok Impian, Kajang Municipal Council, Hulu Langat, Selangor, Malaysia"
TMN JELOK INDAH,BANDAR KAJANG,Hulu Langat,,,none,
TMN JELOK INDAH,KAJANG,Hulu Langat,2.9906149,101.8056219,road,"Jalan Jelok Indah 4, Kajang Municipal Council, Hulu Langat, Selangor, 43000, Malaysia"
TMN JELOK RIA,BANDAR KAJANG,Hulu Langat,,,none,
TMN JENARIS 2,BANDAR KAJANG,Hulu Langat,,,none,
TMN JENDERAM AMAN (P/LOT 2511),DENGKIL,Sepang,2.8832954,101.7109404,scheme,"Taman Jenderam Aman, Dengkil, Sepang, Selangor, Malaysia"
TMN JENDERAM DAMAI,DENGKIL,Sepang,2.8771084,101.7003686,scheme,"Taman Jenderam Damai, Kampung Semarang, Dengkil, Sepang, Selangor, Malaysia"
TMN JENDERAM HARMONI/HARMONI PARK,DENGKIL,Sepang,2.8724326,101.6973362,road,"Jalan JH 2, Harmony Park, Kampung Semarang, Dengkil, Sepang, Selangor, 43800, Malaysia"
TMN JENDERAM IMPIAN,DENGKIL,Sepang,,,none,
TMN JENDERAM MURNI,DENGKIL,Sepang,2.8881698,101.713038,scheme,"Taman Jenderam Murni, Sepang, Selangor, Malaysia"
TMN JENDERAM SUTERA,DENGKIL,Sepang,2.8556745,101.6840975,road,"Taman Seri Delima, Jalan Kajang - Dengkil, Jalan Seri Delima 1, Taman Seri Delima, Kampung Orang Asli Bukit Tampoi, Deng"
TMN JENDERAM SUTERA,LABU,Sepang,,,none,
TMN JERAM JAYA,KELANG,Klang,,,none,
TMN JERAM JAYA,PEKAN JERAM,Kuala Selangor,,,none,
"TMN JERNEH, OFF JLN SG. PUTUS",KAPAR,Klang,,,none,
TMN JIMNA,PEKAN SERDANG,Petaling,,,none,
TMN JIMNA,PETALING,Petaling,3.0162167,101.7013313,road,"Jalan Jinma 3, Taman Jinma, Bukit Serdang, Seri Kembangan, Subang Jaya City Council, Petaling, Selangor, 43300, Malaysia"
TMN JINJANG BARU,MUKIM BATU,Kuala Lumpur,3.2048765,101.6595388,scheme,"Kos Sederhana Apartment, Taman Jinjang Baru, Jinjang, Kepong, Kuala Lumpur, Malaysia"
TMN JLN MERBOK- KEBUN BHARU,TELOK PANGLIMA GARANG,Kuala Langat,,,none,
TMN JOHAN SETIA,KELANG,Klang,,,none,
TMN JOHAN SETIA PERMAI,KELANG,Klang,,,none,
TMN JUARA,KELANG,Klang,,,none,
TMN JUARA JAYA,BANDAR CHERAS,Hulu Langat,3.0398657,101.7332111,scheme,"Taman Juara Jaya, Bandar Damai Perdana, Cheras, Kajang Municipal Council, Hulu Langat, Selangor, Malaysia"
TMN JUARA JAYA,CHERAS,Hulu Langat,3.0398657,101.7332111,scheme,"Taman Juara Jaya, Bandar Damai Perdana, Cheras, Kajang Municipal Council, Hulu Langat, Selangor, Malaysia"
TMN JUARA JAYA@SUTERA HEIGHTS,BANDAR CHERAS,Hulu Langat,3.0402627,101.7325875,road,"Jalan Juara, Bandar Damai Perdana, Cheras, Kajang Municipal Council, Hulu Langat, Selangor, 56000, Malaysia"
TMN JUGRA CEMERLANG,BANDAR,Kuala Langat,2.8305862,101.4486595,scheme,"Taman Jugra Cemerlang, Kampung Kathong, Sungai Raba, Kuala Langat, Selangor, Malaysia"
"TMN JUTA, BATU 7 1/2, JLN KAPAR",KAPAR,Klang,3.1351934,101.3667928,road,"Lorong Kiyai Sujak 2, Kapar, Klang City, Klang, Selangor, 42200, Malaysia"
TMN K SELANGOR FASA 2 (T.TELAGA TUJUH),API-API,Kuala Selangor,,,none,
TMN K SELANGOR FASA 2 (T.TELAGA TUJUH),BANDAR KUALA SELANGOR,Kuala Selangor,3.3256291,101.2625246,road,"Jalan Telaga Tujuh 1, Taman Paduka, Bandar Malawati, Kuala Selangor, Selangor, 45000, Malaysia"
TMN K SELANGOR FASA 3 (T. LAKSAMANA),API-API,Kuala Selangor,,,none,
TMN KAJANG BARU,BANDAR KAJANG,Hulu Langat,2.9596361,101.7585239,scheme,"Taman Tasik Cempaka, Bandar Baru Bangi, Kajang Municipal Council, Hulu Langat, Selangor, Malaysia"
TMN KAJANG BARU,KAJANG,Hulu Langat,2.9908074,101.7838535,scheme,"New Kajang Garden, Kampung Sungai Jernih, Kajang Municipal Council, Hulu Langat, Selangor, 43000, Malaysia"
TMN KAJANG EAST (SEMENYIH),PEKAN SEMENYIH,Hulu Langat,2.9521568,101.8276564,scheme,"Taman Kaseh Heights, Kajang East, Semenyih, Kajang Municipal Council, Hulu Langat, Selangor, Malaysia"
TMN KAJANG IMPIAN,BANDAR BARU BANGI,Hulu Langat,2.9750818,101.7701837,scheme,"Taman Kajang Impian, Kampung Kwan Tung Baru, Kajang Municipal Council, Hulu Langat, Selangor, 43000, Malaysia"
TMN KAJANG IMPIAN,KAJANG,Hulu Langat,2.9750818,101.7701837,scheme,"Taman Kajang Impian, Kampung Kwan Tung Baru, Kajang Municipal Council, Hulu Langat, Selangor, 43000, Malaysia"
TMN KAJANG INDAH,BANDAR BARU BANGI,Hulu Langat,2.9836088,101.7787857,scheme,"Taman Kajang Indah, Kampung Kwan Tung Baru, Kajang Municipal Council, Hulu Langat, Selangor, 43000, Malaysia"
TMN KAJANG INDAH,KAJANG,Hulu Langat,2.9836088,101.7787857,scheme,"Taman Kajang Indah, Kampung Kwan Tung Baru, Kajang Municipal Council, Hulu Langat, Selangor, 43000, Malaysia"
TMN KAJANG JAYA,BANDAR KAJANG,Hulu Langat,3.0356984,101.7688638,scheme,"Oxygen Fitness Malaysia, 1-1, Jalan Tengah Cheras Selatan, Cheras Selatan 118, Cheras, Kajang Municipal Council, Hulu La"
TMN KAJANG MEWAH,BANDAR BARU BANGI,Hulu Langat,2.9747698,101.7771368,scheme,"Taman Kajang Mewah, Kampung Kwan Tung Baru, Kajang Municipal Council, Hulu Langat, Selangor, 43000, Malaysia"
TMN KAJANG MEWAH,KAJANG,Hulu Langat,2.9747698,101.7771368,scheme,"Taman Kajang Mewah, Kampung Kwan Tung Baru, Kajang Municipal Council, Hulu Langat, Selangor, 43000, Malaysia"
TMN KAJANG MULIA,BANDAR KAJANG,Hulu Langat,2.9991256,101.7986776,scheme,"Taman Kajang Mulia, Sungai Kantan, Kajang Municipal Council, Hulu Langat, Selangor, 43000, Malaysia"
TMN KAJANG MULIA,KAJANG,Hulu Langat,2.9991256,101.7986776,scheme,"Taman Kajang Mulia, Sungai Kantan, Kajang Municipal Council, Hulu Langat, Selangor, 43000, Malaysia"
TMN KAJANG PERDANA,BANDAR BATU 18 SEMENYIH,Hulu Langat,2.9952966,101.813545,scheme,"Jalan Taman Sri Jelok 1, Kajang Perdana, Kajang Municipal Council, Hulu Langat, Selangor, 43000, Malaysia"
TMN KAJANG PERDANA,BANDAR KAJANG,Hulu Langat,3.0591314,101.7515785,scheme,"Abandoned Taman Bahagia Clubhouse, Cheras, Kajang Municipal Council, Hulu Langat, Selangor, Malaysia"
TMN KAJANG PERDANA,KAJANG,Hulu Langat,2.9952966,101.813545,scheme,"Jalan Taman Sri Jelok 1, Kajang Perdana, Kajang Municipal Council, Hulu Langat, Selangor, 43000, Malaysia"
TMN KAJANG PERDANA,SEMENYIH,Hulu Langat,2.9952966,101.813545,scheme,"Jalan Taman Sri Jelok 1, Kajang Perdana, Kajang Municipal Council, Hulu Langat, Selangor, 43000, Malaysia"
TMN KAJANG RAYA,BANDAR BARU BANGI,Hulu Langat,2.9802848,101.7789349,scheme,"Taman Kajang Raya, Kampung Kwan Tung Baru, Kajang Municipal Council, Hulu Langat, Selangor, Malaysia"
TMN KAJANG RAYA,KAJANG,Hulu Langat,2.9802848,101.7789349,scheme,"Taman Kajang Raya, Kampung Kwan Tung Baru, Kajang Municipal Council, Hulu Langat, Selangor, Malaysia"
TMN KAJANG RIA,BANDAR KAJANG,Hulu Langat,2.9769415,101.8243354,road,"Jalan Ria 4, Taman Anggerik Perdana, Kajang Technology City, Semenyih, Kajang Municipal Council, Hulu Langat, Selangor, "
TMN KAJANG SELATAN,SEMENYIH,Hulu Langat,2.9429043,101.8153671,scheme,"Akina Taman Kajang Selatan, Semenyih, Kajang Municipal Council, Hulu Langat, Selangor, 43650, Malaysia"
TMN KAJANG UTAMA,BANDAR KAJANG,Hulu Langat,3.0585135,101.8041303,scheme,"Taman Makmur Playground, Jalan Mutiara Jaya Utama, Bandar Sungai Long, Kajang Municipal Council, Hulu Langat, Selangor, "
TMN KAJANG UTAMA,KAJANG,Hulu Langat,2.9720661,101.7960954,scheme,"Taman Kajang Utama, Kajang 2, Kajang Municipal Council, Hulu Langat, Selangor, 43000, Malaysia"
TMN KAJANG VILLA,HULU LANGAT,Hulu Langat,2.8986082,101.778848,scheme,"Taman Bangi Villa, Jalan Bangi Villa 3, Taman Angsana Bangi, Kampung Bahagia, Bangi Lama, Kajang Municipal Council, Hulu"
TMN KAJANG VILLA,PEKAN KG SUNGAI TANGKAS,Hulu Langat,2.8986082,101.778848,scheme,"Taman Bangi Villa, Jalan Bangi Villa 3, Taman Angsana Bangi, Kampung Bahagia, Bangi Lama, Kajang Municipal Council, Hulu"
TMN KAJANG VILLA,PEKAN SEMENYIH,Hulu Langat,2.8986082,101.778848,scheme,"Taman Bangi Villa, Jalan Bangi Villa 3, Taman Angsana Bangi, Kampung Bahagia, Bangi Lama, Kajang Municipal Council, Hulu"
TMN KAMPUNG SRI PANDAN,BANDAR KELANG,Klang,,,none,
TMN KANDIS PERMAI,KELANG,Klang,3.0183327,101.4842483,scheme,"Taman Kandis Permai (Selatan), Jalan Kebun, Taman Sri Wangi, Section 36, Shah Alam, Klang, Selangor, 40470, Malaysia"
TMN KANTAN PERMAI,BANDAR KAJANG,Hulu Langat,3.019635,101.8088877,scheme,"Taman Kantan Permai, Kajang Municipal Council, Hulu Langat, Selangor, Malaysia"
TMN KANTAN PERMAI,KAJANG,Hulu Langat,3.019635,101.8088877,scheme,"Taman Kantan Permai, Kajang Municipal Council, Hulu Langat, Selangor, Malaysia"
TMN KAPAR,KAPAR,Klang,3.1367941,101.3743966,scheme,"Pos Malaysia, Jalan Kapar - Kuala Selangor, Taman Pin Ke, Kapar, Klang City, Klang, Selangor, 42200, Malaysia"
TMN KAPAR (SEK 2),PEKAN KAPAR,Klang,3.1367941,101.3743966,scheme,"Pos Malaysia, Jalan Kapar - Kuala Selangor, Taman Pin Ke, Kapar, Klang City, Klang, Selangor, 42200, Malaysia"
TMN KAPAR CERAH,KAPAR,Klang,3.1356965,101.3668914,road,"Lorong Kiyai Sujak, Kapar, Klang City, Klang, Selangor, 42200, Malaysia"
TMN KAPAR INDAH,KAPAR,Klang,3.1005304,101.3685898,scheme,"Taman Sungai Kapar Indah (Barat), Jalan Kapar, Kapar, Klang City, Klang, Selangor, 42200, Malaysia"
TMN KAPAR INDAH,PEKAN KAPAR,Klang,3.0973491,101.3736417,scheme,"Taman Sungai Kapar Indah (Tengah), Jalan Kapar, Taman Seri Residensi, Klang City, Klang, Selangor, 42200, Malaysia"
TMN KAPAR JAYA (S/L 6915 & S/L688 ),PEKAN KAPAR,Klang,,,none,
TMN KAPAR PERMAI,KAPAR,Klang,3.1489741,101.3728929,road,"Jalan Haji Yaakob 23A, Kapar, Klang City, Klang, Selangor, 42200, Malaysia"
TMN KAPAR PERMAI,PEKAN KAPAR,Klang,,,none,
TMN KAPAR RIA I,KAPAR,Klang,,,none,
TMN KAPAR RIA I,PEKAN KAPAR,Klang,,,none,
TMN KAPAR RIA II,KAPAR,Klang,3.1338581,101.3810447,road,"Jalan Hamzah Alang 10, Taman Pin Ke, Kapar, Klang City, Klang, Selangor, 42200, Malaysia"
TMN KAPAR RIA II,PEKAN KAPAR,Klang,,,none,
TMN KAPAR RIA III,KAPAR,Klang,3.1340074,101.3888752,road,"Lorong Kapar Setia 40, Taman Putra Baru, Kapar, Klang City, Klang, Selangor, 42200, Malaysia"
TMN KAPAR RIA III,PEKAN KAPAR,Klang,,,none,
TMN KAPAR RIA IV,KAPAR,Klang,3.133432,101.3771168,road,"Jalan Hamzah Alang, Taman Sentosa Kapar, Kapar, Klang City, Klang, Selangor, 42200, Malaysia"
TMN KAPAR SETIA,PEKAN KAPAR,Klang,,,none,
TMN KARAK UTAMA,MUKIM BATU,Kuala Lumpur,3.2186245,101.6944311,road,"Jalan 25/10, Taman Koperasi Polis Fasa 1, Kampung Sri Batu, Kampung Padang Balang, Kuala Lumpur, 53000, Malaysia"
TMN KASAWARI @ RAKR BUKIT ROTAN,PEKAN BUKIT ROTAN,Kuala Selangor,,,none,
TMN KASIA,KELANANG,Kuala Langat,,,none,
TMN KASIH,CHERAS,Hulu Langat,3.0277227,101.7895521,scheme,"Taman Kasih, Bandar Sungai Long, Kajang Municipal Council, Hulu Langat, Selangor, 43000, Malaysia"
TMN KASTURI,BANDAR CHERAS,Hulu Langat,3.0385686,101.7689858,scheme,"TMpoint, Jalan Kasturi 1, Taman Kasturi, Cheras, Kajang Municipal Council, Hulu Langat, Selangor, 43200, Malaysia"
TMN KASTURI (P/L: 2202),BANDAR KELANG,Klang,,,none,
TMN KAYA,MUKIM BATU,Kuala Lumpur,3.1914544,101.6805717,scheme,"Taman Kaya, Jalan Ipoh, Rainbow Garden, Batu, Kuala Lumpur, 51200, Malaysia"
TMN KEJORA,BANDAR BARU BANGI,Hulu Langat,2.9763745,101.7835067,scheme,"Taman Kejora, Kampung Kwan Tung Baru, Kajang Municipal Council, Hulu Langat, Selangor, 43000, Malaysia"
"TMN KELANA, BATU 5 JLN KAPAR",KAPAR,Klang,,,none,
"TMN KELANA, RANTAU PANJANG",KAPAR,Klang,,,none,
TMN KELISA,PEKAN KUALA SUNGAI BULUH,Kuala Selangor,3.2576693,101.3084594,scheme,"Taman Kelisa, Kuala Sungai Buloh, Sasaran, Kuala Selangor, Selangor, Malaysia"
TMN KEM,PEKAN PORT SWETTENHAM,Klang,2.9980984,101.4014732,scheme,"Sekolah Rendah Agama Taman Kem, Jalan Sekolah, Pandamaran, Port Klang, Klang City, Klang, Selangor, 42009, Malaysia"
TMN KEMACAHAYA (LAVENDER PARK),HULU LANGAT,Hulu Langat,3.0764891,101.7795648,scheme,"Taman Kemacahaya, Kampung Melaka, Cheras, Kajang Municipal Council, Hulu Langat, Selangor, Malaysia"
TMN KEMBARA,KAPAR,Klang,,,none,
TMN KEMBARA 1,KAPAR,Klang,,,none,
TMN KEMBARA 2,KAPAR,Klang,,,none,
TMN KEMBARA 3,KAPAR,Klang,,,none,
TMN KEMBARA II,KAPAR,Klang,,,none,
TMN KEMUNING JAYA (P/L 48631),KELANG,Klang,,,none,
"TMN KEMUNING, BANTING",BANDAR BANTING,Kuala Langat,,,none,
TMN KENANGA,KELANANG,Kuala Langat,2.7945715,101.4869935,scheme,"Taman Kenanga, Banting, Kuala Langat, Selangor, Malaysia"
TMN KENANGA (DENGKIL),DENGKIL,Sepang,2.8740877,101.670783,scheme,"Pusat Penjaja Taman Dengkil Jaya, Jalan Kenanga 9, Taman Dengkil Jaya, Dengkil, Sepang, Selangor, 43800, Malaysia"
"TMN KENANGA, K. SELANGOR",PEKAN KAMPUNG KUANTAN,Kuala Selangor,3.358561,101.2990534,scheme,"Taman Kenanga, Kampung Kuantan, Kuala Selangor, Selangor, Malaysia"
"TMN KENARI, JERAM",JERAM,Kuala Selangor,,,none,
"TMN KENARI, JERAM",PEKAN SUNGAI SEMBILANG,Kuala Selangor,,,none,
TMN KENCANA (AMPANG),AMPANG,Hulu Langat,3.1191629,101.7497002,scheme,"Taman Kencana, Pandan Perdana, Ampang, Ampang Jaya Municipal Council, Hulu Langat, Selangor, 55300, Malaysia"
TMN KEPONG INDAH,MUKIM BATU,Kuala Lumpur,3.2280507,101.6398894,scheme,"Taman Kepong Indah, Kepong, Kuala Lumpur, 52100, Malaysia"
TMN KESUMA,AMPANG,Hulu Langat,3.1400163,101.7765974,road,"Jalan Kesuma 6, Taman Bukit Ampang, Kampung Indah Permai, Kampung Muhibbah, Ampang, Ampang Jaya Municipal Council, Hulu "
"TMN KG KUANTAN, KLANG",KAPAR,Klang,3.0400383,101.4625717,scheme,"Taman Kampung Kuantan, Kampung Kuantan, Klang City, Klang, Selangor, 41000, Malaysia"
TMN KG PENDAMAR,KELANG,Klang,2.9862662,101.4184823,scheme,"Gerai Makan Taman Pendamar Indah, Jalan Pendamar Indah 1, Taman Pendamar Indah, Kampung Idaman, Port Klang, Klang City, "
"TMN KG PERIGI NENAS (P/L 5368, P. INDAH)",KELANG,Klang,2.9324607,101.3142622,scheme,"Taman Perigi Nenas, Kampung Perigi Nenas, Klang City, Klang, Selangor, Malaysia"
TMN KHATIJAH,TANJUNG KARANG,Kuala Selangor,3.4065431,101.2080194,road,"Jalan SGG 5/1, Tanjong Karang, Kuala Selangor, Selangor, 45500, Malaysia"
TMN KHET LOONG,KUALA LUMPUR TOWN CENTRE,Kuala Lumpur,,,none,
TMN KIARA,API-API,Kuala Selangor,3.3178376,101.2829852,scheme,"Taman Kiara, Assam Jawa, Kuala Selangor, Selangor, Malaysia"
TMN KIEN LEONG,BANDAR KELANG,Klang,,,none,
TMN KIEN LEONG/KIM CHUAN,BANDAR KELANG,Klang,,,none,
TMN KIEN LEONG/KIM CHUAN,KELANG,Klang,3.0196436,101.4212791,road,"Jalan Jelai 2, Taman Bayu Emas, Kampung Raja Uda, Port Klang, Klang City, Klang, Selangor, 42000, Malaysia"
TMN KILAUAN,BATANG BERJUNTAI,Kuala Selangor,3.3736979,101.3886728,scheme,"Taman Kilauan, Jalan Rawang, Taman Pancaran, Kampung Jawa Selangor, Bestari Jaya, Kuala Selangor, Selangor, 45600, Malay"
TMN KILAUAN,PEKAN BATANG BERJUNTAI,Kuala Selangor,3.3734972,101.387715,scheme,"Taman Kilauan, Jalan Rawang, Taman Pancaran, Kampung Jawa Selangor, Bestari Jaya, Kuala Selangor, Selangor, 45600, Malay"
TMN KILAUAN TUN SAMBATHAN,BATANG BERJUNTAI,Kuala Selangor,3.3724821,101.3852492,scheme,"Taman Kilauan Tun Sambathan, Jalan Rawang, Taman Pancaran, Kampung Jawa Selangor, Bestari Jaya, Kuala Selangor, Selangor"
TMN KILAUAN TUN SAMBATHAN,PEKAN BATANG BERJUNTAI,Kuala Selangor,3.3723766,101.3853579,scheme,"Taman Kilauan Tun Sambathan, Jalan Rawang, Taman Pancaran, Kampung Jawa Selangor, Bestari Jaya, Kuala Selangor, Selangor"
TMN KINRARA SEK 4,PEKAN KINRARA,Petaling,3.0657953,101.6385039,scheme,"Taman Kinrara Seksyen 4, Bukit Tandang, Puchong, Subang Jaya City Council, Petaling, Selangor, Malaysia"
TMN KINRARA SEK 4,PEKAN PUCHONG JAYA,Petaling,3.0657953,101.6385039,scheme,"Taman Kinrara Seksyen 4, Bukit Tandang, Puchong, Subang Jaya City Council, Petaling, Selangor, Malaysia"
TMN KINRARA SEK 4,PETALING,Petaling,3.0657953,101.6385039,scheme,"Taman Kinrara Seksyen 4, Bukit Tandang, Puchong, Subang Jaya City Council, Petaling, Selangor, Malaysia"
TMN KINRARA SEK. 4-JLN TK 4/13,PEKAN PUCHONG JAYA,Petaling,,,none,
TMN KINTAMAN,KELANG,Klang,,,none,
TMN KINTAMAN 2,KELANG,Klang,,,none,
TMN KIYAI REDZWAN,KAPAR,Klang,,,none,
TMN KLANG INDAH,KELANG,Klang,2.9862662,101.4184823,scheme,"Gerai Makan Taman Pendamar Indah, Lebuh Pendamar Indah 1, Taman Pendamar Indah, Kampung Idaman, Port Klang, Klang City, "
TMN KLANG JAYA,BANDAR KELANG,Klang,3.0817127,101.6185457,scheme,"Taman Desaria (Barat), Old Klang Road, PJS 6, Sunway City, Petaling Jaya, Petaling, Selangor, 46150, Malaysia"
TMN KLANG JAYA,KELANG,Klang,3.0013374,101.4235053,scheme,"Taman Permai Indah, Taman Kampung Pandamaran Jaya, Port Klang, Klang City, Klang, Selangor, 42000, Malaysia"
TMN KLANG MAS,KAPAR,Klang,,,none,
TMN KLANG PERDANA,KAPAR,Klang,3.0050602,101.483036,scheme,"Taman Sentosa Perdana, Jalan Laksamana 19, Taman Sentosa Perdana, Bandar Sentosa, Klang City, Klang, Selangor, 41200, Ma"
TMN KLANG RIA (P/L 2580),KELANG,Klang,3.0072079,101.4621618,scheme,"Taman Klang Ria, Klang City, Klang, Selangor, 41200, Malaysia"
TMN KLANG RIA P/L 2580,KELANG,Klang,,,none,
TMN KLANG UTAMA,KAPAR,Klang,3.0715399,101.4119484,scheme,"Taman Maju Jaya, Jalan Kapar, Taman Klang Utama, Klang City, Klang, Selangor, 42100, Malaysia"
TMN KLANG UTAMA,KELANG,Klang,3.0861208,101.4176917,scheme,"Taman Klang Utama, Klang City, Klang, Selangor, 42100, Malaysia"
TMN KLANG UTAMA,PEKAN BATU EMPAT,Klang,3.0861208,101.4176917,scheme,"Taman Klang Utama, Klang City, Klang, Selangor, 42100, Malaysia"
"TMN KLANG UTAMA (ORKID) (P/L 6555,6556)",KAPAR,Klang,3.0715399,101.4119484,scheme,"Taman Maju Jaya, Jalan Kapar, Taman Klang Utama, Klang City, Klang, Selangor, 42100, Malaysia"
"TMN KLANG UTAMA (ORKID) (P/L 6555,6556)",PEKAN BATU EMPAT,Klang,3.0861208,101.4176917,scheme,"Taman Klang Utama, Klang City, Klang, Selangor, 42100, Malaysia"
"TMN KLANG UTAMA @ ORKID (P/L 6555,6556)",KAPAR,Klang,,,none,
"TMN KLANG UTAMA @ ORKID (P/L 6555,6556)",PEKAN BATU EMPAT,Klang,,,none,
TMN KOBENA,MUKIM KUALA LUMPUR,Kuala Lumpur,3.1172255,101.7306084,scheme,"Kobena Garden, Pudu Ulu, Cheras, Kuala Lumpur, Malaysia"
TMN KOH KAI DOH,BATANG BERJUNTAI,Kuala Selangor,,,none,
TMN KOH KAI DOH,PEKAN BATANG BERJUNTAI,Kuala Selangor,,,none,
TMN KOK DOH,MUKIM BATU,Kuala Lumpur,3.1968373,101.6645885,scheme,"Taman Kok Doh, Segambut, Kepong, Kuala Lumpur, 52000, Malaysia"
TMN KOK LIAN,MUKIM BATU,Kuala Lumpur,3.2010746,101.6747609,scheme,"Kok Lian Garden, Batu, Kuala Lumpur, 51200, Malaysia"
TMN KOPEMA,BANDAR TANJUNG KARANG,Kuala Selangor,,,none,
TMN KOPERASI BENA (P/L 433),PEKAN SIMPANG TIGA IJOK,Kuala Selangor,,,none,
TMN KOPERASI CUEPACS,BANDAR CHERAS,Hulu Langat,3.0276045,101.7745382,scheme,"Taman Koperasi Cuepacs, Kampung Bukit Dukung, Cheras, Kajang Municipal Council, Hulu Langat, Selangor, 43200, Malaysia"
TMN KOPERASI CUEPACS,CHERAS,Hulu Langat,3.0276045,101.7745382,scheme,"Taman Koperasi Cuepacs, Kampung Bukit Dukung, Cheras, Kajang Municipal Council, Hulu Langat, Selangor, 43200, Malaysia"
TMN KOPERASI MAJU JAYA,PEKAN CHERAS,Hulu Langat,3.0475962,101.7533572,scheme,"Taman Koperasi Maju Jaya, Jalan Seri Taming 2, Bandar Damai Perdana, Cheras, Kajang Municipal Council, Hulu Langat, Sela"
TMN KOPERASI WANIJAYA,KAPAR,Klang,3.1436392,101.3730799,road,"Jalan Bukit Kapar 2, Kapar, Klang City, Klang, Selangor, 42200, Malaysia"
TMN KOPERASI WANIJAYA,PEKAN KAPAR,Klang,,,none,
TMN KOPERATIF LLN,KAJANG,Hulu Langat,2.9807299,101.7816112,road,"Jalan KLLN 7, Taman Koperasi LLN, Kampung Kwan Tung Baru, Kajang Municipal Council, Hulu Langat, Selangor, 43000, Malays"
TMN KOSAS,AMPANG,Hulu Langat,3.1481165,101.7710783,scheme,"Taman Kosas, Kampung Dato Mufti Shuib, Ampang, Ampang Jaya Municipal Council, Hulu Langat, Selangor, Malaysia"
TMN KOSAS,BANDAR AMPANG,Hulu Langat,3.1481165,101.7710783,scheme,"Taman Kosas, Kampung Dato Mufti Shuib, Ampang, Ampang Jaya Municipal Council, Hulu Langat, Selangor, Malaysia"
TMN KOTA ( CHERAS ),BANDAR BATU 9 CHERAS,Hulu Langat,3.0635393,101.7694081,scheme,"Taman Kota Cheras, Kampung Batu 10, Cheras, Kajang Municipal Council, Hulu Langat, Selangor, 43200, Malaysia"
TMN KOTA ( CHERAS ),CHERAS,Hulu Langat,3.0635393,101.7694081,scheme,"Taman Kota Cheras, Kampung Batu 10, Cheras, Kajang Municipal Council, Hulu Langat, Selangor, 43200, Malaysia"
TMN KOTA ( CHERAS ),PEKAN CHERAS,Hulu Langat,3.0635393,101.7694081,scheme,"Taman Kota Cheras, Kampung Batu 10, Cheras, Kajang Municipal Council, Hulu Langat, Selangor, 43200, Malaysia"
TMN KOTA (P/L 391 & P/L 275),BANDAR KELANG,Klang,3.0084669,101.5402383,scheme,"Taman Wetland Kota Kemuning Shah Alam, Shah Alam, Klang, Selangor, Malaysia"
TMN KOTA (P/L 391 & P/L 275),KAPAR,Klang,3.0084669,101.5402383,scheme,"Taman Wetland Kota Kemuning Shah Alam, Shah Alam, Klang, Selangor, Malaysia"
TMN KOTA JAYA,BANDAR KELANG,Klang,,,none,
TMN KOTA JAYA,KELANG,Klang,3.0291364,101.4241103,road,"Jalan Sungai Bertih, Taman Gembira, Pandamaran, Port Klang, Klang City, Klang, Selangor, 41250, Malaysia"
TMN KOTA RAJA,BANDAR KELANG,Klang,3.0313951,101.4744384,scheme,"Taman Menegun Indah/SK Telok Menegun, Jalan Kota Raja, Taman Alam Shah, Klang City, Klang, Selangor, 41000, Malaysia"
"TMN KOTA, TPG",TELOK PANGLIMA GARANG,Kuala Langat,,,none,
TMN KRIS,PEKAN SIMPANG TIGA IJOK,Kuala Selangor,3.3117578,101.4221389,scheme,"Taman Kris, Ijok, Kuala Selangor, Selangor, Malaysia"
TMN KRISTAL,PEKAN DENGKIL,Sepang,2.8662218,101.6744109,scheme,"Taman Kristal, Dengkil, Sepang, Selangor, 43800, Malaysia"
TMN KSM,PEKAN SUNGAI PELIK,Sepang,2.6372278,101.7117901,scheme,"Taman KSM, Sungai Pelek, Sepang, Selangor, 45950, Malaysia"
TMN KSM,SEPANG,Sepang,2.6372278,101.7117901,scheme,"Taman KSM, Sungai Pelek, Sepang, Selangor, 45950, Malaysia"
TMN KUALA SELANGOR JAYA,BANDAR KUALA SELANGOR,Kuala Selangor,3.2534522,101.4429644,scheme,"Masjid Taman Alam Jaya, Jalan TAJ 1/4, Taman Alam Jaya, Bandar Puncak Alam, Kuala Selangor, Selangor, 42300, Malaysia"
TMN KUALA SELANGOR PERMAI,BANDAR KUALA SELANGOR,Kuala Selangor,3.3149244,101.2759951,scheme,"Taman Meranti, Jalan Kuala Selangor-Teluk Intan, Taman Rhu Permai, Assam Jawa, Kuala Selangor, Selangor, 45000, Malaysia"
TMN KUALA SELANGOR UTAMA,BANDAR KUALA SELANGOR,Kuala Selangor,3.2070459,101.468801,scheme,"Taman Seri Alam, Bandar Saujana Utama, Kuala Selangor, Selangor, Malaysia"
TMN KUALA SELANGOR UTAMA,KUALA SELANGOR,Kuala Selangor,3.3365681,101.2690276,scheme,"Taman Kuala Selangor Utama, Pasir Penambang, Kuala Selangor, Selangor, Malaysia"
TMN KUCHAI JAYA,MUKIM PETALING,Kuala Lumpur,,,none,
TMN KUDA EMAS (SERDANG RAYA SEK 6),PEKAN SERDANG,Petaling,,,none,
TMN KUDA EMAS (SERDANG RAYA SEK 6),PETALING,Petaling,3.0402404,101.702995,road,"Jalan SR 6/3, Serdang Raya 6, Serdang Raya, Seri Kembangan, Subang Jaya City Council, Petaling, Selangor, 43300, Malaysi"
TMN KURNIA INDAH,CHERAS,Hulu Langat,,,none,
TMN LAGENDA MAS,CHERAS,Hulu Langat,3.0682873,101.7590779,scheme,"Taman Lagenda Mas, Cheras, Kajang Municipal Council, Hulu Langat, Selangor, 43200, Malaysia"
TMN LAGENDA MAS,PEKAN CHERAS,Hulu Langat,3.0682873,101.7590779,scheme,"Taman Lagenda Mas, Cheras, Kajang Municipal Council, Hulu Langat, Selangor, 43200, Malaysia"
TMN LAGENDA MAS (DENGKIL),PEKAN DENGKIL,Sepang,,,none,
TMN LAGENDA SURIA,HULU LANGAT,Hulu Langat,3.0986685,101.8015224,scheme,"Taman Lagenda Suria, Jalan Hulu Langat, Taman Perkasa, Kampung Sungai Serai, Batu 14 Hulu Langat, Kajang Municipal Counc"
TMN LAMAN DESA,KELANG,Klang,2.9868834,101.4284943,road,"Jalan Jejawi 12, Park Precinct, Bandar Botanic, Port Klang, Klang City, Klang, Selangor, 41200, Malaysia"
TMN LAMAN PERMAI,HUJUNG PERMATANG,Kuala Selangor,,,none,
TMN LAMAN PERMAI,UJONG PERMATANG,Kuala Selangor,,,none,
TMN LAMBAIAN RESIDENCE,KAJANG,Hulu Langat,2.9334036,101.8058411,road,"Jalan Lambaian 2, Lambaian Residence, Bangi Lama, Kajang Municipal Council, Hulu Langat, Selangor, 43600, Malaysia"
TMN LAMBAIAN RESIDENCE,PEKAN KG SUNGAI TANGKAS,Hulu Langat,,,none,
TMN LANGAT CERIA,HULU LANGAT,Hulu Langat,3.0808823,101.7875729,scheme,"Taman Langat Ceria, Kampung Bukit Raya, Batu 14 Hulu Langat, Kajang Municipal Council, Hulu Langat, Selangor, Malaysia"
TMN LANGAT IDAMAN,HULU LANGAT,Hulu Langat,3.0769039,101.7821283,scheme,"Taman Langat Idaman, Kampung Melaka, Kampung Bukit Raya, Kajang Municipal Council, Hulu Langat, Selangor, Malaysia"
TMN LANGAT JAYA,PEKAN TELOK DATUK,Kuala Langat,2.8247951,101.5270903,scheme,"Taman Langat Jaya, Teluk Datok, Kuala Langat, Selangor, Malaysia"
TMN LANGAT JAYA,TANJUNG 12,Kuala Langat,2.8247951,101.5270903,scheme,"Taman Langat Jaya, Teluk Datok, Kuala Langat, Selangor, Malaysia"
TMN LANGAT MURNI,TANJUNG 12,Kuala Langat,2.802412,101.663463,scheme,"Taman Langat Murni, Bukit Changgang, Banting, Kuala Langat, Selangor, 42700, Malaysia"
TMN LANGAT UTAMA - APARTMENT,TANJUNG 12,Kuala Langat,,,none,
TMN LAWA,MUKIM BATU,Kuala Lumpur,3.1993672,101.6649928,scheme,"Taman Lawa, Segambut, Kepong, Kuala Lumpur, 52000, Malaysia"
TMN LEMBAH KERAMAT,MUKIM ULU KELANG,Kuala Lumpur,3.2029366,101.7502412,scheme,"Taman Lembah Keramat AU5, 29, Jalan AU 5D/1, Taman Permata, Ulu Kelang, Ampang Jaya Municipal Council, Gombak, Selangor,"
TMN LEMBAH MAJU,AMPANG,Hulu Langat,3.1239707,101.7588909,scheme,"Taman Lembah Maju, Pandan Indah, Ampang, Ampang Jaya Municipal Council, Hulu Langat, Selangor, Malaysia"
TMN LENSEN,MUKIM PETALING,Kuala Lumpur,3.1312655,101.6326585,road,"6, Jalan 17A/1, Kampung Seri Damansara, Section 17A, Petaling Jaya, Petaling, Selangor, 47308, Malaysia"
TMN LESTARI INDAH (HULU LANGAT),HULU LANGAT,Hulu Langat,3.11613,101.8244402,road,"Jalan Lestari Indah 1, Kampung Sungai Semungkis, Batu 14 Hulu Langat, Kajang Municipal Council, Hulu Langat, Selangor, 4"
TMN LESTARI INDAH (SEPANG),SEPANG,Sepang,2.6512436,101.7101028,road,"Jalan Lestari Indah 3, Sungai Pelek, Sepang, Selangor, 45950, Malaysia"
TMN LESTARI MEWAH,DENGKIL,Sepang,2.8679298,101.688388,road,"Jalan LM 2, Kampung Semarang, Dengkil, Sepang, Selangor, 43800, Malaysia"
TMN LESTARI MEWAH,HULU LANGAT,Hulu Langat,3.1188374,101.8162357,scheme,"Taman Lestari Mewah, Kampung Sungai Semungkis, Batu 14 Hulu Langat, Kajang Municipal Council, Hulu Langat, Selangor, Mal"
TMN LESTARI MEWAH (SEMENYIH),SEMENYIH,Hulu Langat,2.917196,101.8245528,scheme,"Taman Lestari Mewah, Kampung Batu Tiga, Semenyih, Kajang Municipal Council, Hulu Langat, Selangor, Malaysia"
"TMN LESTARI PERDANA , PETALING",PETALING,Petaling,3.0076435,101.6678744,scheme,"Taman Lestari Perdana, Putra Permai, Subang Jaya City Council, Petaling, Selangor, 47110, Malaysia"
TMN LESTARI PERMAI (MUKIM DENGKIL),DENGKIL,Sepang,2.9781433,101.6774178,scheme,"Taman Lestari Permai, Sepang, Selangor, Malaysia"
TMN LESTARI PUTRA,DENGKIL,Sepang,2.9116317,101.7269637,scheme,"Taman Lestari Putra, Kampung Desa Putra, Sepang, Selangor, Malaysia"
TMN LIAN HOE,MUKIM PETALING,Kuala Lumpur,3.0923334,101.678119,scheme,"Lian Hoe Garden, Kuchai Lama, Kuala Lumpur, 58200, Malaysia"
TMN LINGKARAN NUR,CHERAS,Hulu Langat,3.021349,101.7412199,road,"Jalan 1/3, Taman Perindustrian Selesa Jaya, Balakong, Cheras, Kajang Municipal Council, Hulu Langat, Selangor, 43200, Ma"
TMN LOMBONG PERAK,KELANG,Klang,,,none,
TMN MAHKOTA MUTIARA,CHERAS,Hulu Langat,3.0585135,101.8041303,scheme,"Taman Makmur Playground, Jalan Mutiara Jaya Utama, Bandar Sungai Long, Kajang Municipal Council, Hulu Langat, Selangor, "
TMN MAHSURI,UJONG PERMATANG,Kuala Selangor,,,none,
TMN MAJU,SEMENYIH,Hulu Langat,2.981474,101.819197,scheme,"Taman Maju, Semenyih, Kajang Municipal Council, Hulu Langat, Selangor, Malaysia"
TMN MAJU JAYA,AMPANG,Hulu Langat,3.1281158,101.744563,scheme,"Taman Maju Jaya, Cheras, Ampang, Ampang Jaya Municipal Council, Hulu Langat, Selangor, Malaysia"
TMN MAJU JAYA,KAPAR,Klang,3.0715399,101.4119484,scheme,"Taman Maju Jaya, Jalan Kapar, Taman Klang Utama, Klang City, Klang, Selangor, 42100, Malaysia"
TMN MAJU JAYA (P/L 9884),KELANG,Klang,3.0715399,101.4119484,scheme,"Taman Maju Jaya, Jalan Kapar, Taman Klang Utama, Klang City, Klang, Selangor, 42100, Malaysia"
TMN MAJU SATU,BANDAR KAJANG,Hulu Langat,3.0407432,101.7716634,road,"Jalan Cheras Maju, Batu 11 Cheras, Cheras, Kajang Municipal Council, Hulu Langat, Selangor, 43200, Malaysia"
TMN MAJU SATU,KAJANG,Hulu Langat,2.9986237,101.8016915,road,"Jalan Maju Satu 8, Taman Kajang Mulia, Kajang Municipal Council, Hulu Langat, Selangor, 43000, Malaysia"
"TMN MAJU, KLANG",KELANG,Klang,3.0715399,101.4119484,scheme,"Taman Maju Jaya, Jalan Kapar, Taman Klang Utama, Klang City, Klang, Selangor, 42100, Malaysia"
TMN MAKMUR,CHERAS,Hulu Langat,3.0585135,101.8041303,scheme,"Taman Makmur Playground, Jalan Mutiara Jaya Utama, Bandar Sungai Long, Kajang Municipal Council, Hulu Langat, Selangor, "
TMN MAKMUR (P/L 12),BANDAR TANJUNG KARANG,Kuala Selangor,2.8936048,101.4794847,scheme,"Taman Makmur, Teluk Panglima Garang, Kuala Langat, Selangor, Malaysia"
"TMN MAKMUR, TPG",TELOK PANGLIMA GARANG,Kuala Langat,2.8936048,101.4794847,scheme,"Taman Makmur, Teluk Panglima Garang, Kuala Langat, Selangor, Malaysia"
TMN MALAWATI CERGAS @ HARMONY VILLA,BANDAR KUALA SELANGOR,Kuala Selangor,,,none,
TMN MALAWATI JAYA,BANDAR KUALA SELANGOR,Kuala Selangor,3.3108678,101.2716496,scheme,"Taman Malawati Jaya, Assam Jawa, Kuala Selangor, Selangor, Malaysia"
TMN MALAWATI UTAMA,BANDAR KUALA SELANGOR,Kuala Selangor,3.3186572,101.2611091,scheme,"Taman Malawati Utama, Kuala Selangor, Selangor, Malaysia"
TMN MALURI,KUALA LUMPUR TOWN CENTRE,Kuala Lumpur,3.1393715,101.7312,scheme,"Taman Maluri, Maluri, Kampung Pandan, Kuala Lumpur, Malaysia"
TMN MALURI,MUKIM AMPANG,Kuala Lumpur,3.1393715,101.7312,scheme,"Taman Maluri, Maluri, Kampung Pandan, Kuala Lumpur, Malaysia"
TMN MANGGIS JAYA,PEKAN SUNGAI MANGGIS,Kuala Langat,2.827889,101.5317057,scheme,"Taman Manggis Jaya, Teluk Datok, Kuala Langat, Selangor, Malaysia"
TMN MANGGIS JAYA,PEKAN TELOK DATUK,Kuala Langat,2.827889,101.5317057,scheme,"Taman Manggis Jaya, Teluk Datok, Kuala Langat, Selangor, Malaysia"
TMN MANIKAVASAGAM,SEMENYIH,Hulu Langat,2.9753566,101.8666758,road,"Jalan 1, Taman Sri Haneco, Semenyih, Kajang Municipal Council, Hulu Langat, Selangor, 43500, Malaysia"
TMN MANTAP (P/L 2466),KELANG,Klang,3.0250293,101.5284272,scheme,"Taman Sri Lembayung, Jalan Mantap 25/126, Section 25, Shah Alam, Klang, Selangor, 40400, Malaysia"
TMN MAS,MUKIM BATU,Kuala Lumpur,3.2030195,101.6729767,scheme,"Kok Lian Garden / PPR Pekan Batu, Ipoh Road, Kok Lian Garden, Batu, Kuala Lumpur, 51200, Malaysia"
TMN MAS (CHERAS),CHERAS,Hulu Langat,3.0682873,101.7590779,scheme,"Taman Lagenda Mas, Cheras, Kajang Municipal Council, Hulu Langat, Selangor, 43200, Malaysia"
TMN MAS SEPANG (  DENGKIL ),DENGKIL,Sepang,2.8561827,101.6739238,scheme,"Taman Bintang Mas 2, Kampung Cemperai, Dengkil, Sepang, Selangor, Malaysia"
TMN MASRIA,PEKAN CHERAS,Hulu Langat,,,none,
TMN MASRIA,TANJUNG KARANG,Kuala Selangor,,,none,
TMN MASTIARA,MUKIM BATU,Kuala Lumpur,3.210317,101.6746615,scheme,"Taman Mastiara, Kuala Lumpur, Malaysia"
TMN MASTIKA,BANDAR AMPANG,Hulu Langat,,,none,
TMN MAWAR,AMPANG,Hulu Langat,3.1157693,101.7552414,scheme,"Taman Mawar, Pandan Perdana, Ampang, Ampang Jaya Municipal Council, Hulu Langat, Selangor, 55300, Malaysia"
TMN MAWAR,BANDAR AMPANG,Hulu Langat,3.1157693,101.7552414,scheme,"Taman Mawar, Pandan Perdana, Ampang, Ampang Jaya Municipal Council, Hulu Langat, Selangor, 55300, Malaysia"
TMN MAWAR,KELANANG,Kuala Langat,,,none,
TMN MAWAR,PEKAN PUCHONG JAYA,Petaling,3.0672104,101.6310369,scheme,"Taman Mawar, Bukit Tandang, Puchong, Subang Jaya City Council, Petaling, Selangor, Malaysia"
TMN MAWAR,PETALING,Petaling,3.0672104,101.6310369,scheme,"Taman Mawar, Bukit Tandang, Puchong, Subang Jaya City Council, Petaling, Selangor, Malaysia"
TMN MAWAR,TANJUNG 12,Kuala Langat,,,none,
TMN MAWAR ( DENGKIL ),BARU BARU SALAK TINGGI,Sepang,2.8326993,101.7385685,scheme,"Taman Mawar, Bandar Baru Salak Tinggi, Sepang, Selangor, Malaysia"
TMN MAWAR ( DENGKIL ),DENGKIL,Sepang,2.8332102,101.7397797,scheme,"Taman Mawar, Dengkil, B48, Bandar Baru Salak Tinggi, Sepang, Selangor, 43900, Malaysia"
TMN MAWAR - JLN TK 5/26,PEKAN PUCHONG JAYA,Petaling,,,none,
TMN MAWAR PERDANA,BARU BARU SALAK TINGGI,Sepang,2.829146,101.7375175,road,"Jalan Mawar 3A, Bandar Baru Salak Tinggi, Sepang, Selangor, 43900, Malaysia"
TMN MAWAR PERDANA,DENGKIL,Sepang,,,none,
TMN MAYANG P/L 16759,TANJUNG KARANG,Kuala Selangor,,,none,
TMN MAZNAH,KELANG,Klang,3.0269377,101.4765176,scheme,"Taman Maznah, Klang City, Klang, Selangor, 41000, Malaysia"
TMN MEDAN JAYA,TELOK PANGLIMA GARANG,Kuala Langat,2.9366404,101.4727283,scheme,"Taman Seri Medan Jaya, Jalan Wira 2, Sijangkang, Teluk Panglima Garang, Kuala Langat, Selangor, Malaysia"
TMN MEDAN PEJASA,BDR PETALING JAYA SELATAN,Petaling,,,none,
TMN MEDAN PEJASA,PETALING,Petaling,3.1441527,101.539087,road,"Jalan Taman Subang Jasa 3, Pekan Subang, Section U6, Shah Alam, Petaling, Selangor, 40150, Malaysia"
TMN MEDAN PUTRA,TELOK PANGLIMA GARANG,Kuala Langat,2.9058242,101.4696059,road,"Jalan Dendang 13, Taman TelokBulatan Telok Panglima Garang, Teluk Panglima Garang, Kuala Langat, Selangor, 42600, Malays"
TMN MEDAN-JLN KLANG LAMA,BDR PETALING JAYA SELATAN,Petaling,,,none,
TMN MEDAN-JLN KLANG LAMA,BDR SUNWAY,Petaling,,,none,
TMN MEDAN-JLN KLANG LAMA,PETALING,Petaling,3.0740458,101.6360567,road,"Jalan Medan 11, Taman Medan, PJS 3, Petaling Jaya South, Petaling Jaya, Petaling, Selangor, 46050, Malaysia"
TMN MEGA JAYA,AMPANG,Hulu Langat,3.1106722,101.7631066,scheme,"Taman Mega Jaya, Ampang, Ampang Jaya Municipal Council, Hulu Langat, Selangor, Malaysia"
TMN MEGA JAYA,BANDAR AMPANG,Hulu Langat,3.1106722,101.7631066,scheme,"Taman Mega Jaya, Ampang, Ampang Jaya Municipal Council, Hulu Langat, Selangor, Malaysia"
TMN MEGAH (CHERAS),BANDAR CHERAS,Hulu Langat,3.0548644,101.7692357,scheme,"Taman Megah, Kampung Batu 10, Cheras, Kajang Municipal Council, Hulu Langat, Selangor, 43200, Malaysia"
TMN MEGAH (CHERAS),CHERAS,Hulu Langat,3.0548644,101.7692357,scheme,"Taman Megah, Kampung Batu 10, Cheras, Kajang Municipal Council, Hulu Langat, Selangor, 43200, Malaysia"
TMN MEGAH (KAJANG),BANDAR KAJANG,Hulu Langat,3.0548644,101.7692357,scheme,"Taman Megah, Kampung Batu 10, Cheras, Kajang Municipal Council, Hulu Langat, Selangor, 43200, Malaysia"
TMN MEGAH (KAJANG),KAJANG,Hulu Langat,3.0548644,101.7692357,scheme,"Taman Megah, Kampung Batu 10, Cheras, Kajang Municipal Council, Hulu Langat, Selangor, 43200, Malaysia"
TMN MEGAH 2(CHERAS),BANDAR CHERAS,Hulu Langat,3.0514844,101.7710694,scheme,"Taman Megah 2, Kampung Batu 10, Cheras, Kajang Municipal Council, Hulu Langat, Selangor, 43200, Malaysia"
TMN MEGAH 2(CHERAS),CHERAS,Hulu Langat,3.0514844,101.7710694,scheme,"Taman Megah 2, Kampung Batu 10, Cheras, Kajang Municipal Council, Hulu Langat, Selangor, 43200, Malaysia"
TMN MELATI,BANDAR JENJARUM/SG JARUM,Kuala Langat,2.8715172,101.4928697,scheme,"Taman Melati, Jenjarom, Kuala Langat, Selangor, 42600, Malaysia"
TMN MELATI,KAJANG,Hulu Langat,2.9714904,101.7629207,scheme,"Taman Melati, Kampung Sungai Ramal Dalam, Kajang Municipal Council, Hulu Langat, Selangor, Malaysia"
TMN MELATI,MUKIM SETAPAK,Kuala Lumpur,3.2173369,101.7206388,scheme,"Klinik 1Malaysia Taman Melati, Jalan 2/6, Taman Setapak Indah, Setapak, Kuala Lumpur, 53300, Malaysia"
TMN MELATI (P/L 1591),BANDAR JENJARUM/SG JARUM,Kuala Langat,2.8715172,101.4928697,scheme,"Taman Melati, Jenjarom, Kuala Langat, Selangor, 42600, Malaysia"
TMN MELATI (P/L 1591),PEKAN JENJAROM,Kuala Langat,2.8715172,101.4928697,scheme,"Taman Melati, Jenjarom, Kuala Langat, Selangor, 42600, Malaysia"
TMN MELATI (P/L 1591),TELOK PANGLIMA GARANG,Kuala Langat,2.8715172,101.4928697,scheme,"Taman Melati, Jenjarom, Kuala Langat, Selangor, 42600, Malaysia"
TMN MELATI (P/L 6322 & 6323),PEKAN JENJAROM,Kuala Langat,2.8715172,101.4928697,scheme,"Taman Melati, Jenjarom, Kuala Langat, Selangor, 42600, Malaysia"
TMN MELATI (PEC LOT 903) JLN MELATI 60,PEKAN JENJAROM,Kuala Langat,,,none,
TMN MELATI FASA II,PEKAN JENJAROM,Kuala Langat,,,none,
TMN MELATI MASTIKA,MUKIM SETAPAK,Kuala Lumpur,3.1974417,101.7238824,road,"Jalan Usahawan Industrial Area, Setapak, Kuala Lumpur, Malaysia"
TMN MELAWATI,KAPAR,Klang,3.2134014,101.7519626,scheme,"Taman Melawati, Ulu Kelang, Ampang Jaya Municipal Council, Gombak, Selangor, Malaysia"
TMN MELAWATI JAYA,BANDAR KUALA SELANGOR,Kuala Selangor,3.2214967,101.7394398,scheme,"Jalan Taman Melawati, Ulu Kelang, Kuala Lumpur, Gombak, Selangor, 53100, Malaysia"
"TMN MELAWATI, KLANG",KELANG,Klang,3.2134014,101.7519626,scheme,"Taman Melawati, Ulu Kelang, Ampang Jaya Municipal Council, Gombak, Selangor, Malaysia"
TMN MELAWIS,BANDAR KELANG,Klang,3.0427127,101.4369034,scheme,"Taman Melawis, Teluk Pulai, Klang City, Klang, Selangor, 41400, Malaysia"
TMN MELAWIS,KELANG,Klang,3.0427127,101.4369034,scheme,"Taman Melawis, Teluk Pulai, Klang City, Klang, Selangor, 41400, Malaysia"
TMN MELEWAR,MUKIM BATU,Kuala Lumpur,3.2208179,101.7004984,scheme,"Taman Melewar, Kampung Sungai Mulia, Kampung Padang Balang, Kuala Lumpur, Malaysia"
TMN MELOR,AMPANG,Hulu Langat,3.1182026,101.7632531,scheme,"Taman Melor (Barat), Jalan Teratai 1/2, Taman Bukit Teratai, Kampung Tasik Tambahan, Ampang, Ampang Jaya Municipal Counc"
TMN MELOR JAYA,PASANGAN,Kuala Selangor,3.3598772,101.3032456,scheme,"Taman Melor Jaya, Kampung Kuantan, Kuala Selangor, Selangor, Malaysia"
TMN MELOR JAYA,PEKAN KAMPUNG KUANTAN,Kuala Selangor,3.3598772,101.3032456,scheme,"Taman Melor Jaya, Kampung Kuantan, Kuala Selangor, Selangor, Malaysia"
"TMN MELUR, OFF JLN HASSAN",KELANG,Klang,,,none,
TMN MENANG,PEKAN KAPAR,Klang,,,none,
TMN MENARA MAJU,KELANG,Klang,,,none,
TMN MENEGON INDAH,KELANG,Klang,,,none,
TMN MERAK,PEKAN KAPAR,Klang,,,none,
TMN MERAK 2,PEKAN KAPAR,Klang,,,none,
TMN MERANTI AMAN,DENGKIL,Sepang,2.8576262,101.6822932,road,"Jalan KB 1, Kampung Baru Seri Dengkil, Kampung Cemperai, Dengkil, Sepang, Selangor, 43800, Malaysia"
TMN MERANTI INDAH,DENGKIL,Sepang,2.9677141,101.6400127,scheme,"Taman Meranti Indah, Kampung Pulau Meranti, Sepang, Selangor, Malaysia"
TMN MERANTI JAYA,DENGKIL,Sepang,2.9705814,101.6129643,scheme,"Taman Meranti Jaya (Selatan), Jalan Puchong, Sepang, Selangor, 47140, Malaysia"
TMN MERANTI SEK 20 (P/L 3558),BANDAR KUALA SELANGOR,Kuala Selangor,3.2157984,101.465319,road,"Jalan Meranti 3/2, Bandar Hillpark, Bandar Puncak Alam, Kuala Selangor, Selangor, 42300, Malaysia"
TMN MERINGIN INDAH,BANDAR COUNTRY HEIGHT,Hulu Langat,2.9903589,101.7635199,scheme,"Taman Meringin Indah, Kampung Bukit Angkat, Kajang Municipal Council, Hulu Langat, Selangor, Malaysia"
TMN MERINGIN INDAH,KAJANG,Hulu Langat,2.9903589,101.7635199,scheme,"Taman Meringin Indah, Kampung Bukit Angkat, Kajang Municipal Council, Hulu Langat, Selangor, Malaysia"
TMN MERLIN,BANDAR KAJANG,Hulu Langat,3.0638162,101.7634014,road,"8, Jalan Putri Jaya 21, Taman Putri Jaya, Cheras, Kajang Municipal Council, Hulu Langat, Selangor, 43200, Malaysia"
TMN MERLIN,KAJANG,Hulu Langat,2.9735094,101.7883855,road,"Jalan Langat 2, Taman Sri Langat, Kajang 2, Kajang Municipal Council, Hulu Langat, Selangor, 43000, Malaysia"
TMN MERLIN,PEKAN KAJANG,Hulu Langat,3.1445276,101.8382754,road,"Jalan Hulu Langat, Taman Desa Sentosa, Kampung Kenanga, Dusun Tua, Kajang Municipal Council, Hulu Langat, Selangor, 4310"
TMN MERPATI (P/L 1218),TANJUNG 12,Kuala Langat,2.8356998,101.5659911,scheme,"Taman Merpati, Kuala Langat, Selangor, Malaysia"
TMN MERPATI (P/L 1456),PEKAN ASAM JAWA,Kuala Selangor,3.2978472,101.2918467,scheme,"Taman Merpati, Assam Jawa, Kuala Selangor, Selangor, Malaysia"
TMN MERU,BANDAR KELANG,Klang,3.144934,101.4055776,scheme,"Meru Industrial Park, Kapar, Klang City, Klang, Selangor, Malaysia"
TMN MERU,KELANG,Klang,3.144934,101.4055776,scheme,"Meru Industrial Park, Kapar, Klang City, Klang, Selangor, Malaysia"
TMN MERU (R/M MERU III),KAPAR,Klang,3.144934,101.4055776,scheme,"Meru Industrial Park, Kapar, Klang City, Klang, Selangor, Malaysia"
TMN MERU AMAN,KAPAR,Klang,3.1201705,101.4300424,scheme,"Taman Meru Aman, Meru, Klang City, Klang, Selangor, Malaysia"
TMN MERU AMAN (P/L 2628),KAPAR,Klang,3.1201705,101.4300424,scheme,"Taman Meru Aman, Meru, Klang City, Klang, Selangor, Malaysia"
TMN MERU DAMAI,KAPAR,Klang,,,none,
TMN MERU HARAPAN,KAPAR,Klang,,,none,
TMN MERU IMPIAN,KAPAR,Klang,3.1375966,101.4101983,scheme,"Taman Meru Impian 2, Meru, Klang City, Klang, Selangor, 42200, Malaysia"
TMN MERU IMPIAN (P/L 3715),KAPAR,Klang,3.1375966,101.4101983,scheme,"Taman Meru Impian 2, Meru, Klang City, Klang, Selangor, 42200, Malaysia"
TMN MERU INDAH,KAPAR,Klang,3.1333475,101.4182323,scheme,"Taman Meru Indah, Meru, Klang City, Klang, Selangor, 41050, Malaysia"
TMN MERU IV (RUMAH MURAH),KAPAR,Klang,3.144934,101.4055776,scheme,"Meru Industrial Park, Kapar, Klang City, Klang, Selangor, Malaysia"
TMN MERU JAYA,KAPAR,Klang,3.1241281,101.4400273,scheme,"Taman Meru Jaya, Meru, Klang City, Klang, Selangor, 41050, Malaysia"
TMN MERU JAYA (P/L 2093),KAPAR,Klang,3.1241281,101.4400273,scheme,"Taman Meru Jaya, Meru, Klang City, Klang, Selangor, 41050, Malaysia"
TMN MERU JAYA (P/L 2104 & 2105),KAPAR,Klang,3.1241281,101.4400273,scheme,"Taman Meru Jaya, Meru, Klang City, Klang, Selangor, 41050, Malaysia"
TMN MERU JAYA 2 (P/L 2556),KAPAR,Klang,3.1241281,101.4400273,scheme,"Taman Meru Jaya, Meru, Klang City, Klang, Selangor, 41050, Malaysia"
TMN MERU JAYA 4 (P/L 2099),KAPAR,Klang,3.1241281,101.4400273,scheme,"Taman Meru Jaya, Meru, Klang City, Klang, Selangor, 41050, Malaysia"
TMN MERU MAKMOR (P/L 2245),KAPAR,Klang,,,none,
TMN MERU MAKMUR,KAPAR,Klang,,,none,
TMN MERU MAKMUR (P/L 2203),KAPAR,Klang,,,none,
TMN MERU MAKMUR (P/L 2236),KAPAR,Klang,,,none,
TMN MERU MAKMUR (P/L 2251),KAPAR,Klang,,,none,
TMN MERU MAKMUR (PL 2246),KAPAR,Klang,,,none,
TMN MERU MAKMUR 2 (P/L 2229),KAPAR,Klang,,,none,
TMN MERU MAS/TMN MERU AMAN (P/L 2265),KAPAR,Klang,,,none,
TMN MERU MULIA,KAPAR,Klang,3.1344687,101.4298175,scheme,"Taman Meru Mulia, Meru, Klang City, Klang, Selangor, 41050, Malaysia"
TMN MERU MULIA (P/L 2167),KAPAR,Klang,3.1344687,101.4298175,scheme,"Taman Meru Mulia, Meru, Klang City, Klang, Selangor, 41050, Malaysia"
TMN MERU MULIA 2,KAPAR,Klang,3.1344687,101.4298175,scheme,"Taman Meru Mulia, Meru, Klang City, Klang, Selangor, 41050, Malaysia"
TMN MERU MURNI,KAPAR,Klang,,,none,
TMN MERU PERMAI,KAPAR,Klang,,,none,
TMN MERU PERMAI (P/L 1967),KAPAR,Klang,,,none,
TMN MERU PERMAI (P/L 1975),KAPAR,Klang,,,none,
TMN MERU PERMAI (P/L 1976),KAPAR,Klang,,,none,
TMN MERU PERMAI (P/L 1978),KAPAR,Klang,,,none,
TMN MERU PERMAI (P/L 2003),KAPAR,Klang,,,none,
TMN MERU PERTAMA,KAPAR,Klang,,,none,
TMN MERU PUTRA (P/L 1871),KAPAR,Klang,3.1418455,101.437623,scheme,"Taman Meru Putra, Meru, Klang City, Klang, Selangor, 40710, Malaysia"
TMN MERU RIA,KAPAR,Klang,,,none,
TMN MERU RIA (P/L 1954),KAPAR,Klang,,,none,
TMN MERU RIA (P/L 2798),KAPAR,Klang,,,none,
TMN MERU RIA (P/L 3734 & 3735),KAPAR,Klang,,,none,
TMN MERU RIA 2,KAPAR,Klang,,,none,
TMN MERU SELATAN,KAPAR,Klang,,,none,
TMN MERU SELATAN (JLN MUDA),KAPAR,Klang,3.1208961,101.3354908,road,"Jalan Kampung Tok Muda, Sultan Salahuddin Abdul Aziz Power Station, Kapar, Klang City, Klang, Selangor, Malaysia"
TMN MERU SELATAN FASA I,BANDAR KELANG,Klang,,,none,
TMN MERU UTAMA,KAPAR,Klang,,,none,
TMN MESRA,KELANG,Klang,3.0119787,101.4244111,scheme,"Flat Taman Chi Liung, Jalan Mesra, Taman Kampung Pandamaran Jaya, Port Klang, Klang City, Klang, Selangor, 42000, Malays"
TMN MESRA (KAJANG),KAJANG,Hulu Langat,3.0141096,101.7797525,scheme,"Taman Mesra, Kajang Municipal Council, Hulu Langat, Selangor, 43000, Malaysia"
TMN MESRA (KAJANG),PEKAN SIMPANG BALAK,Hulu Langat,3.0141096,101.7797525,scheme,"Taman Mesra, Kajang Municipal Council, Hulu Langat, Selangor, 43000, Malaysia"
TMN MESRA BT 3,PEKAN BATU TIGA,Petaling,3.0777169,101.5589074,scheme,"Taman Mesra, Section U1, Shah Alam, Petaling, Selangor, Malaysia"
TMN MESRA INDAH,KELANG,Klang,,,none,
TMN MESRA OFF JLN SG JATI,KELANG,Klang,,,none,
TMN MESRA UTAMA,KAJANG,Hulu Langat,3.0213514,101.7484846,road,"Jalan Mesra Utama 2A, D Impian Tropika 2, Balakong, Cheras, Kajang Municipal Council, Hulu Langat, Selangor, 43200, Mala"
"TMN MESRA, KLANG",KELANG,Klang,3.0119787,101.4244111,scheme,"Flat Taman Chi Liung, Jalan Mesra, Taman Kampung Pandamaran Jaya, Port Klang, Klang City, Klang, Selangor, 42000, Malays"
"TMN MESRA, MERU",KAPAR,Klang,,,none,
"TMN MESRA, MERU",KELANG,Klang,,,none,
"TMN MESRA, OFF JLN SG JATI",KELANG,Klang,,,none,
TMN MEWAH (SG NIBONG),KAPAR,Klang,3.0699694,101.4149218,scheme,"Taman Mewah (Barat), Jalan Kapar, Taman Klang Utama, Klang City, Klang, Selangor, 42100, Malaysia"
"TMN MEWAH BARU, KAPAR",KAPAR,Klang,,,none,
"TMN MEWAH BARU, KAPAR",KELANG,Klang,,,none,
"TMN MEWAH BARU, KLANG",KELANG,Klang,,,none,
TMN MEWAH CHERAS,BANDAR CHERAS,Hulu Langat,3.0647418,101.7546973,scheme,"Taman Cheras Mewah, Cheras, Kajang Municipal Council, Hulu Langat, Selangor, 43200, Malaysia"
TMN MEWAH INDAH,BANDAR KAJANG,Hulu Langat,2.9756067,101.7799687,scheme,"Jalan Taman Putra Kajang, Taman Sri Kejora, Kampung Kwan Tung Baru, Kajang Municipal Council, Hulu Langat, Selangor, 430"
"TMN MEWAH JAYA, KLANG",KELANG,Klang,3.188311,101.7720097,scheme,"Taman Bukit Mewah, Bukit Antarabangsa, Ulu Kelang, Ampang Jaya Municipal Council, Gombak, Selangor, Malaysia"
TMN MEWAH RIA,KELANG,Klang,,,none,
"TMN MEWAH, KLANG JAYA",KELANG,Klang,3.188311,101.7720097,scheme,"Taman Bukit Mewah, Bukit Antarabangsa, Ulu Kelang, Ampang Jaya Municipal Council, Gombak, Selangor, Malaysia"
"TMN MEWAH, OFF JLN SG. PUTUS",KAPAR,Klang,,,none,
TMN MIDAH,MUKIM KUALA LUMPUR,Kuala Lumpur,3.104286,101.7323396,scheme,"Taman Midah, Jalan Midah 1, Taman Midah, Bandar Tun Razak, Cheras, Kuala Lumpur, 56100, Malaysia"
TMN MIDAH TOWNHOUSE,MUKIM KUALA LUMPUR,Kuala Lumpur,,,none,
TMN MILLENIUM SENTOSA,KELANG,Klang,,,none,
"TMN MILLENNIUM, SENTOSA",KELANG,Klang,,,none,
TMN MINANG,CHERAS,Hulu Langat,3.0559975,101.7515356,scheme,"Taman Minang, Cheras, Kajang Municipal Council, Hulu Langat, Selangor, Malaysia"
TMN MINANG,PEKAN CHERAS,Hulu Langat,3.0559975,101.7515356,scheme,"Taman Minang, Cheras, Kajang Municipal Council, Hulu Langat, Selangor, Malaysia"
TMN MINANG RIA,PEKAN CHERAS,Hulu Langat,,,none,
TMN MINANG RIA 2,PEKAN CHERAS,Hulu Langat,,,none,
TMN MORIB,BANDAR BANTING,Kuala Langat,2.7520193,101.4460126,scheme,"Taman Seri Bayu, Morib, Banting, Kuala Langat, Selangor, Malaysia"
TMN MORIB,MORIB,Kuala Langat,2.7520193,101.4460126,scheme,"Taman Seri Bayu, Morib, Banting, Kuala Langat, Selangor, Malaysia"
TMN MUARA ESBEE,PEKAN KUALA SUNGAI BULUH,Kuala Selangor,3.2621706,101.3058212,scheme,"Taman Muara Esbee, Kuala Sungai Buloh, Sasaran, Kuala Selangor, Selangor, Malaysia"
TMN MUDA,AMPANG,Hulu Langat,3.1199083,101.7612427,scheme,"Taman Muda, Pandan Indah, Ampang, Ampang Jaya Municipal Council, Hulu Langat, Selangor, Malaysia"
TMN MUDA,BANDAR AMPANG,Hulu Langat,3.1199083,101.7612427,scheme,"Taman Muda, Pandan Indah, Ampang, Ampang Jaya Municipal Council, Hulu Langat, Selangor, Malaysia"
TMN MUDUN,AMPANG,Hulu Langat,3.0813258,101.7695381,scheme,"Taman Mudun, Cheras, Kajang Municipal Council, Hulu Langat, Selangor, 43200, Malaysia"
TMN MUDUN,BANDAR AMPANG,Hulu Langat,3.0813258,101.7695381,scheme,"Taman Mudun, Cheras, Kajang Municipal Council, Hulu Langat, Selangor, 43200, Malaysia"
TMN MUDUN,CHERAS,Hulu Langat,3.0813258,101.7695381,scheme,"Taman Mudun, Cheras, Kajang Municipal Council, Hulu Langat, Selangor, 43200, Malaysia"
TMN MUHIBBAH,KAJANG,Hulu Langat,2.9951354,101.7778996,scheme,"Taman Muhibbah, Kampung Sungai Jernih, Kajang Municipal Council, Hulu Langat, Selangor, Malaysia"
TMN MUHIBBAH,PEKAN KAJANG,Hulu Langat,2.9951354,101.7778996,scheme,"Taman Muhibbah, Kampung Sungai Jernih, Kajang Municipal Council, Hulu Langat, Selangor, Malaysia"
TMN MUHIBBAH (SEPANG),PEKAN SUNGAI PELIK,Sepang,,,none,
"TMN MUHIBBAH, BANTING",BANDAR BANTING,Kuala Langat,,,none,
"TMN MUHIBBAH, BANTING",TANJUNG 12,Kuala Langat,,,none,
"TMN MUHIBBAH, BTG BERJUNTAI",BATANG BERJUNTAI,Kuala Selangor,,,none,
"TMN MUHIBBAH, PEKAN KAPAR",KAPAR,Klang,3.1403333,101.3774148,road,"Lorong Raja Abdul Rahman, Kapar, Klang City, Klang, Selangor, 42200, Malaysia"
"TMN MUHIBBAH, PEKAN KAPAR",PEKAN KAPAR,Klang,,,none,
"TMN MUHIBBAH, PEKAN MERU",PEKAN MERU,Klang,,,none,
"TMN MUHIBBAH, SERDANG",PEKAN SERDANG,Petaling,3.0257486,101.7131092,scheme,"Taman Muhibbah, Seri Kembangan, Subang Jaya City Council, Petaling, Selangor, Malaysia"
"TMN MUHIBBAH, SERDANG",PETALING,Petaling,3.0257486,101.7131092,scheme,"Taman Muhibbah, Seri Kembangan, Subang Jaya City Council, Petaling, Selangor, Malaysia"
TMN MUJUR,KELANG,Klang,3.0226376,101.4090137,road,"Jalan 20, Taman Pelabuhan, Kampung Raja Uda, Port Klang, Klang City, Klang, Selangor, 41250, Malaysia"
TMN MULIA,MUKIM KUALA LUMPUR,Kuala Lumpur,3.0915289,101.7134231,scheme,"Taman Mulia, Bandar Tun Razak, Cheras, Kuala Lumpur, 56000, Malaysia"
TMN MULIA (P/L 941 MK API-API),API-API,Kuala Selangor,3.2948165,101.2921021,scheme,"Taman Mulia, Assam Jawa, Kuala Selangor, Selangor, Malaysia"
TMN MULIA INDAH,MUKIM KUALA LUMPUR,Kuala Lumpur,3.0927673,101.7129919,road,"Jalan 22/117A, Taman Mulia, Bandar Tun Razak, Cheras, Kuala Lumpur, 56000, Malaysia"
TMN MULIA JAYA,AMPANG,Hulu Langat,3.1315161,101.7894438,scheme,"Taman Mulia Jaya, Kampung Lembah Jaya Selatan, Ampang, Ampang Jaya Municipal Council, Hulu Langat, Selangor, 43100, Mala"
"TMN MULIA, BANTING",BANDAR BANTING,Kuala Langat,,,none,
"TMN MULIA, BANTING",TANJUNG 12,Kuala Langat,,,none,
"TMN MULIA, KLANG",KELANG,Klang,3.1950349,101.7753885,scheme,"Taman Bukit Mulia, Bukit Antarabangsa, Ulu Kelang, Ampang Jaya Municipal Council, Gombak, Selangor, Malaysia"
TMN MURNI,HUJUNG PERMATANG,Kuala Selangor,3.3787806,101.2311953,scheme,"Taman Murni, Kuala Selangor, Selangor, Malaysia"
TMN MURNI (CHERAS),CHERAS,Hulu Langat,3.059324,101.7675147,scheme,"Taman Murni, Kampung Batu 10, Cheras, Kajang Municipal Council, Hulu Langat, Selangor, 43200, Malaysia"
TMN MURNI (SEPANG),BANDAR SEPANG,Sepang,2.6900814,101.7510804,scheme,"Pos Malaysia, Jalan Banting - Port Dickson, Taman Murni, Pekan Sepang, Sepang, Selangor, 45950, Malaysia"
TMN MURNI (SEPANG),SEPANG,Sepang,2.6843996,101.750392,scheme,"Taman Murni, Pekan Sepang, Sepang, Selangor, 45950, Malaysia"
TMN MUTIARA,LABU,Sepang,2.9136735,101.7415822,scheme,"Taman Mutiara Keruing, Kampung Desa Putra, Sepang, Selangor, Malaysia"
TMN MUTIARA,MUKIM KUALA LUMPUR,Kuala Lumpur,3.0912676,101.7403423,scheme,"Taman Mutiara, Jalan Cheras, Taman Cheras, Cheras, Kuala Lumpur, 56100, Malaysia"
TMN MUTIARA,PEKAN DENGKIL,Sepang,2.9136735,101.7415822,scheme,"Taman Mutiara Keruing, Kampung Desa Putra, Sepang, Selangor, Malaysia"
TMN MUTIARA (SEK 1),PEKAN KAPAR,Klang,3.0754327,101.4489136,scheme,"Mutiara Bukit Raja, Jalan Meru, Taman Seri Pekan, Klang City, Klang, Selangor, 41400, Malaysia"
TMN MUTIARA - KG LOMBONG,TANJUNG 12,Kuala Langat,,,none,
"TMN MUTIARA 1, HUJUNG PERMATANG",HUJUNG PERMATANG,Kuala Selangor,,,none,
"TMN MUTIARA 1, HUJUNG PERMATANG",UJONG PERMATANG,Kuala Selangor,,,none,
TMN MUTIARA BUKIT RAJA,KAPAR,Klang,,,none,
TMN MUTIARA INDAH,KELANG,Klang,,,none,
TMN MUTIARA KEMUNING,KELANG,Klang,,,none,
TMN MUTIARA MERAB,DENGKIL,Sepang,,,none,
TMN MUTIARA SALAK,LABU,Sepang,2.785084,101.7140806,road,"Jalan 6, Kampung Labu Lanjut, Bandar Baru Salak Tinggi, Sepang, Selangor, 64000, Malaysia"
"TMN MUTIARA, BUKIT KEMUNING",KELANG,Klang,2.9840912,101.4285828,road,"Jalan Jejawi 2, Park Precinct, Bandar Botanic, Port Klang, Klang City, Klang, Selangor, 41200, Malaysia"
"TMN MUTIARA, BUKIT KEMUNING",PEKAN BUKIT KEMUNING,Klang,3.0188548,101.5262463,road,"Jalan Tegas 25/134, Pekan Bukit Kemuning, Section 25, Shah Alam, Klang, Selangor, 40470, Malaysia"
"TMN MUTIARA, MERU (P/L 4922 & 4921)",KAPAR,Klang,3.0754327,101.4489136,scheme,"Mutiara Bukit Raja, Jalan Meru, Taman Seri Pekan, Klang City, Klang, Selangor, 41400, Malaysia"
"TMN MUTIARA, TG. SEPAT",BANDAR TANJUNG SEPAT,Kuala Langat,2.6606197,101.5652053,scheme,"Taman Mutiara, Pekan Tanjung Sepat, Kuala Langat, Selangor, 42800, Malaysia"
"TMN MUTIARA, TG. SEPAT",BATU (KUALA LANGAT),Kuala Langat,2.6606197,101.5652053,scheme,"Taman Mutiara, Pekan Tanjung Sepat, Kuala Langat, Selangor, 42800, Malaysia"
TMN MUTU,KELANG,Klang,,,none,
TMN NADAYU (KAJANG),PEKAN KG SUNGAI TANGKAS,Hulu Langat,,,none,
TMN NAKHODA - JLN BAHTERA 1/9,TELOK PANGLIMA GARANG,Kuala Langat,,,none,
TMN NAKHODA YUSOFF,KELANG,Klang,,,none,
TMN NILAM,HUJUNG PERMATANG,Kuala Selangor,3.3816462,101.2289152,scheme,"Taman Nilam, Kuala Selangor, Selangor, Malaysia"
TMN NILAM,UJONG PERMATANG,Kuala Selangor,3.3816462,101.2289152,scheme,"Taman Nilam, Kuala Selangor, Selangor, Malaysia"
TMN NILAM 2,PEKAN DENGKIL,Sepang,2.8649692,101.6720024,scheme,"Taman Nilam, Dengkil, Sepang, Selangor, Malaysia"
TMN NIRWANA,AMPANG,Hulu Langat,3.1452664,101.752442,scheme,"Taman Nirwana, Kampung Pandan Dalam, Ampang, Ampang Jaya Municipal Council, Hulu Langat, Selangor, Malaysia"
TMN NIRWANA,BANDAR AMPANG,Hulu Langat,3.1452664,101.752442,scheme,"Taman Nirwana, Kampung Pandan Dalam, Ampang, Ampang Jaya Municipal Council, Hulu Langat, Selangor, Malaysia"
TMN NIRWANA (D'PINES),BANDAR AMPANG,Hulu Langat,3.1452664,101.752442,scheme,"Taman Nirwana, Kampung Pandan Dalam, Ampang, Ampang Jaya Municipal Council, Hulu Langat, Selangor, Malaysia"
TMN NS MANIAM,DENGKIL,Sepang,,,none,
TMN NURI,PEKAN BUKIT CHANGGANG,Kuala Langat,2.8348268,101.6061846,scheme,"Taman Nuri Indah, Banting, Kuala Langat, Selangor, Malaysia"
TMN OASIS,CHERAS,Hulu Langat,3.0508006,101.7468218,road,"Jalan Oasis 3, Taman Cheras Utama, Bandar Damai Perdana, Cheras, Kajang Municipal Council, Hulu Langat, Selangor, 56000,"
TMN ORKID,PEKAN CHERAS,Hulu Langat,3.0778425,101.7671115,scheme,"Taman Orkid, Cheras, Kajang Municipal Council, Hulu Langat, Selangor, 43200, Malaysia"
TMN ORKID (P/L  760),KELANANG,Kuala Langat,2.7892183,101.5029728,scheme,"Taman Orkid, Banting, Kuala Langat, Selangor, Malaysia"
TMN ORKID - SEK. 24,BANDAR KELANG,Klang,,,none,
TMN ORKID - SEK. 24,KAPAR,Klang,,,none,
TMN ORKID DESA,MUKIM PETALING,Kuala Lumpur,3.0754393,101.7305335,scheme,"Bukit Besi (Taman Orkid Desa Fasa 2 trailhead), Jalan 32/142, Taman Orkid Desa Fasa 2, Cheras, Kuala Lumpur, 56000, Mala"
"TMN ORKID, KLANG",KELANG,Klang,,,none,
"TMN ORKID, PEKAN MERU",KAPAR,Klang,,,none,
"TMN ORKID, PEKAN MERU",PEKAN MERU,Klang,,,none,
TMN P RAMLEE  (TMN FURLONG),MUKIM SETAPAK,Kuala Lumpur,3.1942967,101.7089423,scheme,"Taman P. Ramlee, Setapak, Kuala Lumpur, Malaysia"
TMN PADI EMAS,BANDAR TANJUNG KARANG,Kuala Selangor,,,none,
TMN PADI EMAS,PEKAN TANJUNG KARANG,Kuala Selangor,,,none,
TMN PADI SUTERA,TANJUNG KARANG,Kuala Selangor,,,none,
TMN PADUKA (TMN BUKIT GEMILANG),API-API,Kuala Selangor,3.3259173,101.2637127,scheme,"Taman Paduka, Bandar Malawati, Kuala Selangor, Selangor, Malaysia"
TMN PADUKA (TMN BUKIT GEMILANG),BANDAR KUALA SELANGOR,Kuala Selangor,3.3259173,101.2637127,scheme,"Taman Paduka, Bandar Malawati, Kuala Selangor, Selangor, Malaysia"
TMN PAGAR RUYUNG,MUKIM PETALING,Kuala Lumpur,3.1200764,101.64585,road,"Jalan 16/4, Section 16, Kuala Lumpur, Petaling, Selangor, 46350, Malaysia"
TMN PAHLAWAN,BANDAR TELOK PANGLIMA GARANG,Kuala Langat,2.9109941,101.4793897,scheme,"Taman Pahlawan, Teluk Panglima Garang, Kuala Langat, Selangor, Malaysia"
TMN PAHLAWAN,TELOK PANGLIMA GARANG,Kuala Langat,2.9109941,101.4793897,scheme,"Taman Pahlawan, Teluk Panglima Garang, Kuala Langat, Selangor, Malaysia"
TMN PAIK SIONG,PEKAN PUCHONG JAYA,Petaling,3.0615645,101.6465062,scheme,"Taman Paik Siong, Jalan Puchong, Taman Kinrara, Puchong, Subang Jaya City Council, Petaling, Selangor, 47180, Malaysia"
TMN PAIK SIONG,PETALING,Petaling,3.0615645,101.6465062,scheme,"Taman Paik Siong, Jalan Puchong, Taman Kinrara, Puchong, Subang Jaya City Council, Petaling, Selangor, 47180, Malaysia"
TMN PALING JAYA,SEMENYIH,Hulu Langat,2.9557279,101.8410549,road,"Jalan Kenari, Taman Aik Ann, Kajang East, Semenyih, Kajang Municipal Council, Hulu Langat, Selangor, 43500, Malaysia"
TMN PALM GROVE,KELANG,Klang,3.0313494,101.4344367,scheme,"Taman Palm Grove (Utara), Jalan Kelapa, Taman Gembira, Teluk Pulai, Port Klang, Klang City, Klang, Selangor, 41200, Mala"
TMN PANDAMARAN PERMAI / KOTA PENDAMAR,KELANG,Klang,2.982148,101.4061514,road,"Jalan Permai 7, Taman Teluk Gedung Indah, Kampung Nelayan Telok Gong, Klang City, Klang, Selangor, 42009, Malaysia"
TMN PANDAMARAN PERMAI/KOTA PENDAMAR,KELANG,Klang,2.9840997,101.4087989,road,"Lorong Permai 5B, Pendamar Villa, Port Klang, Klang City, Klang, Selangor, 42009, Malaysia"
TMN PANDAN CAHAYA,BANDAR AMPANG,Hulu Langat,3.142867,101.7552525,scheme,"Tmn Nirwana Flats Block A2, Jalan Cahaya 1, Taman Cahaya, Kampung Pandan Dalam, Ampang, Ampang Jaya Municipal Council, H"
TMN PANDAN INDAH,AMPANG,Hulu Langat,3.1284475,101.768078,scheme,"Taman Komersial Pandan Indah, Kampung Tasik Tambahan, Ampang, Ampang Jaya Municipal Council, Hulu Langat, Selangor, Mala"
TMN PANDAN INDAH,BANDAR AMPANG,Hulu Langat,3.1284475,101.768078,scheme,"Taman Komersial Pandan Indah, Kampung Tasik Tambahan, Ampang, Ampang Jaya Municipal Council, Hulu Langat, Selangor, Mala"
TMN PANDAN INDAH,CHERAS,Hulu Langat,3.1280887,101.7383328,scheme,"UniKL MIDI, Jalan Indah 5, Taman Cheras Indah, Cheras, Ampang, Ampang Jaya Municipal Council, Hulu Langat, Selangor, 515"
TMN PANDAN JAYA,AMPANG,Hulu Langat,3.1360784,101.7434252,scheme,"Taman Pandan Jaya, Pandan Indah, Ampang, Ampang Jaya Municipal Council, Hulu Langat, Selangor, 51500, Malaysia"
TMN PANDAN JAYA,BANDAR AMPANG,Hulu Langat,3.1360784,101.7434252,scheme,"Taman Pandan Jaya, Pandan Indah, Ampang, Ampang Jaya Municipal Council, Hulu Langat, Selangor, 51500, Malaysia"
TMN PANDAN JAYA (PANGSAPURI BAYU),BANDAR AMPANG,Hulu Langat,3.1360784,101.7434252,scheme,"Taman Pandan Jaya, Pandan Indah, Ampang, Ampang Jaya Municipal Council, Hulu Langat, Selangor, 51500, Malaysia"
TMN PANDAN MESRA,BANDAR AMPANG,Hulu Langat,3.1322692,101.7725685,scheme,"Taman Pandan Mesra, Kampung Indah Permai, Kampung Sri Taman Baru, Ampang, Ampang Jaya Municipal Council, Hulu Langat, Se"
TMN PANDAN MESRA (MESRA RIA),BANDAR AMPANG,Hulu Langat,3.1322692,101.7725685,scheme,"Taman Pandan Mesra, Kampung Indah Permai, Kampung Sri Taman Baru, Ampang, Ampang Jaya Municipal Council, Hulu Langat, Se"
TMN PANDAN MEWAH,AMPANG,Hulu Langat,3.1246915,101.7677499,scheme,"Tabika Kemas Taman Sri Raya, Jalan 5/9, Pandan Mewah, Kampung Tasik Tambahan, Ampang, Ampang Jaya Municipal Council, Hul"
TMN PANDAN MEWAH,BANDAR AMPANG,Hulu Langat,3.1246915,101.7677499,scheme,"Tabika Kemas Taman Sri Raya, Jalan 5/9, Pandan Mewah, Kampung Tasik Tambahan, Ampang, Ampang Jaya Municipal Council, Hul"
TMN PANDAN MEWAH (PANDAN COURT),BANDAR AMPANG,Hulu Langat,3.1246915,101.7677499,scheme,"Tabika Kemas Taman Sri Raya, Jalan 5/9, Pandan Mewah, Kampung Tasik Tambahan, Ampang, Ampang Jaya Municipal Council, Hul"
TMN PANDAN PERDANA,AMPANG,Hulu Langat,3.1191629,101.7497002,scheme,"Taman Kencana, Pandan Perdana, Ampang, Ampang Jaya Municipal Council, Hulu Langat, Selangor, 55300, Malaysia"
TMN PANDAN PERDANA,BANDAR AMPANG,Hulu Langat,3.1191629,101.7497002,scheme,"Taman Kencana, Pandan Perdana, Ampang, Ampang Jaya Municipal Council, Hulu Langat, Selangor, 55300, Malaysia"
TMN PANDAN PERDANA,HULU LANGAT,Hulu Langat,3.1280887,101.7383328,scheme,"UniKL MIDI, Jalan Indah 5, Taman Cheras Indah, Cheras, Ampang, Ampang Jaya Municipal Council, Hulu Langat, Selangor, 515"
TMN PANDAN PERDANA (PANDAN HEIGHTS),BANDAR AMPANG,Hulu Langat,3.1280887,101.7383328,scheme,"UniKL MIDI, Jalan Indah 5, Taman Cheras Indah, Cheras, Ampang, Ampang Jaya Municipal Council, Hulu Langat, Selangor, 515"
TMN PANDAN RIA,BANDAR AMPANG,Hulu Langat,3.1395241,101.7606127,scheme,"Taman Pandan Ria, Pandan Indah, Ampang, Ampang Jaya Municipal Council, Hulu Langat, Selangor, Malaysia"
TMN PANDAN UTAMA,AMPANG,Hulu Langat,3.1119384,101.7582463,scheme,"Flat Taman Bukit Permai, Jalan Bukit Permai Utama, Taman Mawar, Pandan Perdana, Ampang, Ampang Jaya Municipal Council, H"
TMN PANDAN UTAMA,BANDAR AMPANG,Hulu Langat,3.1119384,101.7582463,scheme,"Flat Taman Bukit Permai, Jalan Bukit Permai Utama, Taman Mawar, Pandan Perdana, Ampang, Ampang Jaya Municipal Council, H"
TMN PANGLIMA,BANDAR TELOK PANGLIMA GARANG,Kuala Langat,2.9087494,101.4691812,scheme,"Taman Panglima, Teluk Panglima Garang, Kuala Langat, Selangor, 42600, Malaysia"
TMN PANGLIMA,PEKAN TELUK PANGLIMA GARANG,Kuala Langat,2.9087494,101.4691812,scheme,"Taman Panglima, Teluk Panglima Garang, Kuala Langat, Selangor, 42600, Malaysia"
TMN PANGLIMA,TELOK PANGLIMA GARANG,Kuala Langat,2.9053828,101.4670316,scheme,"Jalan Taman Halijahton, Taman TelokBulatan Telok Panglima Garang, Teluk Panglima Garang, Kuala Langat, Selangor, 42600, "
TMN PANTAI DALAM FLAT,MUKIM KUALA LUMPUR,Kuala Lumpur,3.0934783,101.6681775,scheme,"Flat Taman Pantai Dalam, Pantai Dalam, Kuala Lumpur, 59200, Malaysia"
TMN PANTAI INDAH,KELANG,Klang,,,none,
TMN PANTAI INDAH,MUKIM KUALA LUMPUR,Kuala Lumpur,3.1426125,101.7279835,scheme,"Petronas Taman Maluri, Lebuhraya SPE, Maluri, Kampung Pandan, Kuala Lumpur, 55188, Malaysia"
TMN PANTAI SEPANG PUTRA,SEPANG,Sepang,2.624266,101.7080435,scheme,"Taman Sepang Putra (2B), Jalan Perling 2, Pantai Sepang Putra, Bagan Lalang, Sepang, Selangor, 45950, Malaysia"
TMN PARI,API-API,Kuala Selangor,3.2641082,101.3009988,scheme,"Taman Pari, Sasaran, Kuala Selangor, Selangor, Malaysia"
TMN PASIR MAS,BANDAR BARU BANGI,Hulu Langat,,,none,
TMN PASIR MAS,KAJANG,Hulu Langat,2.9839653,101.7852961,road,"Jalan Pasir Emas 2, Taman Pasir Emas, Kampung Kwan Tung Baru, Kajang Municipal Council, Hulu Langat, Selangor, 43000, Ma"
TMN PEKAN KAPAR,PEKAN KAPAR,Klang,,,none,
TMN PEKAN MERU,PEKAN MERU,Klang,3.080054,101.4475649,scheme,"Taman Sri Pekan, Jalan Meru, Taman Seri Pekan, Klang City, Klang, Selangor, 41050, Malaysia"
TMN PEKERTI (RM PKNS),JERAM,Kuala Selangor,3.2273809,101.3727554,scheme,"Taman Pekerti, Kuala Selangor, Selangor, Malaysia"
TMN PELABUHAN (PORT GARDEN),BANDAR KELANG,Klang,3.0238252,101.4318905,scheme,"Perumahan Taman Chi Liung (Barat), Persiaran Seraya, Chi Liung Garden, Pandamaran, Port Klang, Klang City, Klang, Selang"
TMN PELABUHAN (PORT GARDEN),KELANG,Klang,3.020476,101.4118407,scheme,"Taman Pelabuhan, Kampung Raja Uda, Port Klang, Klang City, Klang, Selangor, 42000, Malaysia"
TMN PELANGI,MUKIM SETAPAK,Kuala Lumpur,3.204966,101.6929329,scheme,"Taman Pelangi, Kampung Chubadak Hulu, Kampung Padang Balang, Kuala Lumpur, Malaysia"
TMN PELANGI (PL 442),KUALA SELANGOR,Kuala Selangor,2.6608198,101.5520961,scheme,"Taman Pelangi, Pekan Tanjung Sepat, Kuala Langat, Selangor, 42800, Malaysia"
TMN PELANGI (TG 12),BANDAR TANJUNG SEPAT,Kuala Langat,2.6608198,101.5520961,scheme,"Taman Pelangi, Pekan Tanjung Sepat, Kuala Langat, Selangor, 42800, Malaysia"
TMN PELANGI JAYA,MUKIM SETAPAK,Kuala Lumpur,3.2081634,101.6941341,scheme,"Taman Pelangi Jaya, Kampung Bandar Dalam, Kampung Padang Balang, Kuala Lumpur, 53000, Malaysia"
TMN PELANGI SEMENYIH,BERANANG,Hulu Langat,2.9308226,101.8596387,scheme,"Taman Pelangi Semenyih, Pelangi Semenyih, Semenyih, Kajang Municipal Council, Hulu Langat, Selangor, 43500, Malaysia"
TMN PELANGI SEMENYIH,SEMENYIH,Hulu Langat,2.9308226,101.8596387,scheme,"Taman Pelangi Semenyih, Pelangi Semenyih, Semenyih, Kajang Municipal Council, Hulu Langat, Selangor, 43500, Malaysia"
TMN PELANGI SEMENYIH 2,BERANANG,Hulu Langat,2.9308226,101.8596387,scheme,"Taman Pelangi Semenyih, Pelangi Semenyih, Semenyih, Kajang Municipal Council, Hulu Langat, Selangor, 43500, Malaysia"
TMN PENDAMAR INDAH,KELANG,Klang,2.9865811,101.4209387,scheme,"Taman Pendamar Indah, Kampung Idaman, Port Klang, Klang City, Klang, Selangor, 42009, Malaysia"
TMN PENDAMAR INDAH 2,KELANG,Klang,2.9802221,101.4259926,scheme,"Taman Pendamar Indah 2, Port Klang, Klang City, Klang, Selangor, 41200, Malaysia"
TMN PENDAMAR INDAH 3,KELANG,Klang,2.9865811,101.4209387,scheme,"Taman Pendamar Indah, Kampung Idaman, Port Klang, Klang City, Klang, Selangor, 42009, Malaysia"
TMN PENGGAWA,API-API,Kuala Selangor,3.3244359,101.2653304,scheme,"Taman Penggawa, Kuala Selangor, Selangor, Malaysia"
TMN PERANGSANG-PJS 1,BDR PETALING JAYA SELATAN,Petaling,3.0809932,101.64772,scheme,"Flat Taman Perangsang, PJS 1, Petaling Jaya South, Petaling Jaya, Petaling, Selangor, Malaysia"
TMN PERDANA SG PELIK,SEPANG,Sepang,2.6464034,101.7172261,road,"Jalan Perdana 1, Taman Harmoni Indah 1, Sungai Pelek, Sepang, Selangor, 45950, Malaysia"
TMN PEREPAT INDAH,KAPAR,Klang,,,none,
TMN PEREPAT PERMAI,KAPAR,Klang,,,none,
TMN PEREPAT PERMAI (P/L 6774),KAPAR,Klang,3.1232228,101.3631502,road,"Jalan Penghulu Rashid 14E/KU15, Kapar, Klang City, Klang, Selangor, 42200, Malaysia"
TMN PERIANG,PEKAN SUNGAI MANGGIS,Kuala Langat,2.8343959,101.531796,scheme,"Taman Periang, Teluk Datok, Kuala Langat, Selangor, Malaysia"
TMN PERINDUSTRIAN MAJU JAYA-PCHNG UTAMA,PEKAN PUCHONG PERDANA,Petaling,,,none,
TMN PERINDUSTRIAN MAJU JAYA-PJS 1,BDR PETALING JAYA SELATAN,Petaling,,,none,
TMN PERKASA,HULU LANGAT,Hulu Langat,3.1026043,101.798395,scheme,"Taman Perkasa, Batu 14 Hulu Langat, Kajang Municipal Council, Hulu Langat, Selangor, 43100, Malaysia"
TMN PERKASA,TELOK PANGLIMA GARANG,Kuala Langat,2.891547,101.4581989,scheme,"Taman Perkasa, Teluk Panglima Garang, Kuala Langat, Selangor, Malaysia"
TMN PERKASA INDAH,HULU LANGAT,Hulu Langat,3.1005669,101.7996395,road,"Jalan Perkasa Indah 2, Taman Perkasa, Kampung Sungai Serai, Batu 14 Hulu Langat, Kajang Municipal Council, Hulu Langat, "
TMN PERMAI (KAJANG),KAJANG,Hulu Langat,2.9863998,101.8062651,scheme,"Taman Permai, Kajang Municipal Council, Hulu Langat, Selangor, Malaysia"
TMN PERMAI (SEMENYIH),SEMENYIH,Hulu Langat,2.9863998,101.8062651,scheme,"Taman Permai, Kajang Municipal Council, Hulu Langat, Selangor, Malaysia"
TMN PERMAI JAYA,AMPANG,Hulu Langat,3.1398482,101.7786857,scheme,"Pos Malaysia Office, Lot 613, Lorong Dagang Permai 6, Taman Bukit Ampang, Kampung Muhibbah, Ampang, Ampang Jaya Municipa"
TMN PERMAI JAYA,BANDAR AMPANG,Hulu Langat,3.1392825,101.7729684,scheme,"KLINIK 1 MALAYSIA TMN SRI WATAN, 5, Jalan Watan 8, Taman Sri Watan, Kampung Indah Permai, Kampung Dato Mufti Shuib, Ampa"
"TMN PERMAI, SG PELEK",PEKAN SUNGAI PELIK,Sepang,,,none,
TMN PERPAT PERMAI (P/L 6774),KAPAR,Klang,3.1227806,101.3645203,road,"Jalan Penghulu Rashid 14B/KU15, Kapar, Klang City, Klang, Selangor, 42200, Malaysia"
TMN PERSIARAN DESA,KUALA LUMPUR TOWN CENTRE,Kuala Lumpur,3.1167233,101.6672651,scheme,"University Of Tsukuba, Malaysia, Persiaran Pantai Baharu, Pantai Baru, Bangsar, Kuala Lumpur, 50614, Malaysia"
TMN PERTAMA,MUKIM KUALA LUMPUR,Kuala Lumpur,3.1127246,101.7292803,scheme,"Taman Pertama, Jalan Cheras, Taman Tenaga, Pudu Ulu, Cheras, Kuala Lumpur, 56100, Malaysia"
TMN PERTIWI,PEKAN TELUK,Kuala Langat,2.8940912,101.4689973,scheme,"Taman Pertiwi, Teluk Panglima Garang, Kuala Langat, Selangor, Malaysia"
TMN PERTIWI,TELOK PANGLIMA GARANG,Kuala Langat,2.8940912,101.4689973,scheme,"Taman Pertiwi, Teluk Panglima Garang, Kuala Langat, Selangor, Malaysia"
TMN PERWIRA,AMPANG,Hulu Langat,3.154166,101.7480416,scheme,"Irrigation and Drainage Department, Jalan Air Bukit, Taman Putra Sulaiman, Kampung Pandan Dalam, Ampang, Ampang Jaya Mun"
"TMN PERWIRA, TPG",BANDAR SIJANGKANG,Kuala Langat,2.9376685,101.4738453,scheme,"Taman Perwira, Sijangkang, Teluk Panglima Garang, Kuala Langat, Selangor, Malaysia"
"TMN PERWIRA, TPG",TELOK PANGLIMA GARANG,Kuala Langat,2.9376685,101.4738453,scheme,"Taman Perwira, Sijangkang, Teluk Panglima Garang, Kuala Langat, Selangor, Malaysia"
TMN PESONA MEKAR,DENGKIL,Sepang,2.9269419,101.7502212,scheme,"Taman Pesona Mekar, Kampung Sungai Merab Jaya, Kampung Desa Putra, Sepang, Selangor, Malaysia"
TMN PETALING,BANDAR KELANG,Klang,3.0817127,101.6185457,scheme,"Taman Desaria (Barat), Old Klang Road, PJS 6, Sunway City, Petaling Jaya, Petaling, Selangor, 46150, Malaysia"
TMN PETALING,KELANG,Klang,3.0817127,101.6185457,scheme,"Taman Desaria (Barat), Old Klang Road, PJS 6, Sunway City, Petaling Jaya, Petaling, Selangor, 46150, Malaysia"
TMN PETALING INDAH,BANDAR KELANG,Klang,3.0243186,101.4389261,scheme,"Taman Petaling Indah, Teluk Pulai, Klang City, Klang, Selangor, Malaysia"
TMN PETALING INDAH,KELANG,Klang,3.0243186,101.4389261,scheme,"Taman Petaling Indah, Teluk Pulai, Klang City, Klang, Selangor, Malaysia"
TMN PETALING UTAMA - JLN PJS 1/52,BDR PETALING JAYA SELATAN,Petaling,,,none,
TMN PETALING UTAMA - JLN PJS 1/52,PETALING,Petaling,,,none,
TMN PETALING UTAMA-JLN 1/21-1/25,BDR PETALING JAYA SELATAN,Petaling,,,none,
TMN PETALING UTAMA-JLN 1/21-1/25,PETALING,Petaling,,,none,
TMN PETALING UTAMA-PJS 1,BDR PETALING JAYA SELATAN,Petaling,3.0793482,101.6466582,scheme,"Taman Petaling Utama, PJS 1, Petaling Jaya South, Petaling Jaya, Petaling, Selangor, 46050, Malaysia"
TMN PETALING UTAMA-PJS 1,PETALING,Petaling,3.0793482,101.6466582,scheme,"Taman Petaling Utama, PJS 1, Petaling Jaya South, Petaling Jaya, Petaling, Selangor, 46050, Malaysia"
TMN PINANG (P/L 6290),KAPAR,Klang,3.0659177,101.4345945,scheme,"Taman Sri Pinang, Jalan Kapar, Kampung Batu 3, Klang City, Klang, Selangor, 41400, Malaysia"
TMN PINANG RAJA,KAPAR,Klang,,,none,
TMN PINGGIRAN,BANDAR CHERAS,Hulu Langat,3.0389114,101.7880414,scheme,"Taman Pinggiran Sungai Long, Bandar Mahkota Cheras, Kajang Municipal Council, Hulu Langat, Selangor, 43000, Malaysia"
TMN PINGGIRAN CEMPAKA,BANDAR AMPANG,Hulu Langat,,,none,
TMN PINGGIRAN CHERAS,BANDAR AMPANG,Hulu Langat,3.0389114,101.7880414,scheme,"Taman Pinggiran Sungai Long, Bandar Mahkota Cheras, Kajang Municipal Council, Hulu Langat, Selangor, 43000, Malaysia"
TMN PINGGIRAN DELIMA,HULU LANGAT,Hulu Langat,3.1221983,101.8092756,scheme,"Taman Pinggiran Delima, Batu 14 Hulu Langat, Kajang Municipal Council, Hulu Langat, Selangor, 43100, Malaysia"
TMN PINGGIRAN MAHKOTA (CHERAS),CHERAS,Hulu Langat,3.0389114,101.7880414,scheme,"Taman Pinggiran Sungai Long, Bandar Mahkota Cheras, Kajang Municipal Council, Hulu Langat, Selangor, 43000, Malaysia"
TMN PINGGIRAN SAUJANA,BANDAR KAJANG,Hulu Langat,,,none,
TMN PINGGIRAN SEKAMAT,CHERAS,Hulu Langat,3.0260323,101.7797499,scheme,"Taman Pinggiran Sekamat, Kampung Bukit Dukung, Kampung Sungai Sekamat, Kajang Municipal Council, Hulu Langat, Selangor, "
TMN PLATINUM (RESIDENSI GATE),DENGKIL,Sepang,,,none,
"TMN PRIMA IMPIAN, PEL. KLANG",PEKAN PORT SWETTENHAM,Klang,,,none,
TMN PRIMA SAUJANA,BANDAR KAJANG,Hulu Langat,,,none,
TMN PRIMA SURIA,BANDAR BATU 9 CHERAS,Hulu Langat,3.0666362,101.7722913,scheme,"Taman Prima Suria, Kampung Melaka, Cheras, Kajang Municipal Council, Hulu Langat, Selangor, Malaysia"
TMN PRIMA SURIA,CHERAS,Hulu Langat,3.0666362,101.7722913,scheme,"Taman Prima Suria, Kampung Melaka, Cheras, Kajang Municipal Council, Hulu Langat, Selangor, Malaysia"
TMN PUCHONG,PETALING,Petaling,3.0160457,101.6102082,scheme,"Tractors Malaysia, Jalan Intan 2/8, Taman Puchong Intan, Puchong Perdana, Puchong, Subang Jaya City Council, Petaling, S"
TMN PUCHONG INDAH,PEKAN PUCHONG PERDANA,Petaling,3.0160457,101.6102082,scheme,"Tractors Malaysia, Jalan Intan 2/8, Taman Puchong Intan, Puchong Perdana, Puchong, Subang Jaya City Council, Petaling, S"
TMN PUCHONG INDAH,PETALING,Petaling,3.0160457,101.6102082,scheme,"Tractors Malaysia, Jalan Intan 2/8, Taman Puchong Intan, Puchong Perdana, Puchong, Subang Jaya City Council, Petaling, S"
TMN PUCHONG INTAN,PEKAN PUCHONG PERDANA,Petaling,3.0175592,101.6078482,scheme,"Taman Puchong Intan, Puchong Perdana, Puchong, Subang Jaya City Council, Petaling, Selangor, 47150, Malaysia"
TMN PUCHONG LAGENDA,PEKAN DESA PUCHONG,Petaling,,,none,
TMN PUCHONG PERDANA,PEKAN PUCHONG PERDANA,Petaling,3.0214263,101.6101037,scheme,"Pos Malaysia Perindustrian Puchong, Jalan TPP 1/7, Taman Perindustrian Puchong, Puchong Perdana, Puchong, Subang Jaya Ci"
TMN PUCHONG PERDANA,PETALING,Petaling,3.0160457,101.6102082,scheme,"Tractors Malaysia, Jalan Intan 2/8, Taman Puchong Intan, Puchong Perdana, Puchong, Subang Jaya City Council, Petaling, S"
TMN PUCHONG PERDANA-JLN 4/1-4/3,PEKAN PUCHONG PERDANA,Petaling,,,none,
TMN PUCHONG PERMAI,PEKAN PUCHONG PERDANA,Petaling,3.012665,101.5989762,scheme,"Taman Permainan Puchong Permai, Persiaran Puchong Permai, Kampung Bersatu, Puchong Perdana, Puchong, Subang Jaya City Co"
TMN PUCHONG PERMAI,PETALING,Petaling,3.012665,101.5989762,scheme,"Taman Permainan Puchong Permai, Persiaran Puchong Permai, Kampung Bersatu, Puchong Perdana, Puchong, Subang Jaya City Co"
TMN PUCHONG PERMAI-JLN PERMAI 1/1-1/19,PEKAN PUCHONG PERDANA,Petaling,,,none,
TMN PUCHONG PERMAI-JLN PERMAI 1/1-1/19,PETALING,Petaling,,,none,
TMN PUCHONG PERMATA,PEKAN PUCHONG PERDANA,Petaling,,,none,
TMN PUCHONG PRIMA,PEKAN PUCHONG PERDANA,Petaling,2.9996812,101.5975478,scheme,"Taman Puchong Prima, Puchong Perdana, Puchong, Subang Jaya City Council, Petaling, Selangor, 47150, Malaysia"
TMN PUCHONG PRIMA,PETALING,Petaling,2.9996812,101.5975478,scheme,"Taman Puchong Prima, Puchong Perdana, Puchong, Subang Jaya City Council, Petaling, Selangor, 47150, Malaysia"
TMN PUCHONG PRIMA (KG SRI AMAN TAMBAHAN),PETALING,Petaling,2.9996812,101.5975478,scheme,"Taman Puchong Prima, Puchong Perdana, Puchong, Subang Jaya City Council, Petaling, Selangor, 47150, Malaysia"
TMN PUCHONG UTAMA,PEKAN PUCHONG PERDANA,Petaling,3.0020064,101.6177342,scheme,"Taman Puchong Utama, Puchong Perdana, Puchong, Subang Jaya City Council, Petaling, Selangor, 47140, Malaysia"
TMN PUCHONG UTAMA,PETALING,Petaling,3.0020064,101.6177342,scheme,"Taman Puchong Utama, Puchong Perdana, Puchong, Subang Jaya City Council, Petaling, Selangor, 47140, Malaysia"
TMN PUCHONG UTAMA -JLN PU 7,PEKAN PUCHONG PERDANA,Petaling,,,none,
TMN PULAI,KELANG,Klang,3.0321246,101.4261598,scheme,"Nichiren Shoshu Malaysia Propagation Centre, Jalan Hilir, Taman Gembira, Teluk Pulai, Port Klang, Klang City, Klang, Sel"
TMN PULAI INDAH,BANDAR KELANG,Klang,3.0250682,101.4393111,scheme,"Taman Petaling Indah, Persiaran Seraya, Taman Petaling Indah, Teluk Pulai, Klang City, Klang, Selangor, 41200, Malaysia"
TMN PULAU INDAH (P/L 5823),KELANG,Klang,2.9603685,101.3418873,scheme,"Taman Perindustrian Pulau Indah (Timur), Pulau Indah Expressway, Kampung Sungai Pinang, Klang City, Klang, Selangor, 429"
TMN PUNCAK INDAH (AMPANG),BANDAR AMPANG,Hulu Langat,,,none,
TMN PUNCAK KINRARA,PEKAN KINRARA,Petaling,,,none,
TMN PUNCAK KINRARA,PETALING,Petaling,3.0649283,101.6399668,road,"Jalan TK 4/8A, Taman Kinrara Seksyen 4, Bukit Tandang, Puchong, Subang Jaya City Council, Petaling, Selangor, 47180, Mal"
TMN PUNCAK KINRARA-JLN TKK 2/3-2/5,PEKAN KINRARA,Petaling,,,none,
TMN PUTERI CHERAS,HULU LANGAT,Hulu Langat,3.0780288,101.7718903,scheme,"SK Taman Puteri, Jalan Sering 5, 诗华, Cheras, Kajang Municipal Council, Hulu Langat, Selangor, 43200, Malaysia"
TMN PUTRA (AMPANG),AMPANG,Hulu Langat,3.1209003,101.7660475,scheme,"Taman Putra, Kampung Tasik Tambahan, Ampang, Ampang Jaya Municipal Council, Hulu Langat, Selangor, Malaysia"
TMN PUTRA (AMPANG),BANDAR AMPANG,Hulu Langat,3.1220111,101.7684813,scheme,"Taman Putra Ampang (Timur), Jalan Tasek Tambahan 1, Taman Seri Raya, Kampung Tasik Tambahan, Ampang, Ampang Jaya Municip"
TMN PUTRA (DENGKIL),PEKAN DENGKIL,Sepang,2.8630078,101.6762267,scheme,"Kastam Diraja Malaysia, Jalan Kristal 2, Taman Baiduri, Kampung Cemperai, Dengkil, Sepang, Selangor, 43800, Malaysia"
TMN PUTRA (KAJANG),BANDAR BARU BANGI,Hulu Langat,2.9774602,101.773957,scheme,"Taman Putra Kajang, Kampung Kwan Tung Baru, Kajang Municipal Council, Hulu Langat, Selangor, 43000, Malaysia"
TMN PUTRA (PUCHONG),DENGKIL,Sepang,2.8671343,101.6741775,scheme,"Taman Putra Fasa 2, Dengkil, Sepang, Selangor, 43800, Malaysia"
TMN PUTRA BARU,KAPAR,Klang,3.1347888,101.3903317,scheme,"Taman Putra Baru, Kapar, Klang City, Klang, Selangor, 42200, Malaysia"
TMN PUTRA BARU,PEKAN KAPAR,Klang,3.1347888,101.3903317,scheme,"Taman Putra Baru, Kapar, Klang City, Klang, Selangor, 42200, Malaysia"
TMN PUTRA BUDIMAN,PEKAN KAJANG,Hulu Langat,3.0111821,101.7366812,scheme,"Taman Putra Budiman, Balakong, Cheras, Kajang Municipal Council, Hulu Langat, Selangor, 43400, Malaysia"
TMN PUTRA IMPIAN,PEKAN BANGI LAMA,Hulu Langat,2.9780678,101.7717682,scheme,"Jalan Taman Putra Kajang, Taman Putra Kajang, Kampung Kwan Tung Baru, Kajang Municipal Council, Hulu Langat, Selangor, 4"
TMN PUTRA IMPIANA,DENGKIL,Sepang,2.9761315,101.6027314,scheme,"Taman Putra Impiana, Sepang, Selangor, Malaysia"
TMN PUTRA INDAH-SERDANG RAYA,PEKAN SERDANG,Petaling,3.0450443,101.7022959,scheme,"Serdang Raya 8, Serdang Raya, Seri Kembangan, Subang Jaya City Council, Petaling, Selangor, 43300, Malaysia"
TMN PUTRA INDAH-SERDANG RAYA,PETALING,Petaling,3.0450443,101.7022959,scheme,"Serdang Raya 8, Serdang Raya, Seri Kembangan, Subang Jaya City Council, Petaling, Selangor, 43300, Malaysia"
TMN PUTRA KAJANG,BANDAR BARU BANGI,Hulu Langat,2.9774602,101.773957,scheme,"Taman Putra Kajang, Kampung Kwan Tung Baru, Kajang Municipal Council, Hulu Langat, Selangor, 43000, Malaysia"
TMN PUTRA PERDANA,DENGKIL,Sepang,2.9447387,101.614989,scheme,"Taman Putra Perdana, Sepang, Selangor, 47130, Malaysia"
TMN PUTRA PERDANA,LABU,Sepang,2.9447387,101.614989,scheme,"Taman Putra Perdana, Sepang, Selangor, 47130, Malaysia"
TMN PUTRA PERMAI-SERI KEMBANGAN,PETALING,Petaling,3.0020557,101.6742644,scheme,"Equine Park, Putra Permai, Seri Kembangan, Subang Jaya City Council, Petaling, Selangor, Malaysia"
TMN PUTRA PRIMA,DENGKIL,Sepang,2.9709299,101.5902559,scheme,"Taman Putra Prima, Sepang, Selangor, 41700, Malaysia"
TMN PUTRA SULAIMAN,BANDAR AMPANG,Hulu Langat,3.1520482,101.7504944,scheme,"Taman Putra Sulaiman, Kampung Pandan Dalam, Ampang, Ampang Jaya Municipal Council, Hulu Langat, Selangor, 68000, Malaysi"
TMN PUTRA SULAIMAN (TIARA DUTA CONDO),BANDAR AMPANG,Hulu Langat,3.1520482,101.7504944,scheme,"Taman Putra Sulaiman, Kampung Pandan Dalam, Ampang, Ampang Jaya Municipal Council, Hulu Langat, Selangor, 68000, Malaysi"
TMN PUTRI JAYA,PEKAN CHERAS,Hulu Langat,3.0653923,101.7622685,scheme,"Taman Putri Jaya, Cheras, Kajang Municipal Council, Hulu Langat, Selangor, 43200, Malaysia"
TMN PUTRI SENTOSA (P/L 10490),KELANG,Klang,,,none,
TMN RADIN JAYA,PEKAN TANJUNG KARANG,Kuala Selangor,,,none,
TMN RADIN JAYA,TANJUNG KARANG,Kuala Selangor,,,none,
TMN RADZI (TMN RAJEE/SURIA),BANDAR KELANG,Klang,,,none,
TMN RADZI (TMN RAJEE/SURIA),KELANG,Klang,3.0240768,101.4257031,road,"Lorong Peria, Pandamaran, Port Klang, Klang City, Klang, Selangor, 42000, Malaysia"
TMN RAFFLESIA (P/L 3894),KELANG,Klang,2.9732796,101.5494946,scheme,"Taman Rafflesia 1, Kampung Lombong, Shah Alam, Klang, Selangor, Malaysia"
TMN RAINBOW,MUKIM BATU,Kuala Lumpur,3.1948768,101.6817327,scheme,"Rainbow Garden, Batu, Kuala Lumpur, 51200, Malaysia"
TMN RAJA MUSA (RUMAH MURAH PKNS),PEKAN BUKIT TALANG,Kuala Selangor,3.4059566,101.3148865,scheme,"Taman Raja Musa, Kuala Selangor, Selangor, Malaysia"
TMN RAJA NONG,KELANG,Klang,3.0285731,101.4618928,scheme,"Taman Raja Nong, Jalan Kota Raja, Taman Bijaya, Klang City, Klang, Selangor, 41000, Malaysia"
TMN RAJA TUN UDA,PEKAN SEMENYIH,Hulu Langat,,,none,
TMN RAJA TUN UDA,SEMENYIH,Hulu Langat,2.9398347,101.8391896,road,"Jalan Raja Tun Uda 1, Semenyih, Kajang Municipal Council, Hulu Langat, Selangor, 43700, Malaysia"
"TMN RAJA UDA, KG. RAJA UDA",PEKAN PORT SWETTENHAM,Klang,3.0198699,101.4206871,scheme,"Taman Bayu Emas, Kampung Raja Uda, Port Klang, Klang City, Klang, Selangor, 42000, Malaysia"
TMN RAJA UDANG,API-API,Kuala Selangor,3.3000911,101.2899882,scheme,"Taman Raja Udang, Assam Jawa, Kuala Selangor, Selangor, Malaysia"
TMN RAJA WALI,PEKAN ASAM JAWA,Kuala Selangor,,,none,
TMN RAJAWALI,MUKIM KUALA LUMPUR,Kuala Lumpur,3.0977229,101.7421697,road,"Jalan Desa Aman 6, Taman Sri Desa Aman, Taman Cheras, Cheras, Kuala Lumpur, 56100, Malaysia"
TMN RAKAN,BANDAR CHERAS,Hulu Langat,3.0342947,101.7829614,scheme,"Taman Rakan, Cheras, Kajang Municipal Council, Hulu Langat, Selangor, 43000, Malaysia"
TMN RAKYAT,MUKIM KUALA LUMPUR,Kuala Lumpur,3.1047087,101.7445419,scheme,"Taman Rakyat, Taman Cheras, Cheras, Kuala Lumpur, 56100, Malaysia"
TMN RAMAL DESA,KAJANG,Hulu Langat,2.9737029,101.7603548,scheme,"Taman Ramal Desa, Kampung Sungai Ramal Dalam, Kajang Municipal Council, Hulu Langat, Selangor, Malaysia"
TMN RAMAL INDAH,KAJANG,Hulu Langat,2.9822291,101.7562044,road,"Jalan Ramal 4, Taman Ramal, Kajang Municipal Council, Hulu Langat, Selangor, 43000, Malaysia"
TMN RAMAL ROS,KAJANG,Hulu Langat,2.9746121,101.7587725,scheme,"Taman Ramal Ros, Kampung Sungai Ramal Dalam, Kajang Municipal Council, Hulu Langat, Selangor, Malaysia"
TMN RAMAL SURIA,KAJANG,Hulu Langat,2.979181,101.7527317,scheme,"Taman Ramal Suria, Kampung Sungai Ramal Dalam, Kajang Municipal Council, Hulu Langat, Selangor, Malaysia"
TMN RAMBAI INDAH,PEKAN JENJAROM,Kuala Langat,2.8853913,101.493058,scheme,"Taman Rambai Indah, Jenjarom, Kuala Langat, Selangor, 42600, Malaysia"
TMN RANTAU PANJANG JAYA,KAPAR,Klang,,,none,
"TMN RANTAU PANJANG, OFFJ. SG.PUTUS",KAPAR,Klang,,,none,
TMN RASA SAYANG,CHERAS,Hulu Langat,3.0734836,101.7574833,scheme,"Taman Rasa Sayang, Cheras, Kajang Municipal Council, Hulu Langat, Selangor, 43200, Malaysia"
TMN RASA SAYANG,PEKAN CHERAS,Hulu Langat,3.0734836,101.7574833,scheme,"Taman Rasa Sayang, Cheras, Kajang Municipal Council, Hulu Langat, Selangor, 43200, Malaysia"
TMN RASHNA,KAPAR,Klang,3.0547059,101.4728232,scheme,"SJK (C) Taman Rashna, Jalan Batu Tiga Lama, Taman Ros, Klang City, Klang, Selangor, 41300, Malaysia"
TMN REKO MUTIARA,BANDAR KAJANG,Hulu Langat,2.953262,101.788569,scheme,"Taman Reko Mutiara, Kampung Sungai Tangkas, Kajang Municipal Council, Hulu Langat, Selangor, Malaysia"
TMN RESTU,BANDAR KAJANG,Hulu Langat,2.9875754,101.8079318,scheme,"Taman Restu 7, Jalan Semenyih, Kajang Municipal Council, Hulu Langat, Selangor, 43000, Malaysia"
TMN RESTU,KAJANG,Hulu Langat,2.9875754,101.8079318,scheme,"Taman Restu 7, Jalan Semenyih, Taman Damai Mewah, Kajang Municipal Council, Hulu Langat, Selangor, 43000, Malaysia"
TMN RHU,BANDAR KUALA SELANGOR,Kuala Selangor,3.3164354,101.2762256,scheme,"Taman Rhu, Assam Jawa, Kuala Selangor, Selangor, Malaysia"
TMN RIA,BANDAR KAJANG,Hulu Langat,2.993751,101.8037648,scheme,"Taman Ria, Kajang Municipal Council, Hulu Langat, Selangor, Malaysia"
"TMN RIA (PL 304), TG. KARANG",TANJUNG KARANG,Kuala Selangor,3.4598552,101.2010171,road,"Jalan Parit Satu, Kampung Kunci Air Buang, Tanjong Karang, Kuala Selangor, Selangor, Malaysia"
"TMN RIA 1, KLANG",BANDAR KELANG,Klang,3.0001997,101.4837296,scheme,"Taman Sentosa Ria 1, Bandar Sentosa, Klang City, Klang, Selangor, 41200, Malaysia"
"TMN RIA 1, KLANG",KELANG,Klang,3.0001997,101.4837296,scheme,"Taman Sentosa Ria 1, Bandar Sentosa, Klang City, Klang, Selangor, 41200, Malaysia"
TMN RIA 2 (PEKAN SG PELEK),SEPANG,Sepang,2.6403474,101.7213815,road,"Jalan Ria 2, Taman Sri Siantan, Sungai Pelek, Sepang, Selangor, 45950, Malaysia"
TMN RIA EMAS,HUJUNG PERMATANG,Kuala Selangor,,,none,
TMN RIA EMAS,PEKAN TANJUNG KARANG,Kuala Selangor,,,none,
TMN RIA MIN,BANDAR TANJUNG KARANG,Kuala Selangor,,,none,
"TMN RIA, JLN SG JATI",KELANG,Klang,,,none,
"TMN RIA, TG KARANG (PL 304)",TANJUNG KARANG,Kuala Selangor,,,none,
TMN RIVERIA PERDANA,KELANG,Klang,2.9508971,101.4320074,scheme,"Taman Riveria Perdana, Teluk Panglima Garang, Klang, Selangor, Malaysia"
TMN SA,MUKIM KUALA LUMPUR,Kuala Lumpur,3.1454983,101.6673026,scheme,"Taman SA, Bangsar, Kuala Lumpur, Malaysia"
TMN SABHA IMPIAN/CRESTIN PARK APARTMENT,BANDAR KAJANG,Hulu Langat,,,none,
TMN SAFIRA,CHERAS,Hulu Langat,3.0265489,101.7620453,road,"Jalan CJ 9, Taman Cheras Jaya, Balakong, Cheras, Kajang Municipal Council, Hulu Langat, Selangor, 43200, Malaysia"
TMN SAGA,BANDAR AMPANG,Hulu Langat,3.1144672,101.7717533,scheme,"Taman Saga, Ampang, Ampang Jaya Municipal Council, Hulu Langat, Selangor, Malaysia"
TMN SAGA (P/L 11026),KELANG,Klang,3.0209846,101.4676561,scheme,"Taman Saga 3, Klang City, Klang, Selangor, Malaysia"
TMN SAGA (P/L 327),KAPAR,Klang,3.0209846,101.4676561,scheme,"Taman Saga 3, Klang City, Klang, Selangor, Malaysia"
TMN SAGA - P/L 327,KAPAR,Klang,3.149905,101.372303,road,"Jalan Haji Yaakob, Kapar, Klang City, Klang, Selangor, 42200, Malaysia"
TMN SAGA 2 (P/L 11048),KELANG,Klang,3.0209846,101.4676561,scheme,"Taman Saga 3, Klang City, Klang, Selangor, Malaysia"
TMN SAGA 2 (P/L 11048),PEKAN KAPAR,Klang,3.0209846,101.4676561,scheme,"Taman Saga 3, Klang City, Klang, Selangor, Malaysia"
TMN SAGA 3,KELANG,Klang,3.0209846,101.4676561,scheme,"Taman Saga 3, Klang City, Klang, Selangor, Malaysia"
TMN SAGA 3,PEKAN KAPAR,Klang,3.0209846,101.4676561,scheme,"Taman Saga 3, Klang City, Klang, Selangor, Malaysia"
TMN SAGA EMAS,BANDAR KAJANG,Hulu Langat,2.9976909,101.79945,scheme,"Taman Saga Emas, Kajang Municipal Council, Hulu Langat, Selangor, Malaysia"
TMN SAGA P/L 11026,KELANG,Klang,,,none,
"TMN SAGA, KAPAR",KAPAR,Klang,,,none,
"TMN SAGA, KAPAR",PEKAN KAPAR,Klang,,,none,
"TMN SAGA, KLANG",BANDAR KELANG,Klang,3.0209846,101.4676561,scheme,"Taman Saga 3, Klang City, Klang, Selangor, Malaysia"
"TMN SAGA, KLANG",KELANG,Klang,3.0209846,101.4676561,scheme,"Taman Saga 3, Klang City, Klang, Selangor, Malaysia"
TMN SAHABAT,HUJUNG PERMATANG,Kuala Selangor,,,none,
TMN SAHABAT,PEKAN TANJUNG KARANG,Kuala Selangor,,,none,
TMN SAHABAT (KAJANG),BANDAR KAJANG,Hulu Langat,2.9599985,101.8445289,scheme,"Sahabat Park, Kajang East, Semenyih, Kajang Municipal Council, Hulu Langat, Selangor, Malaysia"
"TMN SAHABAT, TPG",TELOK PANGLIMA GARANG,Kuala Langat,2.9001822,101.4714039,road,"Jalan Dendang 64, Taman TelokBulatan Telok Panglima Garang, Teluk Panglima Garang, Kuala Langat, Selangor, 42600, Malays"
TMN SAKAPP,BANDAR KAJANG,Hulu Langat,,,none,
TMN SALAK BAIDURI (LABU),LABU,Sepang,2.7934145,101.7254485,road,"Jalan Baiduri Murni 1, Kampung Labu Lanjut, Bandar Baru Salak Tinggi, Sepang, Selangor, 43900, Malaysia"
TMN SALAK IDAMAN,LABU,Sepang,,,none,
TMN SALAK IMPIAN,LABU,Sepang,2.8036174,101.710398,scheme,"Taman Salak Impian, Kampung Labu Lanjut, Bandar Baru Salak Tinggi, Sepang, Selangor, Malaysia"
TMN SALAK KASTURI,LABU,Sepang,2.785084,101.7140806,road,"Jalan 6, Kampung Labu Lanjut, Bandar Baru Salak Tinggi, Sepang, Selangor, 64000, Malaysia"
TMN SALAK LESTARI,DENGKIL,Sepang,2.7952393,101.7133276,scheme,"Taman Salak Lestari, Kampung Labu Lanjut, Bandar Baru Salak Tinggi, Sepang, Selangor, Malaysia"
TMN SALAK LESTARI,LABU,Sepang,2.7952393,101.7133276,scheme,"Taman Salak Lestari, Kampung Labu Lanjut, Bandar Baru Salak Tinggi, Sepang, Selangor, Malaysia"
TMN SALAK MAJU,LABU,Sepang,,,none,
TMN SALAK MULIA,LABU,Sepang,,,none,
TMN SALAK MURNI,LABU,Sepang,2.7934145,101.7254485,road,"Jalan Baiduri Murni 1, Kampung Labu Lanjut, Bandar Baru Salak Tinggi, Sepang, Selangor, 43900, Malaysia"
TMN SALAK PERDANA,DENGKIL,Sepang,,,none,
TMN SALAK SURIA,LABU,Sepang,2.785084,101.7140806,road,"Jalan 6, Kampung Labu Lanjut, Bandar Baru Salak Tinggi, Sepang, Selangor, 64000, Malaysia"
TMN SARAYA,AMPANG,Hulu Langat,3.1172965,101.7617224,scheme,"Surau Taman Saraya, Jalan Bunga Tanjung 19, Taman Seraya, Kampung Tasik Tambahan, Ampang, Ampang Jaya Municipal Council,"
TMN SARI,BANDAR BANTING,Kuala Langat,2.8173234,101.5047041,scheme,"Taman Sari Park, Banting, Kuala Langat, Selangor, Malaysia"
TMN SARI,TANJUNG 12,Kuala Langat,2.8173234,101.5047041,scheme,"Taman Sari Park, Banting, Kuala Langat, Selangor, Malaysia"
TMN SATRIA,TELOK PANGLIMA GARANG,Kuala Langat,,,none,
TMN SAUJANA  PALMA,BANDAR KAJANG,Hulu Langat,,,none,
TMN SAUJANA (P/L 1429),KAPAR,Klang,3.0239527,101.5327327,scheme,"Taman Saujana, Jalan Teluk Jambu 2, Section 25, Taman Sri Muda, Shah Alam, Klang, Selangor, 40400, Malaysia"
TMN SAUJANA (P/L 1429),KELANG,Klang,3.0239527,101.5327327,scheme,"Taman Saujana, Jalan Teluk Jambu 2, Section 25, Taman Sri Muda, Shah Alam, Klang, Selangor, 40400, Malaysia"
TMN SAUJANA (P/L 1443),KELANG,Klang,3.0239527,101.5327327,scheme,"Taman Saujana, Jalan Teluk Jambu 2, Section 25, Taman Sri Muda, Shah Alam, Klang, Selangor, 40400, Malaysia"
TMN SAUJANA (PL 1437),KELANG,Klang,3.0239527,101.5327327,scheme,"Taman Saujana, Jalan Teluk Jambu 2, Section 25, Taman Sri Muda, Shah Alam, Klang, Selangor, 40400, Malaysia"
TMN SAUJANA 3 (P/L 1449),KELANG,Klang,3.0128745,101.4636018,scheme,"Taman Saujana 3, Klang City, Klang, Selangor, 41200, Malaysia"
TMN SAUJANA DAMAI,CHERAS,Hulu Langat,,,none,
TMN SAUJANA JATI (P/L 10333),KELANG,Klang,3.0160983,101.4667463,scheme,"Taman Saujana Jati, Jalan Raja Nong, Taman Saujana 3, Klang City, Klang, Selangor, 41200, Malaysia"
TMN SAUJANA JATI (P/L 4344 & 4345),KELANG,Klang,3.0160983,101.4667463,scheme,"Taman Saujana Jati, Jalan Raja Nong, Taman Saujana 3, Klang City, Klang, Selangor, 41200, Malaysia"
TMN SAUJANA JATI (PL 4344 & 4345),KELANG,Klang,3.0160983,101.4667463,scheme,"Taman Saujana Jati, Jalan Raja Nong, Taman Saujana 3, Klang City, Klang, Selangor, 41200, Malaysia"
TMN SAUJANA KAPAR,KAPAR,Klang,3.1463046,101.3371139,scheme,"Taman Saujana Kapar, Klang City, Klang, Selangor, Malaysia"
TMN SAUJANA KAPAR,PEKAN KAPAR,Klang,3.1463046,101.3371139,scheme,"Taman Saujana Kapar, Klang City, Klang, Selangor, Malaysia"
TMN SAUJANA KAPAR BARU,KAPAR,Klang,3.1461753,101.3367573,road,"Jalan Bertam 5C/KU14, Taman Saujana Kapar, Kapar, Klang City, Klang, Selangor, Malaysia"
TMN SAUJANA KLANG,KELANG,Klang,3.0239527,101.5327327,scheme,"Taman Saujana, Jalan Teluk Jambu 2, Section 25, Taman Sri Muda, Shah Alam, Klang, Selangor, 40400, Malaysia"
TMN SAUJANA MERU,KAPAR,Klang,,,none,
TMN SAUJANA MERU (P/L: 7261),KAPAR,Klang,,,none,
TMN SAUJANA MUTIARA@PEARL RESIDENCE KAJA,BANDAR KAJANG,Hulu Langat,,,none,
TMN SAUJANA PL 4344 AND 4345,KELANG,Klang,,,none,
TMN SAUJANA PUCHONG-JLN SP 1/1,PETALING,Petaling,,,none,
TMN SAUJANA UTAMA,IJOK,Kuala Selangor,3.2070459,101.468801,scheme,"Taman Seri Alam, Bandar Saujana Utama, Kuala Selangor, Selangor, Malaysia"
"TMN SAUJANA, KLANG",KELANG,Klang,3.0239527,101.5327327,scheme,"Taman Saujana, Jalan Teluk Jambu 2, Section 25, Taman Sri Muda, Shah Alam, Klang, Selangor, 40400, Malaysia"
TMN SEGAMAN,SEMENYIH,Hulu Langat,2.9228891,101.8368136,road,"Jalan Ecohill 3/1B, Setia EcoHill, Semenyih, Kajang Municipal Council, Hulu Langat, Selangor, 43700, Malaysia"
TMN SEGAMBUT AMAN,MUKIM BATU,Kuala Lumpur,3.1939538,101.6476791,scheme,"Taman Segambut Aman, Segambut, Kepong, Kuala Lumpur, 52100, Malaysia"
TMN SEGAMBUT DAMAI,MUKIM BATU,Kuala Lumpur,3.1881852,101.6563372,scheme,"Taman Segambut Damai, Segambut, Kepong, Kuala Lumpur, Malaysia"
TMN SEGAMBUT INDAH,MUKIM BATU,Kuala Lumpur,3.1962756,101.6733887,road,"Jalan 1/46, Taman Sri Kuching, Batu, Kuala Lumpur, 51200, Malaysia"
TMN SEGAMBUT MUDA,MUKIM BATU,Kuala Lumpur,3.189997,101.6581352,scheme,"Taman Segambut Muda, Segambut, Kepong, Kuala Lumpur, Malaysia"
TMN SEGAMBUT PERMAI,MUKIM BATU,Kuala Lumpur,3.1953426,101.6749191,road,"Jalan Terolak 9, Bamboo Garden, Batu, Kuala Lumpur, 51200, Malaysia"
TMN SEGAMBUT PERMAI,MUKIM PETALING,Kuala Lumpur,,,none,
TMN SEGAR,MUKIM KUALA LUMPUR,Kuala Lumpur,3.0887326,101.7446887,scheme,"Taman Segar, Cheras, Kuala Lumpur, Malaysia"
TMN SEGAR PERDANA,CHERAS,Hulu Langat,3.0926631,101.7618732,scheme,"Taman Segar Perdana, Cheras, Kajang Municipal Council, Hulu Langat, Selangor, 56100, Malaysia"
TMN SEJAHTERA,BANDAR JENJARUM/SG JARUM,Kuala Langat,2.8782494,101.4988343,scheme,"Taman Sejahtera, Taman Seri Jaromas, Jenjarom, Kuala Langat, Selangor, Malaysia"
TMN SEJAHTERA,MUKIM BATU,Kuala Lumpur,3.1930882,101.666984,scheme,"Taman Sejahtera, Segambut, Kepong, Kuala Lumpur, 51200, Malaysia"
"TMN SEJAHTERA, KLANG",BANDAR KELANG,Klang,3.0105898,101.4817849,scheme,"Taman Sejahtera, Bandar Sentosa, Klang City, Klang, Selangor, 41200, Malaysia"
"TMN SEJAHTERA, KLANG",KELANG,Klang,3.0105898,101.4817849,scheme,"Taman Sejahtera, Bandar Sentosa, Klang City, Klang, Selangor, 41200, Malaysia"
TMN SEJATI,KELANG,Klang,3.012756,101.4700302,scheme,"Taman Sejati, Bandar Sentosa, Klang City, Klang, Selangor, 41200, Malaysia"
TMN SEJATI (PL 2702),PEKAN SIMPANG TIGA IJOK,Kuala Selangor,3.3153973,101.411048,scheme,"Taman Sejati, Ijok, Kuala Selangor, Selangor, Malaysia"
TMN SEJATI 5,KELANG,Klang,3.0162416,101.466979,scheme,"Taman Sejati 5, Jalan Raja Nong, Taman Saujana 3, Klang City, Klang, Selangor, 41200, Malaysia"
TMN SEJATI KEHIJAUAN,KELANG,Klang,,,none,
TMN SEJATI LAKESIDE,BANDAR CYBERJAYA,Sepang,,,none,
TMN SEJATI LAKESIDE,DENGKIL,Sepang,2.8746495,101.6564338,road,"Jalan CW 1/1, Casa Wood, Cybersouth City, Dengkil, Sepang, Selangor, 62200, Malaysia"
TMN SEJATI(P/L299),PEKAN SIMPANG TIGA IJOK,Kuala Selangor,3.3153973,101.411048,scheme,"Taman Sejati, Ijok, Kuala Selangor, Selangor, Malaysia"
"TMN SEJATI, IJOK",PEKAN SIMPANG TIGA IJOK,Kuala Selangor,3.3153973,101.411048,scheme,"Taman Sejati, Ijok, Kuala Selangor, Selangor, Malaysia"
TMN SEKAMAT,CHERAS,Hulu Langat,3.0304958,101.7864049,scheme,"Taman Suria, Cheras, Kajang Municipal Council, Hulu Langat, Selangor, 43000, Malaysia"
TMN SEKAMAT INDAH,CHERAS,Hulu Langat,3.0221393,101.7773018,scheme,"Taman Sekamat Indah, Kampung Bukit Dukung, Kampung Sungai Sekamat, Kajang Municipal Council, Hulu Langat, Selangor, 4320"
TMN SEKAMAT JAYA,CHERAS,Hulu Langat,3.0234549,101.788553,scheme,"Taman Sekamat Jaya, Kampung Sungai Sekamat, Kajang Municipal Council, Hulu Langat, Selangor, 43200, Malaysia"
TMN SELANGAT,PEKAN KUALA SUNGAI BULUH,Kuala Selangor,3.2613765,101.3101295,scheme,"Taman Selangat, Kuala Sungai Buloh, Sasaran, Kuala Selangor, Selangor, Malaysia"
TMN SELASIH,DENGKIL,Sepang,2.8119649,101.736194,scheme,"Taman Selasih, Kampung Giching Hulu, Bandar Baru Salak Tinggi, Sepang, Selangor, Malaysia"
TMN SELAT DAMAI,KELANG,Klang,2.9909322,101.4187357,road,"Jalan Selat Selatan, Kawasan Perindustrian Pandamaran, Kampung Idaman, Port Klang, Klang City, Klang, Selangor, 42009, M"
TMN SELAT DAMAI,PEKAN PENDAMARAN,Klang,,,none,
TMN SELATAN,BANDAR KELANG,Klang,3.0817127,101.6185457,scheme,"Taman Desaria (Barat), Old Klang Road, PJS 6, Sunway City, Petaling Jaya, Petaling, Selangor, 46150, Malaysia"
TMN SELATAN,KELANG,Klang,3.0817127,101.6185457,scheme,"Taman Desaria (Barat), Old Klang Road, PJS 6, Sunway City, Petaling Jaya, Petaling, Selangor, 46150, Malaysia"
TMN SELESA,PEKAN ASAM JAWA,Kuala Selangor,3.2861497,101.296958,scheme,"Taman Selesa, Kampung Api-Api, Kuala Selangor, Selangor, Malaysia"
TMN SEMANJA KAJANG,SEMENYIH,Hulu Langat,,,none,
TMN SEMARAK,BANDAR BARU BANGI,Hulu Langat,2.9782461,101.7765795,scheme,"Taman Semarak, Kampung Kwan Tung Baru, Kajang Municipal Council, Hulu Langat, Selangor, 43000, Malaysia"
TMN SEMARANG SINAR,DENGKIL,Sepang,2.8696357,101.6945067,scheme,"Taman Semarang Sinar, Kampung Semarang, Dengkil, Sepang, Selangor, Malaysia"
TMN SEMENTA (P/L 3979),KAPAR,Klang,,,none,
TMN SEMENTA INDAH (P/ L 4217),KAPAR,Klang,,,none,
TMN SEMENTA INDAH (P/L 4217),KAPAR,Klang,,,none,
TMN SEMENTA JAYA,KAPAR,Klang,,,none,
TMN SEMENTA PERMAI,KAPAR,Klang,,,none,
TMN SEMENTA UTAMA,KAPAR,Klang,,,none,
TMN SEMENYIH,SEMENYIH,Hulu Langat,2.9559634,101.8448392,scheme,"Taman Semenyih, Semenyih, Kajang Municipal Council, Hulu Langat, Selangor, 43500, Malaysia"
TMN SEMENYIH HEIGHTS,SEMENYIH,Hulu Langat,2.9514198,101.830564,road,"Jalan Bukit Semenyih 7, Kajang East Precinct 2, Kajang East, Semenyih, Kajang Municipal Council, Hulu Langat, Selangor, "
TMN SEMENYIH IDAMAN,SEMENYIH,Hulu Langat,2.9672749,101.8477038,road,"Jalan Idaman 5, Semenyih, Kajang Municipal Council, Hulu Langat, Selangor, 43500, Malaysia"
TMN SEMENYIH IMPIAN,HULU SEMENYIH,Hulu Langat,2.990635,101.8735053,scheme,"Taman Semenyih Impian, Kampung Pasir Baru, Kajang Municipal Council, Hulu Langat, Selangor, Malaysia"
TMN SEMENYIH INDAH,PEKAN SEMENYIH,Hulu Langat,,,none,
TMN SEMENYIH INDAH,SEMENYIH,Hulu Langat,,,none,
TMN SEMENYIH INDAH 2,PEKAN SEMENYIH,Hulu Langat,,,none,
TMN SEMENYIH JAYA,PEKAN SEMENYIH,Hulu Langat,,,none,
TMN SEMENYIH MEWAH,SEMENYIH,Hulu Langat,2.9504915,101.8238995,scheme,"The Garden @ Taman Semenyih Mewah Fasa 4, Semenyih, Kajang Municipal Council, Hulu Langat, Selangor, Malaysia"
TMN SEMENYIH PERMATA,SEMENYIH,Hulu Langat,2.9836088,101.8642343,scheme,"Taman Semenyih Permata, Kampung Pasir Baru, Kajang Municipal Council, Hulu Langat, Selangor, Malaysia"
TMN SEMENYIH RIA,PEKAN BATU 23 SG LALANG,Hulu Langat,2.9872394,101.8694386,scheme,"Taman Semenyih Ria, Kampung Pasir Baru, Kajang Municipal Council, Hulu Langat, Selangor, Malaysia"
TMN SEMPURNA DAMAI,SEMENYIH,Hulu Langat,,,none,
TMN SENOHONG,PEKAN KUALA SUNGAI BULUH,Kuala Selangor,3.2591504,101.3095809,scheme,"Taman Senohong, Kuala Sungai Buloh, Sasaran, Kuala Selangor, Selangor, Malaysia"
TMN SENTOSA,BANDAR KAJANG,Hulu Langat,3.1398198,101.832962,scheme,"Taman Desa Sentosa, Kampung Batu 16 Dusun Tua, Kajang Municipal Council, Hulu Langat, Selangor, 43100, Malaysia"
TMN SENTOSA,KAJANG,Hulu Langat,3.1398198,101.832962,scheme,"Taman Desa Sentosa, Kampung Batu 16 Dusun Tua, Kajang Municipal Council, Hulu Langat, Selangor, 43100, Malaysia"
TMN SENTOSA (P/L 10358),KELANG,Klang,3.0092194,101.4675818,scheme,"Bandar Sentosa, Klang City, Klang, Selangor, 41200, Malaysia"
TMN SENTOSA (P/L 10359),KELANG,Klang,3.0092194,101.4675818,scheme,"Bandar Sentosa, Klang City, Klang, Selangor, 41200, Malaysia"
TMN SENTOSA DYNASTY (P/L 10472 - 10474),KELANG,Klang,,,none,
TMN SENTOSA IMPIAN,DENGKIL,Sepang,2.8652297,101.6971343,road,"Jalan SI, Kampung Lalang, Dengkil, Sepang, Selangor, 43800, Malaysia"
TMN SENTOSA JAYA,KELANG,Klang,,,none,
TMN SENTOSA MEKAR,DENGKIL,Sepang,2.9168527,101.7509221,scheme,"Taman Sentosa Mekar, Kampung Desa Putra, Sepang, Selangor, 63450, Malaysia"
TMN SENTOSA P/L 10358,KELANG,Klang,,,none,
TMN SENTOSA P/L 10359,KELANG,Klang,,,none,
TMN SENTOSA PERDANA,KELANG,Klang,3.0082715,101.4812409,scheme,"Taman Sentosa Perdana, Bandar Sentosa, Klang City, Klang, Selangor, 41200, Malaysia"
"TMN SENTOSA RIA, KLANG",KELANG,Klang,3.010106,101.4647996,scheme,"Taman Sentosa (Utara), Jalan Raja Nong, Taman Klang Ria, Klang City, Klang, Selangor, 41200, Malaysia"
TMN SENTOSA VILLA,BANDAR KAJANG,Hulu Langat,,,none,
"TMN SENTOSA, BTG. BERJUNTAI",BATANG BERJUNTAI,Kuala Selangor,3.38079,101.4080706,road,"Jalan 4, Bestari Jaya, Kuala Selangor, Selangor, 45600, Malaysia"
"TMN SENTOSA, BTG. BERJUNTAI",PEKAN BATANG BERJUNTAI,Kuala Selangor,,,none,
"TMN SENTOSA, KAPAR",KAPAR,Klang,3.1327183,101.3778049,scheme,"Taman Sentosa Kapar, Kapar, Klang City, Klang, Selangor, 42200, Malaysia"
"TMN SENTOSA, KAPAR",KELANG,Klang,3.1327183,101.3778049,scheme,"Taman Sentosa Kapar, Kapar, Klang City, Klang, Selangor, 42200, Malaysia"
"TMN SENTOSA, KLANG",KAPAR,Klang,3.1327183,101.3778049,scheme,"Taman Sentosa Kapar, Kapar, Klang City, Klang, Selangor, 42200, Malaysia"
"TMN SENTOSA, KLANG",KELANG,Klang,3.0092194,101.4675818,scheme,"Bandar Sentosa, Klang City, Klang, Selangor, 41200, Malaysia"
TMN SENTUL JAYA,MUKIM SETAPAK,Kuala Lumpur,3.195281,101.6927428,scheme,"Jalan Taman Dato Senu, Taman Kosmo Jaya, Kampung Chubadak Hilir, Kuala Lumpur, 51100, Malaysia"
TMN SEPAKAT,KELANG,Klang,2.9669037,101.5626972,scheme,"Lorong Taman Muhammad 4, Taman Muhammad 3, Kampung Lombong, Kampung Jaya Sepakat, Shah Alam, Kuala Langat, Selangor, 417"
TMN SEPAKAT INDAH,BANDAR BARU BANGI,Hulu Langat,2.9756067,101.7799687,scheme,"Jalan Taman Putra Kajang, Taman Sri Kejora, Kampung Kwan Tung Baru, Kajang Municipal Council, Hulu Langat, Selangor, 430"
"TMN SEPAKAT, BUKIT NAGA (P/L 3027)",KELANG,Klang,,,none,
TMN SEPANG,PEKAN SUNGAI PELIK,Sepang,2.8630078,101.6762267,scheme,"Kastam Diraja Malaysia, Jalan Kristal 2, Taman Baiduri, Kampung Cemperai, Dengkil, Sepang, Selangor, 43800, Malaysia"
TMN SEPANG,SEPANG,Sepang,2.8617647,101.6768181,scheme,"Kastam Diraja Malaysia, Jalan Putrajaya - Dengkil, Taman Baiduri, Kampung Cemperai, Dengkil, Sepang, Selangor, 43800, Ma"
TMN SEPANG UTAMA,TANJUNG 12,Kuala Langat,,,none,
TMN SEPUTEH,KUALA LUMPUR TOWN CENTRE,Kuala Lumpur,3.1159767,101.702875,scheme,"PY25 Bandar Malaysia Utara (Provisional), Bandar Sri Permaisuri, Seputeh, Kuala Lumpur, Malaysia"
TMN SEPUTEH,MUKIM KUALA LUMPUR,Kuala Lumpur,3.1159767,101.702875,scheme,"PY25 Bandar Malaysia Utara (Provisional), Bandar Sri Permaisuri, Seputeh, Kuala Lumpur, Malaysia"
"TMN SERDANG JAYA SEK 4,7",PEKAN SERDANG,Petaling,,,none,
"TMN SERDANG JAYA SEK 4,7",PETALING,Petaling,3.0437865,101.7032564,road,"Jalan SR 7/1, Serdang Raya 7, Serdang Raya, Seri Kembangan, Subang Jaya City Council, Petaling, Selangor, 43300, Malaysi"
TMN SERDANG LAMA,PEKAN SERDANG,Petaling,,,none,
TMN SERDANG PERDANA,PEKAN SERDANG,Petaling,3.0367499,101.7071585,scheme,"Serdang Perdana, Seri Kembangan, Subang Jaya City Council, Petaling, Selangor, Malaysia"
TMN SERDANG PERDANA,PETALING,Petaling,3.0367499,101.7071585,scheme,"Serdang Perdana, Seri Kembangan, Subang Jaya City Council, Petaling, Selangor, Malaysia"
TMN SERDANG PERMATA,PEKAN SERDANG,Petaling,,,none,
TMN SERDANG PERMATA,PETALING,Petaling,3.0228555,101.6938208,road,"Jalan BS 5/21, Taman Bukit Serdang Seksyen 5, Bukit Serdang, Seri Kembangan, Subang Jaya City Council, Petaling, Selango"
TMN SERDANG RAYA SEK 2,PEKAN SERDANG,Petaling,,,none,
TMN SERDANG RAYA SEK 3,PEKAN SERDANG,Petaling,,,none,
TMN SERDANG RAYA SEK 3,PETALING,Petaling,3.0344104,101.7039428,road,"Jalan SR 3/1, Serdang Raya 3, Serdang Raya, Seri Kembangan, Subang Jaya City Council, Petaling, Selangor, 43300, Malaysi"
TMN SERDANG REKA,PEKAN SERDANG,Petaling,,,none,
TMN SERDANG UTAMA,PEKAN SERDANG,Petaling,3.0315829,101.6987031,scheme,"Taman Serdang Utama, Bukit Serdang, Seri Kembangan, Subang Jaya City Council, Petaling, Selangor, Malaysia"
TMN SERI ALAM,IJOK,Kuala Selangor,3.2070459,101.468801,scheme,"Taman Seri Alam, Bandar Saujana Utama, Kuala Selangor, Selangor, Malaysia"
TMN SERI ANDALAS,BANDAR KELANG,Klang,,,none,
TMN SERI ANDALAS,KELANG,Klang,,,none,
TMN SERI BAHAGIA,KELANG,Klang,3.1362607,101.436137,scheme,"Taman Seri Puteri, Jalan Bahagia, Taman Seri Puteri, Meru, Klang City, Klang, Selangor, 41050, Malaysia"
TMN SERI BAIDURI (SEMENYIH),BANDAR BATU 18 SEMENYIH,Hulu Langat,,,none,
TMN SERI BELIMBING@R/M JKR BKT BELIMBING,PASANGAN,Kuala Selangor,,,none,
TMN SERI BENDAHARA,BANDAR KUALA SELANGOR,Kuala Selangor,3.3216746,101.2735375,scheme,"Taman Seri Bendahara, Kuala Selangor, Selangor, Malaysia"
TMN SERI BEREMBANG,PEKAN PORT SWETTENHAM,Klang,,,none,
TMN SERI BESTARI,PEKAN BATANG BERJUNTAI,Kuala Selangor,,,none,
TMN SERI BKT CHANGGANG,TANJUNG 12,Kuala Langat,2.8441872,101.6436184,scheme,"Taman Seri Maju, Bukit Changgang, Banting, Kuala Langat, Selangor, Malaysia"
TMN SERI CHANGANG 2,TANJUNG 12,Kuala Langat,,,none,
TMN SERI CHANGGANG,TANJUNG 12,Kuala Langat,2.8280437,101.639683,scheme,"Jalan Topaz 3/26, Taman Seri Changgang 2, Kampung Orang Asli Bukit Serdang, Kuala Langat, Selangor, 43800, Malaysia"
TMN SERI CHERAKAH,KAPAR,Klang,,,none,
TMN SERI DAGANG 3,TANJUNG 12,Kuala Langat,,,none,
"TMN SERI DAHLIA, KAPAR (P/L 6914)",PEKAN KAPAR,Klang,,,none,
TMN SERI DAMAI,BANDAR KAJANG,Hulu Langat,3.0476726,101.7532218,scheme,"Taman Koperasi Maju Jaya, Jalan Seri Taming 2, Bandar Damai Perdana, Cheras, Kajang Municipal Council, Hulu Langat, Sela"
TMN SERI DAMAI,KAJANG,Hulu Langat,3.0542171,101.7534783,scheme,"Taman Seri Taming, Jalan Seri Taming 2A, Bandar Damai Perdana, Cheras, Kajang Municipal Council, Hulu Langat, Selangor, "
TMN SERI DELIMA,DENGKIL,Sepang,2.8546686,101.6841272,scheme,"Taman Seri Delima, Kampung Orang Asli Bukit Tampoi, Dengkil, Sepang, Selangor, 43800, Malaysia"
"TMN SERI DESA, TANJONG KARANG",TANJUNG KARANG,Kuala Selangor,,,none,
TMN SERI DUA BELAS (RM BATU 12 1/2),KAPAR,Klang,3.1453131,101.3558646,scheme,"Taman Seri Dua Belas, Kapar, Klang City, Klang, Selangor, Malaysia"
TMN SERI IMPIAN,SEMENYIH,Hulu Langat,2.990858,101.8716818,road,"Jalan Impian 2, Taman Semenyih Impian, Kampung Pasir Baru, Kajang Municipal Council, Hulu Langat, Selangor, 43500, Malay"
"TMN SERI INDAH, BESTARI JAYA",BATANG BERJUNTAI,Kuala Selangor,3.3800553,101.3984978,scheme,"Taman Seri Indah, Bestari Jaya, Kuala Selangor, Selangor, Malaysia"
"TMN SERI INDAH, BESTARI JAYA",PEKAN BATANG BERJUNTAI,Kuala Selangor,3.3800553,101.3984978,scheme,"Taman Seri Indah, Bestari Jaya, Kuala Selangor, Selangor, Malaysia"
"TMN SERI INDAH, BESTARI JAYA",TANJONG KARANG,Kuala Selangor,3.3800553,101.3984978,scheme,"Taman Seri Indah, Bestari Jaya, Kuala Selangor, Selangor, Malaysia"
"TMN SERI INDAH, BESTARI JAYA",TANJUNG KARANG,Kuala Selangor,3.3800553,101.3984978,scheme,"Taman Seri Indah, Bestari Jaya, Kuala Selangor, Selangor, Malaysia"
TMN SERI INTAN (AMPANG),AMPANG,Hulu Langat,3.1380948,101.7829963,scheme,"Taman Seri Intan, Kampung Indah Permai, Kampung Lembah Jaya Selatan, Ampang, Ampang Jaya Municipal Council, Hulu Langat,"
TMN SERI INTAN (AMPANG),BANDAR AMPANG,Hulu Langat,3.1380948,101.7829963,scheme,"Taman Seri Intan, Kampung Indah Permai, Kampung Lembah Jaya Selatan, Ampang, Ampang Jaya Municipal Council, Hulu Langat,"
TMN SERI JAROMAS,PEKAN JENJAROM,Kuala Langat,2.8745502,101.5033626,scheme,"Taman Seri Jaromas, Jenjarom, Kuala Langat, Selangor, 42600, Malaysia"
TMN SERI JASA,PEKAN BARU SG BESI,Petaling,,,none,
TMN SERI KAPAR,KAPAR,Klang,3.1431615,101.3548227,scheme,"Taman Seri Kapar, Kapar, Klang City, Klang, Selangor, 42200, Malaysia"
TMN SERI KELANAG,KELANANG,Kuala Langat,2.7902565,101.4517535,road,"Jalan Seri 1, Taman Seri Kelanang, Simpang Morib, Banting, Kuala Langat, Selangor, Malaysia"
TMN SERI KERAYONG,KAPAR,Klang,3.1419465,101.364328,scheme,"Taman Sri Kerayong, Kapar, Klang City, Klang, Selangor, Malaysia"
TMN SERI KERAYONG,PEKAN KAPAR,Klang,3.1419465,101.364328,scheme,"Taman Sri Kerayong, Kapar, Klang City, Klang, Selangor, Malaysia"
TMN SERI KUANTAN,PASANGAN,Kuala Selangor,3.359502,101.3082183,scheme,"Taman Seri Kuantan, Kampung Kuantan, Kuala Selangor, Selangor, Malaysia"
TMN SERI KUANTAN,TANJUNG KARANG,Kuala Selangor,3.359502,101.3082183,scheme,"Taman Seri Kuantan, Kampung Kuantan, Kuala Selangor, Selangor, Malaysia"
TMN SERI MAJU,TANJUNG 12,Kuala Langat,2.8441872,101.6436184,scheme,"Taman Seri Maju, Bukit Changgang, Banting, Kuala Langat, Selangor, Malaysia"
TMN SERI MANIK,PEKAN TANJUNG KARANG,Kuala Selangor,,,none,
TMN SERI MENEGUN,KELANG,Klang,,,none,
TMN SERI MENGKUANG,KUALA SELANGOR,Kuala Selangor,3.3685011,101.2576997,scheme,"Taman Seri Mengkuang, Pasir Penambang, Kuala Selangor, Selangor, Malaysia"
TMN SERI MERDEKA (AMPANG),BANDAR AMPANG,Hulu Langat,3.138748,101.7674096,scheme,"Taman Seri Merdeka, Pandan Indah, Ampang, Ampang Jaya Municipal Council, Hulu Langat, Selangor, Malaysia"
TMN SERI MERU,KAPAR,Klang,3.080054,101.4475649,scheme,"Taman Sri Pekan, Jalan Meru, Taman Seri Pekan, Klang City, Klang, Selangor, 41050, Malaysia"
TMN SERI MERU,PEKAN MERU,Klang,3.080054,101.4475649,scheme,"Taman Sri Pekan, Jalan Meru, Taman Seri Pekan, Klang City, Klang, Selangor, 41050, Malaysia"
TMN SERI MEWAH,BANDAR KAJANG,Hulu Langat,2.9737378,101.8041905,scheme,"Taman Seri Mewah, Kajang 2, Kajang Municipal Council, Hulu Langat, Selangor, Malaysia"
TMN SERI MEWAH,KAJANG,Hulu Langat,2.9737378,101.8041905,scheme,"Taman Seri Mewah, Kajang 2, Kajang Municipal Council, Hulu Langat, Selangor, Malaysia"
"TMN SERI MEWAH, MERU",KAPAR,Klang,,,none,
TMN SERI MINANG (CHERAS),PEKAN CHERAS,Hulu Langat,,,none,
TMN SERI MULIA,PEKAN ASAM JAWA,Kuala Selangor,,,none,
TMN SERI MUTIARA,KAJANG,Hulu Langat,2.9690189,101.7671255,scheme,"Taman Seri Mutiara, Jalan Surada 8/24, Seksyen 8, Bandar Baru Bangi, Kajang Municipal Council, Hulu Langat, Selangor, 43"
TMN SERI PELANGI,PEKAN BATANG BERJUNTAI,Kuala Selangor,,,none,
TMN SERI PERANTAU,KAPAR,Klang,,,none,
TMN SERI PEREPAT (RM KG PEREPAT),KAPAR,Klang,3.1111116,101.3684228,scheme,"Taman Seri Perepat, Kapar, Klang City, Klang, Selangor, Malaysia"
TMN SERI RANTAU,KAPAR,Klang,3.1324727,101.341388,road,"Jalan Ruyung 5C/KU4, Kapar, Klang City, Klang, Selangor, Malaysia"
TMN SERI SEGAR (SEMENYIH),PEKAN SEMENYIH,Hulu Langat,2.9587761,101.845875,scheme,"Taman Seri Segar, Semenyih, Kajang Municipal Council, Hulu Langat, Selangor, Malaysia"
TMN SERI SEMENTA,KAPAR,Klang,,,none,
TMN SERI SENTOSA,SEPANG,Sepang,,,none,
TMN SERI SERDANG,KAPAR,Klang,3.1467164,101.3450795,scheme,"Taman Seri Serdang, Kapar, Klang City, Klang, Selangor, Malaysia"
TMN SERI SETIA,TANJUNG KARANG,Kuala Selangor,3.4065431,101.2080194,road,"Jalan SGG 5/1, Tanjong Karang, Kuala Selangor, Selangor, 45500, Malaysia"
TMN SERI TAMING,PEKAN CHERAS,Hulu Langat,3.0530303,101.7522264,scheme,"Taman Seri Taming, Bandar Damai Perdana, Cheras, Kajang Municipal Council, Hulu Langat, Selangor, Malaysia"
TMN SERI TELOK DATUK,TANJUNG 12,Kuala Langat,,,none,
"TMN SERI, KLANG",KAPAR,Klang,3.1453131,101.3558646,scheme,"Taman Seri Dua Belas, Kapar, Klang City, Klang, Selangor, Malaysia"
"TMN SERI, KLANG",KELANG,Klang,3.1742459,101.7531275,scheme,"Jalan Enggang, Taman Desa Keramat AU2C, Bukit Antarabangsa, Ulu Kelang, Ampang Jaya Municipal Council, Gombak, Selangor,"
TMN SEROJA (DENGKIL),BARU BARU SALAK TINGGI,Sepang,2.827213,101.727015,scheme,"Taman Seroja, Bandar Baru Salak Tinggi, Sepang, Selangor, Malaysia"
TMN SEROJA (P/L 10 (1803)),PEKAN KAMPUNG KUANTAN,Kuala Selangor,,,none,
TMN SETAPAK (SETAPAK GARDEN),MUKIM SETAPAK,Kuala Lumpur,3.207836,101.7078844,scheme,"Setapak Garden, Kampung Sungai Mulia, Kampung Padang Balang, Kuala Lumpur, Malaysia"
TMN SETAPAK INDAH,MUKIM SETAPAK,Kuala Lumpur,3.2144039,101.7220076,scheme,"Taman Setapak Indah, Setapak, Kuala Lumpur, Malaysia"
TMN SETAPAK PERMAI,MUKIM SETAPAK,Kuala Lumpur,3.1912688,101.7251194,road,"Jalan 1/54A, Taman Setapak Jaya, Semarak, Kuala Lumpur, 53300, Malaysia"
TMN SETIA,PEKAN KAJANG,Hulu Langat,,,none,
TMN SETIA (2),BANDAR KAJANG,Hulu Langat,,,none,
TMN SETIA (2),PEKAN KAJANG,Hulu Langat,,,none,
TMN SETIA BALAKONG,PEKAN KAJANG,Hulu Langat,,,none,
TMN SETIA BUDI P/L: 1222,JERAM,Kuala Selangor,,,none,
TMN SETIA IMPIAN,PEKAN KAJANG,Hulu Langat,,,none,
TMN SETIA JAYA,BANDAR BANTING,Kuala Langat,,,none,
TMN SETIA JAYA,TANJUNG 12,Kuala Langat,,,none,
TMN SETIA JAYA (P/L 74527),KELANG,Klang,3.0827488,101.6210532,scheme,"Taman Desaria, Old Klang Road, SS 10, Sungai Way, Petaling Jaya, Petaling, Selangor, 46150, Malaysia"
TMN SETIA WARISAN,SUNGAI BULUH,Petaling,3.1562009,101.5267971,scheme,"Taman Setia Warisan, Section U6, Shah Alam, Petaling, Selangor, Malaysia"
TMN SETIA WARISAN TROPIKA,PEKAN BARU SALAK TINGGI,Sepang,,,none,
"TMN SETIA, JLN. JOHAN SETIA",KELANG,Klang,,,none,
"TMN SETIA, OFF JLN. SG.PUTUS",KAPAR,Klang,3.1446321,101.3562892,road,"Jalan 3, Taman Seri Dua Belas, Kapar, Klang City, Klang, Selangor, 42200, Malaysia"
TMN SETIA/SETIAWANIS,KELANG,Klang,,,none,
TMN SETIAWANGSA,MUKIM SETAPAK,Kuala Lumpur,3.1965656,101.7271508,scheme,"Open University Malaysia, Jalan Seri Rejang, Rampai Business Park South, Wangsa Maju, Kuala Lumpur, 53300, Malaysia"
TMN SG BESI  (LOW COST FLAT),MUKIM KUALA LUMPUR,Kuala Lumpur,3.0945253,101.7001924,scheme,"Taman Sungai Besi, Bandar Sri Permaisuri, Salak South, Kuala Lumpur, Malaysia"
TMN SG BESI (MEDIUM COST FLAT),MUKIM KUALA LUMPUR,Kuala Lumpur,3.0945253,101.7001924,scheme,"Taman Sungai Besi, Bandar Sri Permaisuri, Salak South, Kuala Lumpur, Malaysia"
TMN SG CHUA,BANDAR KAJANG,Hulu Langat,2.9838366,101.7699988,scheme,"Sonoco Products (Malaysia) Sdn Bhd, Jalan SC 4, Taman Semarak, Kampung Kwan Tung Baru, Kajang Municipal Council, Hulu La"
TMN SG CHUA,KAJANG,Hulu Langat,2.9838366,101.7699988,scheme,"Sonoco Products (Malaysia) Sdn Bhd, Jalan SC 4, Taman Semarak, Kampung Kwan Tung Baru, Kajang Municipal Council, Hulu La"
TMN SG JANGGUT (TAMAN EHSAN),PEKAN TAMBAK JAWA,Kuala Selangor,,,none,
TMN SG JELOK,BANDAR KAJANG,Hulu Langat,2.9910169,101.7995148,scheme,"Persimpangan Sungai Jelok / Taman Sungai Jelok, Jalan Semenyih, Kajang Municipal Council, Hulu Langat, Selangor, 43000, "
TMN SG KANDIS (P/L 1041),KELANG,Klang,,,none,
TMN SG MAS,BANDAR KAJANG,Hulu Langat,2.9874752,101.7873087,scheme,"Taman Sungai Mas, Sungai Chua, Kajang Municipal Council, Hulu Langat, Selangor, Malaysia"
TMN SG PELEK,PEKAN SUNGAI PELIK,Sepang,2.6504639,101.7144215,scheme,"Taman Perdana, Sungai Pelek, Sepang, Selangor, Malaysia"
"TMN SG PINANG (P/L 291, 292, 296 & 297)",KAPAR,Klang,2.9553388,101.3382485,scheme,"Taman Sungai Pinang, Kampung Sungai Pinang, Klang City, Klang, Selangor, Malaysia"
TMN SG PINANG (P/L 6291),KELANG,Klang,2.9553388,101.3382485,scheme,"Taman Sungai Pinang, Kampung Sungai Pinang, Klang City, Klang, Selangor, Malaysia"
TMN SG PINANG (P/L 72077),KELANG,Klang,2.9553388,101.3382485,scheme,"Taman Sungai Pinang, Kampung Sungai Pinang, Klang City, Klang, Selangor, Malaysia"
"TMN SG PINANG, TANJUNG SYAWAL",KAPAR,Klang,,,none,
"TMN SG PINANG, TANJUNG SYAWAL",KELANG,Klang,,,none,
TMN SG SERING,PEKAN CHERAS,Hulu Langat,3.0762783,101.7708122,scheme,"Taman Sungai Sering, Cheras, Kajang Municipal Council, Hulu Langat, Selangor, 43200, Malaysia"
TMN SG. BULOH (P/L 1072),API-API,Kuala Selangor,3.2658295,101.3019067,scheme,"Taman Sungai Buloh, Kampung Pasir Tuntong, Sasaran, Kuala Selangor, Selangor, Malaysia"
TMN SG. JATI PERMAI,KELANG,Klang,,,none,
"TMN SG. PINANG - P/L 291, 292, 296 & 297",KAPAR,Klang,,,none,
TMN SHAH BANDARAYA,KELANG,Klang,3.0313951,101.4744384,scheme,"Taman Menegun Indah/SK Telok Menegun, Jalan Kota Raja, Taman Alam Shah, Klang City, Klang, Selangor, 41000, Malaysia"
TMN SHAH JAYA,CHERAS,Hulu Langat,3.0567463,101.7729833,scheme,"Taman Shah Jaya, Kampung Batu 10, Cheras, Kajang Municipal Council, Hulu Langat, Selangor, 43200, Malaysia"
TMN SHAHBANDARAYA,KELANG,Klang,3.0301145,101.4574697,scheme,"Taman Shahbandaraya, Jalan Kota Raja, Kampung Kuantan, Klang City, Klang, Selangor, 41000, Malaysia"
TMN SHAMELIN PERKASA,MUKIM KUALA LUMPUR,Kuala Lumpur,3.1256036,101.7388949,scheme,"Taman Shamelin Perkasa, Maluri, Cheras, Kuala Lumpur, Malaysia"
TMN SIAKAP,PEKAN ASAM JAWA,Kuala Selangor,3.2628171,101.3019055,scheme,"Taman Siakap, Sasaran, Kuala Selangor, Selangor, Malaysia"
TMN SIJANGKANG DAMAI,TELOK PANGLIMA GARANG,Kuala Langat,,,none,
TMN SIJANGKANG INDAH,TELOK PANGLIMA GARANG,Kuala Langat,,,none,
TMN SIJANGKANG JAYA,BANDAR SIJANGKANG,Kuala Langat,2.9447917,101.4729184,scheme,"Taman Sijangkang Jaya, Sijangkang, Teluk Panglima Garang, Kuala Langat, Selangor, Malaysia"
TMN SIJANGKANG JAYA,TELOK PANGLIMA GARANG,Kuala Langat,2.9447917,101.4729184,scheme,"Taman Sijangkang Jaya, Sijangkang, Teluk Panglima Garang, Kuala Langat, Selangor, Malaysia"
TMN SIJANGKANG PERMAI,TELOK PANGLIMA GARANG,Kuala Langat,2.9420597,101.4692889,scheme,"Taman Sijangkang Permai, Sijangkang, Teluk Panglima Garang, Kuala Langat, Selangor, Malaysia"
TMN SINAR MAHKOTA,CHERAS,Hulu Langat,3.0526005,101.781952,scheme,"Taman Sinar Mahkota Fasa 2, Cheras, Kajang Municipal Council, Hulu Langat, Selangor, Malaysia"
TMN SINAR RIA,PEKAN BATANG BERJUNTAI,Kuala Selangor,,,none,
TMN SINAR TERANG,PEKAN SUNGAI PELIK,Sepang,,,none,
TMN SINARAN,PEKAN KAJANG,Hulu Langat,,,none,
"TMN SINARAN, BATANG BERJUNTAI",PEKAN BATANG BERJUNTAI,Kuala Selangor,3.3752687,101.392462,scheme,"Taman Sinaran, Jalan Rawang, Taman Pancaran, Kampung Jawa Selangor, Bestari Jaya, Kuala Selangor, Selangor, 45600, Malay"
"TMN SINARAN, KLANG",BANDAR KELANG,Klang,,,none,
"TMN SINARAN, KLANG",KELANG,Klang,3.0364232,101.4262895,road,"Jalan Serampang, Teluk Pulai, Port Klang, Klang City, Klang, Selangor, 41250, Malaysia"
TMN SIRAMBAI,API-API,Kuala Selangor,3.3283442,101.2696997,scheme,"Taman Sirambai, Kuala Selangor, Selangor, Malaysia"
TMN SPPK SEGAMBUT,MUKIM BATU,Kuala Lumpur,3.1810995,101.6596824,scheme,"Dewan Persatuan Penduduk Rumah Teres Dan Town House Taman Segambut (SPPK), Jalan Dutamas Seroja, Taman Segambut (SPPK), "
TMN SRI AMAN,CHERAS,Hulu Langat,3.0725536,101.7603139,scheme,"Taman Sri Aman, Cheras, Kajang Municipal Council, Hulu Langat, Selangor, 43200, Malaysia"
TMN SRI AMAN (P/L 2809),KELANG,Klang,3.0293431,101.5371017,scheme,"Plaza Taman Sri Muda (Selatan), Persiaran Aman, Section 25, Taman Sri Muda, Shah Alam, Klang, Selangor, 40400, Malaysia"
TMN SRI AMPANG,BANDAR AMPANG,Hulu Langat,3.1418658,101.7738387,scheme,"Taman Sri Ampang, Kampung Dato Mufti Shuib, Ampang, Ampang Jaya Municipal Council, Hulu Langat, Selangor, Malaysia"
TMN SRI AMPANG HILIR / ANGSANA HILIR,AMPANG,Hulu Langat,3.1472882,101.7426936,road,"Jalan Hilir 5, Taman Angsana Hilir, Kampung Pandan Dalam, Ampang, Ampang Jaya Municipal Council, Hulu Langat, Selangor, "
TMN SRI AMPANG HILIR / ANGSANA HILIR,BANDAR AMPANG,Hulu Langat,,,none,
TMN SRI ANDALAS,BANDAR KELANG,Klang,3.0142463,101.4464481,scheme,"Taman Sri Andalas, Klang City, Klang, Selangor, 41200, Malaysia"
TMN SRI ANDALAS,KELANG,Klang,3.0142463,101.4464481,scheme,"Taman Sri Andalas, Klang City, Klang, Selangor, 41200, Malaysia"
TMN SRI ANDALAS (P/L 1014),KELANG,Klang,3.0142463,101.4464481,scheme,"Taman Sri Andalas, Klang City, Klang, Selangor, 41200, Malaysia"
TMN SRI ANDALAS JAYA,KELANG,Klang,,,none,
TMN SRI ANGGERIK,PEKAN KAMPUNG KUANTAN,Kuala Selangor,,,none,
TMN SRI ANIKA,KELANG,Klang,,,none,
TMN SRI AWANA,KAPAR,Klang,,,none,
TMN SRI BAHAGIA,CHERAS,Hulu Langat,3.0601183,101.7549736,scheme,"Taman Sri Bahagia, Bandar Damai Perdana, Cheras, Kajang Municipal Council, Hulu Langat, Selangor, Malaysia"
TMN SRI BAHAGIA,PEKAN CHERAS,Hulu Langat,3.0601183,101.7549736,scheme,"Taman Sri Bahagia, Bandar Damai Perdana, Cheras, Kajang Municipal Council, Hulu Langat, Selangor, Malaysia"
TMN SRI BAHTERA  (BKT MEWAH & BKT ASA),MUKIM KUALA LUMPUR,Kuala Lumpur,3.1031468,101.7378969,scheme,"Taman Sri Bahtera, Taman Cheras, Cheras, Kuala Lumpur, 56100, Malaysia"
TMN SRI BAHTERA (BKT MEWAH & BKT ASA),MUKIM KUALA LUMPUR,Kuala Lumpur,3.1031468,101.7378969,scheme,"Taman Sri Bahtera, Taman Cheras, Cheras, Kuala Lumpur, 56100, Malaysia"
TMN SRI BANGI,PEKAN BANGI LAMA,Hulu Langat,,,none,
TMN SRI BANTING,BANDAR BANTING,Kuala Langat,2.8287792,101.6164445,scheme,"Taman Sri Dagang, Bukit Changgang, Banting, Kuala Langat, Selangor, Malaysia"
TMN SRI BANYAN (COUNTRY HEIGHTS),KAJANG,Hulu Langat,2.9888797,101.7573432,scheme,"Taman Sri Banyan, Kajang Municipal Council, Hulu Langat, Selangor, Malaysia"
TMN SRI BAYU - MORIB,PEKAN MORIB,Kuala Langat,,,none,
TMN SRI BAYU - SG PELEK SEPANG,SEPANG,Sepang,,,none,
TMN SRI BELIMBING,CHERAS,Hulu Langat,3.0383927,101.7340882,road,"Jalan Seri Belimbing 1/3, Taman Seri Belimbing, Bandar Damai Perdana, Cheras, Kajang Municipal Council, Hulu Langat, Sel"
TMN SRI BEREMBANG,KELANG,Klang,,,none,
TMN SRI BEREMBANG,PEKAN PORT SWETTENHAM,Klang,,,none,
TMN SRI BINTANG,MUKIM BATU,Kuala Lumpur,3.1876268,101.6431499,scheme,"Sri Bintang Garden Night Market, Jalan Seri Bintang 2, Bukit Sri Bintang Commercial Area, Kepong, Kuala Lumpur, 52200, M"
TMN SRI BKT,BANDAR KAJANG,Hulu Langat,3.0616572,101.7546703,scheme,"Flat Taman Bukit Angsana Block C, Jalan Angsana, Taman Bukit Angsana, Cheras, Kajang Municipal Council, Hulu Langat, Sel"
TMN SRI BULOH,SUNGAI BULUH,Petaling,3.2021247,101.5427664,scheme,"Taman Sri Buloh, Section U19, Sungai Buloh, Shah Alam, Petaling, Selangor, Malaysia"
TMN SRI BUNUT,TANJUNG 12,Kuala Langat,,,none,
TMN SRI CAHAYA,BATANG BERJUNTAI,Kuala Selangor,3.3768723,101.3963581,scheme,"Taman Sri Cahaya, Jalan Rawang, Taman Pancaran, Kampung Jawa Selangor, Bestari Jaya, Kuala Selangor, Selangor, 45600, Ma"
TMN SRI CAHAYA,PEKAN BATANG BERJUNTAI,Kuala Selangor,3.3768723,101.3963581,scheme,"Taman Sri Cahaya, Jalan Rawang, Taman Pancaran, Kampung Jawa Selangor, Bestari Jaya, Kuala Selangor, Selangor, 45600, Ma"
TMN SRI CAHAYA II (P/L 368),BATANG BERJUNTAI,Kuala Selangor,3.3788096,101.3988036,road,"Jalan Seri Indah 3, Taman Seri Indah, Bestari Jaya, Kuala Selangor, Selangor, 45600, Malaysia"
TMN SRI CAHAYA II (P/L 368),PEKAN BATANG BERJUNTAI,Kuala Selangor,,,none,
TMN SRI CENDEKIA  (TMN CONNAUGHT),MUKIM PETALING,Kuala Lumpur,,,none,
TMN SRI CHEEDING,PEKAN TG DUA BELAS,Kuala Langat,2.8572164,101.5176462,scheme,"Taman Sri Cheeding, Jenjarom, Kuala Langat, Selangor, Malaysia"
TMN SRI CHERAS,CHERAS,Hulu Langat,3.0601183,101.7549736,scheme,"Taman Sri Bahagia, Bandar Damai Perdana, Cheras, Kajang Municipal Council, Hulu Langat, Selangor, Malaysia"
TMN SRI CHERAS,PEKAN CHERAS,Hulu Langat,3.0601183,101.7549736,scheme,"Taman Sri Bahagia, Bandar Damai Perdana, Cheras, Kajang Municipal Council, Hulu Langat, Selangor, Malaysia"
TMN SRI CHERAS JAYA,PEKAN CHERAS,Hulu Langat,3.0321061,101.7661462,scheme,"Jejantas Taman Sri Indah, Jalan CJ 2/1, Taman Sri Indah, Kampung Bukit Dukung, Cheras, Kajang Municipal Council, Hulu La"
TMN SRI DAGANG,PEKAN BUKIT CHANGGANG,Kuala Langat,2.8287792,101.6164445,scheme,"Taman Sri Dagang, Bukit Changgang, Banting, Kuala Langat, Selangor, Malaysia"
TMN SRI DAGANG,TANJUNG 12,Kuala Langat,2.8287792,101.6164445,scheme,"Taman Sri Dagang, Bukit Changgang, Banting, Kuala Langat, Selangor, Malaysia"
TMN SRI DAGANG 2,TANJUNG 12,Kuala Langat,2.8287792,101.6164445,scheme,"Taman Sri Dagang, Bukit Changgang, Banting, Kuala Langat, Selangor, Malaysia"
TMN SRI DELIMA  (PKNS HOUSING SCHEME),MUKIM BATU,Kuala Lumpur,3.1999625,101.6675283,scheme,"Taman Sri Delima, Segambut, Kepong, Kuala Lumpur, 51200, Malaysia"
TMN SRI DENGKIL,DENGKIL,Sepang,2.8674975,101.6736273,scheme,"Taman Sri Dengkil, Dengkil, Sepang, Selangor, 43800, Malaysia"
TMN SRI EMAS,BANDAR KAJANG,Hulu Langat,,,none,
TMN SRI ENDAH,MUKIM PETALING,Kuala Lumpur,3.0653725,101.6976876,scheme,"Taman Sri Endah, Sri Petaling, Kuala Lumpur, 57000, Malaysia"
TMN SRI GADONG,BANDAR KELANG,Klang,3.0292408,101.4224519,scheme,"Taman Sri Gadong, Teluk Pulai, Port Klang, Klang City, Klang, Selangor, 41250, Malaysia"
TMN SRI GADONG,KELANG,Klang,3.0292408,101.4224519,scheme,"Taman Sri Gadong, Teluk Pulai, Port Klang, Klang City, Klang, Selangor, 41250, Malaysia"
TMN SRI GADUNG,BANDAR KELANG,Klang,,,none,
TMN SRI HANECO,SEMENYIH,Hulu Langat,2.9719347,101.8662163,scheme,"Taman Sri Haneco, Semenyih, Kajang Municipal Council, Hulu Langat, Selangor, 43500, Malaysia"
TMN SRI HARTAMAS,MUKIM KUALA LUMPUR,Kuala Lumpur,3.1596795,101.6514808,scheme,"Perumahan Hartamas 18, Jalan Sri Hartamas 1, Sri Hartamas, Kuala Lumpur, 50480, Malaysia"
TMN SRI IJOK (P/L: 123),IJOK,Kuala Selangor,3.3151421,101.4077624,road,"Jalan Seri Ijok 7, Taman Seri Ijok, Kampung Ijok, Ijok, Kuala Selangor, Selangor, 45600, Malaysia"
TMN SRI IMPIAN (P/L 2689),KAPAR,Klang,,,none,
TMN SRI INDAH,BANDAR CHERAS,Hulu Langat,3.0309629,101.7665342,scheme,"Taman Sri Indah, Kampung Bukit Dukung, Cheras, Kajang Municipal Council, Hulu Langat, Selangor, Malaysia"
TMN SRI INDAH,CHERAS,Hulu Langat,3.0309629,101.7665342,scheme,"Taman Sri Indah, Kampung Bukit Dukung, Cheras, Kajang Municipal Council, Hulu Langat, Selangor, Malaysia"
TMN SRI INDAH 2 (P/L 10363),KELANG,Klang,,,none,
"TMN SRI INDAH, BESTARI JAYA",BATANG BERJUNTAI,Kuala Selangor,3.3804099,101.4085598,road,"Jalan 2, Bestari Jaya, Kuala Selangor, Selangor, 45600, Malaysia"
"TMN SRI INDAH, KLANG",KELANG,Klang,,,none,
TMN SRI INTAN,KAJANG,Hulu Langat,3.0694615,101.7768755,scheme,"Taman Sri Melaka, Jalan Hulu Langat, Taman Cheras Intan, Kampung Melaka, Cheras, Kajang Municipal Council, Hulu Langat, "
TMN SRI ISTANA SUB LOT 79 SEK 29,BANDAR KELANG,Klang,,,none,
TMN SRI ISTANA SUB LOT 79 SEK 29,KELANG,Klang,,,none,
TMN SRI JATI APT,MUKIM PETALING,Kuala Lumpur,,,none,
TMN SRI JAYA,TANJUNG KARANG,Kuala Selangor,3.3768723,101.3963581,scheme,"Taman Sri Cahaya, Jalan Rawang, Taman Pancaran, Kampung Jawa Selangor, Bestari Jaya, Kuala Selangor, Selangor, 45600, Ma"
TMN SRI JAYA (PEKAN SG PELIK),SEPANG,Sepang,2.6846917,101.7486383,scheme,"Taman Sri Sepang, Jalan 2, Sepang New Village, Pekan Sepang, Sepang, Selangor, 45950, Malaysia"
"TMN SRI JAYA, KLANG",KELANG,Klang,3.0159872,101.4273943,scheme,"Pangsapuri Sri Bayu, Jalan Batu Unjur, Taman Kampung Pandamaran Jaya, Port Klang, Klang City, Klang, Selangor, 42000, Ma"
TMN SRI JELOK,BANDAR KAJANG,Hulu Langat,2.9914825,101.8125545,scheme,"Jalan Taman Sri Jelok 15, Kajang Perdana, Kajang Municipal Council, Hulu Langat, Selangor, 43000, Malaysia"
TMN SRI JELOK,KAJANG,Hulu Langat,2.9914825,101.8125545,scheme,"Jalan Taman Sri Jelok 15, Kajang Perdana, Kajang Municipal Council, Hulu Langat, Selangor, 43000, Malaysia"
TMN SRI KANTAN,KAJANG,Hulu Langat,3.0015956,101.7940107,scheme,"Jalan Taman Intan, Taman Sri Antan, Kampung Asrah, Kajang Municipal Council, Hulu Langat, Selangor, 43000, Malaysia"
TMN SRI KAPAR (P/L 29),KAPAR,Klang,3.1419465,101.364328,scheme,"Taman Sri Kerayong, Kapar, Klang City, Klang, Selangor, Malaysia"
TMN SRI KAPAR (P/L 353),KAPAR,Klang,3.1419465,101.364328,scheme,"Taman Sri Kerayong, Kapar, Klang City, Klang, Selangor, Malaysia"
TMN SRI KAPAR (P/L 353),PEKAN KAPAR,Klang,3.1419465,101.364328,scheme,"Taman Sri Kerayong, Kapar, Klang City, Klang, Selangor, Malaysia"
TMN SRI KAPAR (P/L 3545),KAPAR,Klang,3.1419465,101.364328,scheme,"Taman Sri Kerayong, Kapar, Klang City, Klang, Selangor, Malaysia"
TMN SRI KAPAR (P/L 6584),KAPAR,Klang,3.1419465,101.364328,scheme,"Taman Sri Kerayong, Kapar, Klang City, Klang, Selangor, Malaysia"
TMN SRI KAPAR (P/L 6834 & 6898),KAPAR,Klang,3.1419465,101.364328,scheme,"Taman Sri Kerayong, Kapar, Klang City, Klang, Selangor, Malaysia"
TMN SRI KAPAR (P/L 6834 & 6898),PEKAN KAPAR,Klang,3.1419465,101.364328,scheme,"Taman Sri Kerayong, Kapar, Klang City, Klang, Selangor, Malaysia"
TMN SRI KAPAR 1 (P/L 3548),KAPAR,Klang,3.1419465,101.364328,scheme,"Taman Sri Kerayong, Kapar, Klang City, Klang, Selangor, Malaysia"
TMN SRI KAPAR P/L 353,PEKAN KAPAR,Klang,,,none,
TMN SRI KAPAR P/L 3545,KAPAR,Klang,3.1419661,101.3574561,road,"Jalan Imam Ayob 3C, Taman Seri Kapar 2, Kapar, Klang City, Klang, Selangor, 42200, Malaysia"
"TMN SRI KAPAR, JLN GOH HOCK HUAT",KAPAR,Klang,,,none,
TMN SRI KEJORA,BANDAR BARU BANGI,Hulu Langat,2.9770873,101.7823995,scheme,"Taman Sri Kejora, Kampung Kwan Tung Baru, Kajang Municipal Council, Hulu Langat, Selangor, 43000, Malaysia"
TMN SRI KEMUNING,PEKAN BUKIT KEMUNING,Klang,3.0156118,101.5299484,scheme,"Taman Sri Kemuning, Section 32, Shah Alam, Klang, Selangor, Malaysia"
TMN SRI KEMUNING (P/L 1323),KELANG,Klang,3.0156118,101.5299484,scheme,"Taman Sri Kemuning, Section 32, Shah Alam, Klang, Selangor, Malaysia"
TMN SRI KENARI,KAJANG,Hulu Langat,2.9918035,101.769137,scheme,"Taman Sri Kenari, Kampung Bukit Angkat, Kajang Municipal Council, Hulu Langat, Selangor, Malaysia"
TMN SRI KENARI,PEKAN KAJANG,Hulu Langat,2.9918035,101.769137,scheme,"Taman Sri Kenari, Kampung Bukit Angkat, Kajang Municipal Council, Hulu Langat, Selangor, Malaysia"
TMN SRI KEPONG BARU,MUKIM BATU,Kuala Lumpur,3.2026899,101.6576964,scheme,"Green View Apartment, Segambut Shortcut, Taman Jinjang Baru, Jinjang, Kepong, Kuala Lumpur, 52000, Malaysia"
TMN SRI KILAT (TMN KOH KAI DOH),PEKAN BATANG BERJUNTAI,Kuala Selangor,,,none,
TMN SRI KLANG,KELANG,Klang,3.0276899,101.4263074,scheme,"Persatuan Penganut Agama Buddha Fo Guang Malaysia, Persiaran Raja Muda Musa, Taman Sri Gadong, Pandamaran, Port Klang, K"
TMN SRI KLANG (P/L 1354),KAPAR,Klang,3.1419465,101.364328,scheme,"Taman Sri Kerayong, Kapar, Klang City, Klang, Selangor, Malaysia"
TMN SRI KLANG P/L 1354,KAPAR,Klang,,,none,
TMN SRI KUCHING,MUKIM BATU,Kuala Lumpur,3.1964292,101.6715377,scheme,"Taman Sri Kuching, Batu, Kuala Lumpur, 51200, Malaysia"
TMN SRI LANGAT 2,BANDAR KAJANG,Hulu Langat,3.0601183,101.7549736,scheme,"Taman Sri Bahagia, Bandar Damai Perdana, Cheras, Kajang Municipal Council, Hulu Langat, Selangor, Malaysia"
TMN SRI LANGAT 2,KAJANG,Hulu Langat,2.9744202,101.7896794,scheme,"Taman Sri Langat 2, Jalan Langat 1, Taman Sri Langat, Kajang 2, Kajang Municipal Council, Hulu Langat, Selangor, 43000, "
TMN SRI LANGAT 2,PEKAN KAJANG,Hulu Langat,2.9744202,101.7896794,scheme,"Taman Sri Langat 2, Jalan Langat 1, Taman Sri Langat, Kajang 2, Kajang Municipal Council, Hulu Langat, Selangor, 43000, "
TMN SRI LEMBAYUNG,KELANG,Klang,3.0250293,101.5284272,scheme,"Taman Sri Lembayung, Jalan Mantap 25/126, Section 25, Shah Alam, Klang, Selangor, 40400, Malaysia"
TMN SRI LUMUT,KELANG,Klang,,,none,
TMN SRI MANIKAVASAGAM,PASANGAN,Kuala Selangor,,,none,
TMN SRI MANJA-PJS 3,BDR PETALING JAYA SELATAN,Petaling,3.0729121,101.6463948,scheme,"Sri Manja Court, PJS 3, Petaling Jaya South, Petaling Jaya, Petaling, Selangor, Malaysia"
TMN SRI MAWAR,BANDAR SEMENYIH,Hulu Langat,,,none,
TMN SRI MEDAN,BANDAR SIJANGKANG,Kuala Langat,,,none,
TMN SRI MEDAN,TELOK PANGLIMA GARANG,Kuala Langat,,,none,
TMN SRI MEDAN FASA II,BANDAR SIJANGKANG,Kuala Langat,,,none,
TMN SRI MEENA,KELANG,Klang,,,none,
TMN SRI MELATI,MUKIM SETAPAK,Kuala Lumpur,,,none,
TMN SRI MELATI (P/L 3809),KELANG,Klang,,,none,
TMN SRI MELOR (MUKIM BANDAR BARU BANGI),BANDAR BARU BANGI,Hulu Langat,,,none,
TMN SRI MELOR (MUKIM BANDAR BARU BANGI),KAJANG,Hulu Langat,2.9809366,101.7598905,road,"Jalan Melor 5, Kampung Sungai Ramal Luar, Sungai Chua, Kajang Municipal Council, Hulu Langat, Selangor, 43000, Malaysia"
TMN SRI MERBAU,PEKAN SUNGAI PELIK,Sepang,2.6365009,101.7138131,scheme,"Taman Sri Merbau 2, Sungai Pelek, Sepang, Selangor, 45950, Malaysia"
TMN SRI MERBAU,SEPANG,Sepang,2.6365009,101.7138131,scheme,"Taman Sri Merbau 2, Sungai Pelek, Sepang, Selangor, 45950, Malaysia"
TMN SRI MEWAH (OFF JLN PAIP),KAPAR,Klang,3.0285255,101.4664978,scheme,"Taman Sri Mewah, Jalan Kota Raja, Taman Bijaya, Klang City, Klang, Selangor, 41000, Malaysia"
TMN SRI MEWAH (P/L 6424 & 6425),BANDAR KELANG,Klang,3.0285255,101.4664978,scheme,"Taman Sri Mewah, Jalan Kota Raja, Taman Bijaya, Klang City, Klang, Selangor, 41000, Malaysia"
TMN SRI MEWAH (P/L 6424 & 6425),KELANG,Klang,3.0285255,101.4664978,scheme,"Taman Sri Mewah, Jalan Kota Raja, Taman Bijaya, Klang City, Klang, Selangor, 41000, Malaysia"
TMN SRI MEWAH 4 (P/L 1435),KELANG,Klang,3.0272834,101.4649328,scheme,"Taman Sri Mewah 1, Klang City, Klang, Selangor, Malaysia"
TMN SRI MEWAH 7 (P/L 4692),KAPAR,Klang,3.0272834,101.4649328,scheme,"Taman Sri Mewah 1, Klang City, Klang, Selangor, Malaysia"
TMN SRI MEWAH II,KELANG,Klang,3.0272834,101.4649328,scheme,"Taman Sri Mewah 1, Klang City, Klang, Selangor, Malaysia"
"TMN SRI MEWAH, JLN. KG.JAWA, KLG",KELANG,Klang,,,none,
"TMN SRI MEWAH, MERU",KAPAR,Klang,,,none,
TMN SRI MIJAYA,CHERAS,Hulu Langat,,,none,
TMN SRI MIJAYA,HULU LANGAT,Hulu Langat,3.0689996,101.7735362,road,"Jalan Hulu Langat, Taman Mas 1, Kampung Melaka, Cheras, Kajang Municipal Council, Hulu Langat, Selangor, 43100, Malaysia"
TMN SRI MINANG,BANDAR KAJANG,Hulu Langat,3.0583903,101.7496564,scheme,"Taman Sri Bahagia, Jalan Bahagia 1, Taman Sri Bahagia, Bandar Damai Perdana, Cheras, Kajang Municipal Council, Hulu Lang"
"TMN SRI MUDA, SEK. 25 SHAH ALAM",BANDAR SHAH ALAM,Klang,3.0356648,101.5357532,scheme,"Glorious Fight Club Malaysia, Jalan Tekun 25/43, Section 25, Taman Sri Muda, Shah Alam, Klang, Selangor, 40400, Malaysia"
"TMN SRI MUDA, SEK. 25 SHAH ALAM",KAPAR,Klang,3.0356648,101.5357532,scheme,"Glorious Fight Club Malaysia, Jalan Tekun 25/43, Section 25, Taman Sri Muda, Shah Alam, Klang, Selangor, 40400, Malaysia"
"TMN SRI MUDA, SEK. 25 SHAH ALAM",KELANG,Klang,3.0356648,101.5357532,scheme,"Glorious Fight Club Malaysia, Jalan Tekun 25/43, Section 25, Taman Sri Muda, Shah Alam, Klang, Selangor, 40400, Malaysia"
"TMN SRI MUDA, SEK. 25, SHAH ALAM",BANDAR SHAH ALAM,Klang,3.0356648,101.5357532,scheme,"Glorious Fight Club Malaysia, Jalan Tekun 25/43, Section 25, Taman Sri Muda, Shah Alam, Klang, Selangor, 40400, Malaysia"
"TMN SRI MUDA, SEK. 25, SHAH ALAM",KELANG,Klang,3.0356648,101.5357532,scheme,"Glorious Fight Club Malaysia, Jalan Tekun 25/43, Section 25, Taman Sri Muda, Shah Alam, Klang, Selangor, 40400, Malaysia"
"TMN SRI MUDA, SEK. 25, SHAH ALAM",PEKAN BUKIT KEMUNING,Klang,3.0356648,101.5357532,scheme,"Glorious Fight Club Malaysia, Jalan Tekun 25/43, Section 25, Taman Sri Muda, Shah Alam, Klang, Selangor, 40400, Malaysia"
TMN SRI MUJUR,CHERAS,Hulu Langat,3.0763528,101.7645704,road,"Jalan Sri Mujur 7, Taman Suntex, Cheras, Kajang Municipal Council, Hulu Langat, Selangor, 43200, Malaysia"
TMN SRI MUJUR,PEKAN CHERAS,Hulu Langat,,,none,
TMN SRI MURNI LOW COST FLAT,MUKIM BATU,Kuala Lumpur,,,none,
TMN SRI MURNI MEDIUM COST FLAT,MUKIM BATU,Kuala Lumpur,,,none,
TMN SRI MUTIARA,KAPAR,Klang,,,none,
TMN SRI NANDING,HULU LANGAT,Hulu Langat,3.1009607,101.8046732,scheme,"Taman Sri Nanding, Batu 14 Hulu Langat, Kajang Municipal Council, Hulu Langat, Selangor, 43100, Malaysia"
"TMN SRI NELAYAN, TELOK GONG",KELANG,Klang,,,none,
"TMN SRI ORKID, SEKSYEN 30, SHAH ALAM",KELANG,Klang,,,none,
TMN SRI PANCARAN (JELITA),BATANG BERJUNTAI,Kuala Selangor,3.3768723,101.3963581,scheme,"Taman Sri Cahaya, Jalan Rawang, Taman Pancaran, Kampung Jawa Selangor, Bestari Jaya, Kuala Selangor, Selangor, 45600, Ma"
TMN SRI PANDIAN,MUKIM PETALING,Kuala Lumpur,,,none,
TMN SRI PANGLIMA,TELOK PANGLIMA GARANG,Kuala Langat,,,none,
TMN SRI PEKAN (RMH MURAH BATU BELAH),KAPAR,Klang,3.0803423,101.4471577,scheme,"Taman Sri Pekan, Jalan Cendana 1, Taman Seri Pekan, Klang City, Klang, Selangor, 41050, Malaysia"
"TMN SRI PELANGI, BUKIT NAGA (P/L 3030)",KELANG,Klang,,,none,
"TMN SRI PELANGI, JLN SG RABA",BANDAR,Kuala Langat,,,none,
TMN SRI PERMAI,PEKAN JERAM,Kuala Selangor,,,none,
TMN SRI PERTAMA,PEKAN KUALA SUNGAI BULUH,Kuala Selangor,,,none,
TMN SRI PESONA/SERI PELABUHAN,BANDAR KELANG,Klang,,,none,
TMN SRI PESONA/SERI PELABUHAN,KELANG,Klang,3.0263956,101.4218541,road,"Lorong Tenggiri 1A, Taman Sri Pelabuhan Klang, Pandamaran, Port Klang, Klang City, Klang, Selangor, 42000, Malaysia"
TMN SRI PUCHONG,PEKAN DESA PUCHONG,Petaling,3.0253795,101.6079655,scheme,"Taman Sri Puchong, Puchong, Subang Jaya City Council, Petaling, Selangor, Malaysia"
TMN SRI PUCHONG,PEKAN SERDANG,Petaling,3.0253795,101.6079655,scheme,"Taman Sri Puchong, Puchong, Subang Jaya City Council, Petaling, Selangor, Malaysia"
TMN SRI PURNAMA,BATANG BERJUNTAI,Kuala Selangor,3.3881729,101.4392288,road,"Jalan Sri Purnama 4A1, Kampung Sungai Darat, Bestari Jaya, Kuala Selangor, Selangor, 45600, Malaysia"
"TMN SRI PUTERI, MERU",PEKAN MERU,Klang,,,none,
TMN SRI PUTRA,BANDAR BANTING,Kuala Langat,,,none,
TMN SRI PUTRA,DENGKIL,Sepang,2.8630078,101.6762267,scheme,"Kastam Diraja Malaysia, Jalan Kristal 2, Taman Baiduri, Kampung Cemperai, Dengkil, Sepang, Selangor, 43800, Malaysia"
TMN SRI PUTRA,KELANANG,Kuala Langat,,,none,
TMN SRI PUTRA,TANJUNG 12,Kuala Langat,,,none,
TMN SRI PUTRI II,KAPAR,Klang,,,none,
TMN SRI PUTRI II,PEKAN MERU,Klang,,,none,
TMN SRI PUTRI II,TANJUNG 12,Kuala Langat,,,none,
TMN SRI RAMAL,KAJANG,Hulu Langat,3.0822923,101.7701173,road,"Jalan Melur, Taman Mudun, Cheras, Kajang Municipal Council, Hulu Langat, Selangor, 43200, Malaysia"
TMN SRI RAMPAI,MUKIM SETAPAK,Kuala Lumpur,3.1915326,101.7292751,scheme,"Taman Sri Rampai (Barat), Jalan Rejang, Taman Sri Rampai, Semarak, Kuala Lumpur, 54100, Malaysia"
TMN SRI RAYA,BANDAR AMPANG,Hulu Langat,3.0648862,101.7720376,scheme,"Taman Sri Raya, Kampung Melaka, Cheras, Kajang Municipal Council, Hulu Langat, Selangor, 43200, Malaysia"
TMN SRI RAYA,BANDAR BATU 9 CHERAS,Hulu Langat,3.0648862,101.7720376,scheme,"Taman Sri Raya, Kampung Melaka, Cheras, Kajang Municipal Council, Hulu Langat, Selangor, 43200, Malaysia"
TMN SRI RAYA,CHERAS,Hulu Langat,3.0648862,101.7720376,scheme,"Taman Sri Raya, Kampung Melaka, Cheras, Kajang Municipal Council, Hulu Langat, Selangor, 43200, Malaysia"
TMN SRI REKO,BANDAR KAJANG,Hulu Langat,2.9792836,101.7882176,scheme,"Taman Sri Reko, Sungai Chua, Kajang Municipal Council, Hulu Langat, Selangor, 43000, Malaysia"
TMN SRI SAGA,BANDAR KAJANG,Hulu Langat,,,none,
TMN SRI SAGA,KELANG,Klang,,,none,
TMN SRI SAGA,PEKAN SG CHUA,Hulu Langat,,,none,
TMN SRI SEGAMBUT,MUKIM BATU,Kuala Lumpur,3.1974579,101.6565073,scheme,"Taman Sri Segambut, Segambut, Kepong, Kuala Lumpur, 52000, Malaysia"
TMN SRI SEMENYIH,SEMENYIH,Hulu Langat,2.9719347,101.8662163,scheme,"Taman Sri Haneco, Semenyih, Kajang Municipal Council, Hulu Langat, Selangor, 43500, Malaysia"
TMN SRI SENTOSA,KELANG,Klang,,,none,
TMN SRI SENTOSA,MUKIM PETALING,Kuala Lumpur,3.0714998,101.6515079,scheme,"Taman Bimbingan Kanak-Kanak, Jalan Seri Sentosa 8, Taman Sri Manja, PJS 3, Petaling Jaya South, Kuala Lumpur, Petaling, "
TMN SRI SENTOSA FASA II,KELANG,Klang,,,none,
TMN SRI SEPUTEH,MUKIM KUALA LUMPUR,Kuala Lumpur,3.1159767,101.702875,scheme,"PY25 Bandar Malaysia Utara (Provisional), Bandar Sri Permaisuri, Seputeh, Kuala Lumpur, Malaysia"
TMN SRI SERDANG,PEKAN SERDANG,Petaling,3.0097032,101.7142901,scheme,"Sri Serdang, Seri Kembangan, Subang Jaya City Council, Petaling, Selangor, Malaysia"
TMN SRI SERDANG,PETALING,Petaling,3.0097032,101.7142901,scheme,"Sri Serdang, Seri Kembangan, Subang Jaya City Council, Petaling, Selangor, Malaysia"
"TMN SRI SERDANG-JLN 1/28,1/35",PETALING,Petaling,,,none,
TMN SRI SG CHUA,BANDAR KAJANG,Hulu Langat,2.9792836,101.7882176,scheme,"Taman Sri Reko, Sungai Chua, Kajang Municipal Council, Hulu Langat, Selangor, 43000, Malaysia"
TMN SRI SG CHUA,KAJANG,Hulu Langat,2.9792836,101.7882176,scheme,"Taman Sri Reko, Sungai Chua, Kajang Municipal Council, Hulu Langat, Selangor, 43000, Malaysia"
TMN SRI SG PELEK,PEKAN SUNGAI PELIK,Sepang,2.6380344,101.708274,scheme,"Taman Sri Sungai Pelek, Sungai Pelek, Sepang, Selangor, 45950, Malaysia"
TMN SRI SG PELEK,SEPANG,Sepang,2.6380344,101.708274,scheme,"Taman Sri Sungai Pelek, Sungai Pelek, Sepang, Selangor, 45950, Malaysia"
TMN SRI SIANTAN,SEPANG,Sepang,2.6443862,101.7200676,scheme,"Taman Sri Siantan, Sungai Pelek, Sepang, Selangor, 45950, Malaysia"
TMN SRI SINAR,MUKIM BATU,Kuala Lumpur,3.1879219,101.6497255,scheme,"Taman Sri Sinar, Segambut, Kepong, Kuala Lumpur, 52000, Malaysia"
TMN SRI SUBANG PJS 10,BDR PETALING JAYA SELATAN,Petaling,3.0783684,101.6083123,scheme,"Taman Sri Subang, PJS 10, Sunway City, Petaling Jaya, Petaling, Selangor, Malaysia"
TMN SRI SUBANG PJS 10,BDR SUNWAY,Petaling,3.0783684,101.6083123,scheme,"Taman Sri Subang, PJS 10, Sunway City, Petaling Jaya, Petaling, Selangor, Malaysia"
TMN SRI SUBANG PJS 10,DAMANSARA,Petaling,3.0783684,101.6083123,scheme,"Taman Sri Subang, PJS 10, Sunway City, Petaling Jaya, Petaling, Selangor, Malaysia"
TMN SRI TANJUNG,BANDAR TANJUNG KARANG,Kuala Selangor,2.6579574,101.5645468,scheme,"Taman Sri Tanjung, Pekan Tanjung Sepat, Kuala Langat, Selangor, 42800, Malaysia"
TMN SRI TANJUNG (P/L 1334),KELANG,Klang,3.0254118,101.4513357,scheme,"Sri Tanjung 1, Jalan Tun Dr. Ismail, Klang City, Klang, Selangor, 41000, Malaysia"
TMN SRI TANJUNG (SEMENYIH),PEKAN SEMENYIH,Hulu Langat,2.9553618,101.8508576,scheme,"Taman Sri Tanjung, Semenyih, Kajang Municipal Council, Hulu Langat, Selangor, 43500, Malaysia"
TMN SRI TANJUNG (SEMENYIH),SEMENYIH,Hulu Langat,2.9553618,101.8508576,scheme,"Taman Sri Tanjung, Semenyih, Kajang Municipal Council, Hulu Langat, Selangor, 43500, Malaysia"
TMN SRI TANMING,PEKAN CHERAS,Hulu Langat,,,none,
TMN SRI TIMAH,KAJANG,Hulu Langat,2.9706412,101.8298668,road,"Jalan 1/12, Kajang Technology City, Semenyih, Kajang Municipal Council, Hulu Langat, Selangor, 43500, Malaysia"
TMN SRI TIRAM,PEKAN KG BARU H TIRAM BURUK,Kuala Selangor,,,none,
TMN SRI TIRAM,TANJUNG KARANG,Kuala Selangor,,,none,
TMN SRI WANGI (P/L 416 & 419),PEKAN KAPAR,Klang,3.0137067,101.4902763,scheme,"Taman Sri Wangi, Section 36, Shah Alam, Klang, Selangor, 40470, Malaysia"
TMN SRI WANGI P/L416&419  OFF JLN KAPAR,PEKAN KAPAR,Klang,,,none,
"TMN SRI WANGI, KAPAR",KAPAR,Klang,,,none,
"TMN SRI WANGI, KAPAR",PEKAN KAPAR,Klang,,,none,
"TMN SRI WANGI, KLANG",KELANG,Klang,3.0137067,101.4902763,scheme,"Taman Sri Wangi, Section 36, Shah Alam, Klang, Selangor, 40470, Malaysia"
"TMN SRI WANGI, SEK. 36",KELANG,Klang,3.0137067,101.4902763,scheme,"Taman Sri Wangi, Section 36, Shah Alam, Klang, Selangor, 40470, Malaysia"
TMN SRI WATAN,AMPANG,Hulu Langat,3.1385673,101.7725359,scheme,"Taman Sri Watan, Kampung Indah Permai, Ampang, Ampang Jaya Municipal Council, Hulu Langat, Selangor, 68000, Malaysia"
TMN SRI WATAN,BANDAR AMPANG,Hulu Langat,3.1385673,101.7725359,scheme,"Taman Sri Watan, Kampung Indah Permai, Ampang, Ampang Jaya Municipal Council, Hulu Langat, Selangor, 68000, Malaysia"
TMN SUBANG BARU,BUKIT RAJA,Petaling,3.153992,101.526366,scheme,"Taman Subang Baru, Section U6, Shah Alam, Petaling, Selangor, Malaysia"
TMN SUBANG INDAH PJS 10,BDR SUNWAY,Petaling,3.0747394,101.5992371,scheme,"Taman Subang Indah, PJS 10, Sunway City, Petaling Jaya, Petaling, Selangor, Malaysia"
TMN SUBANG INDAH PJS 10,DAMANSARA,Petaling,3.0747394,101.5992371,scheme,"Taman Subang Indah, PJS 10, Sunway City, Petaling Jaya, Petaling, Selangor, Malaysia"
TMN SUBANG MEWAH,PEKAN PENAGA,Petaling,3.0479607,101.6032062,scheme,"SRA Taman Subang Mewah, Persiaran Subang Mewah, USJ 1, UEP Subang Jaya, Puchong, Subang Jaya City Council, Petaling, Sel"
TMN SUBANG MEWAH,PEKAN SUBANG JAYA,Petaling,3.0479607,101.6032062,scheme,"SRA Taman Subang Mewah, Persiaran Subang Mewah, USJ 1, UEP Subang Jaya, Puchong, Subang Jaya City Council, Petaling, Sel"
TMN SUBANG MEWAH,PETALING,Petaling,3.0479607,101.6032062,scheme,"SRA Taman Subang Mewah, Persiaran Subang Mewah, USJ 1, UEP Subang Jaya, Puchong, Subang Jaya City Council, Petaling, Sel"
TMN SUBANG PERDANA-JLN DINAR U3/F,PEKAN BARU SUBANG,Petaling,,,none,
TMN SUBANG PERDANA-JLN DINAR U3/F,SUNGAI BULUH,Petaling,,,none,
TMN SUBANG PERDANA-JLN U3,PEKAN BARU SUBANG,Petaling,3.1504312,101.544406,scheme,"Taman Permainan Jalan Dinar, Jalan SP 4/1, Subang Perdana, Section U3, Shah Alam, Petaling, Selangor, 40150, Malaysia"
TMN SUBANG PERDANA-JLN U3,SUNGAI BULUH,Petaling,3.1504312,101.544406,scheme,"Taman Permainan Jalan Dinar, Jalan SP 4/1, Subang Perdana, Section U3, Shah Alam, Petaling, Selangor, 40150, Malaysia"
TMN SUBANG PERMAI,DAMANSARA,Petaling,2.9892208,101.6724868,scheme,"Equine Park, Jalan PP 40, Putra Permai, Subang Jaya City Council, Petaling, Selangor, 62300, Malaysia"
TMN SUBANG PERMAI,PEKAN SUBANG JAYA,Petaling,2.9892208,101.6724868,scheme,"Equine Park, Jalan PP 40, Putra Permai, Subang Jaya City Council, Petaling, Selangor, 62300, Malaysia"
TMN SUET CHOW,MUKIM KUALA LUMPUR,Kuala Lumpur,3.0889152,101.7394297,road,"Jalan Tiram 3, Taman Taynton View, Cheras, Kuala Lumpur, 56100, Malaysia"
TMN SULUH BESTARI,PEKAN BATANG BERJUNTAI,Kuala Selangor,3.3983006,101.4395333,scheme,"Taman Suluh Bestari, Kampung Rantau Panjang, Bestari Jaya, Kuala Selangor, Selangor, Malaysia"
TMN SULUH BUDIMAN (LOCENG MAS),BATANG BERJUNTAI,Kuala Selangor,3.3841996,101.403238,scheme,"Taman Suluh Budiman, Bestari Jaya, Kuala Selangor, Selangor, 45600, Malaysia"
TMN SUMMIT,BANDAR KELANG,Klang,,,none,
"TMN SUNGAI AUR, PEL. KLANG",KELANG,Klang,2.9923819,101.4093515,road,"Lorong Selat Selatan 1, Pendamar Villa, Pandamaran, Port Klang, Klang City, Klang, Selangor, 42000, Malaysia"
TMN SUNGAI BESI INDAH,PEKAN BARU SG BESI,Petaling,3.0297258,101.7257635,scheme,"Taman Sungai Besi Indah, Seri Kembangan, Subang Jaya City Council, Petaling, Selangor, Malaysia"
TMN SUNGAI BESI INDAH,PETALING,Petaling,3.0297258,101.7257635,scheme,"Taman Sungai Besi Indah, Seri Kembangan, Subang Jaya City Council, Petaling, Selangor, Malaysia"
TMN SUNGAI BULOH,API-API,Kuala Selangor,3.2658295,101.3019067,scheme,"Taman Sungai Buloh, Kampung Pasir Tuntong, Sasaran, Kuala Selangor, Selangor, Malaysia"
TMN SUNGAI BULOH,PEKAN KUALA SUNGAI BULUH,Kuala Selangor,3.2658295,101.3019067,scheme,"Taman Sungai Buloh, Kampung Pasir Tuntong, Sasaran, Kuala Selangor, Selangor, Malaysia"
TMN SUNGAI JATI PL 2558,KELANG,Klang,,,none,
TMN SUNGAI KAPAR INDAH,KAPAR,Klang,3.1005304,101.3685898,scheme,"Taman Sungai Kapar Indah (Barat), Jalan Kapar, Kapar, Klang City, Klang, Selangor, 42200, Malaysia"
TMN SUNGAI KLANG PL 2505 AND 6624,KELANG,Klang,,,none,
TMN SUNGAI MAKMUR,BANDAR KELANG,Klang,,,none,
TMN SUNGAI MAKMUR,KELANG,Klang,,,none,
TMN SUNGAI PINANG - P/L 869 & 868,KAPAR,Klang,,,none,
TMN SUNGAI PINANG PL 72077,KAPAR,Klang,2.9553388,101.3382485,scheme,"Taman Sungai Pinang, Kampung Sungai Pinang, Klang City, Klang, Selangor, Malaysia"
TMN SUNGAI PINANG PL 72077,KELANG,Klang,2.9553388,101.3382485,scheme,"Taman Sungai Pinang, Kampung Sungai Pinang, Klang City, Klang, Selangor, Malaysia"
"TMN SUNGAI PINANG, KAPAR",KAPAR,Klang,,,none,
TMN SUNGAI SEMBILANG,JERAM,Kuala Selangor,3.192686,101.3160008,scheme,"Taman Sungai Sembilang, Sungai Sembilang, Kuala Selangor, Selangor, Malaysia"
TMN SUNGAI SERDANG PERMAI,KAPAR,Klang,,,none,
TMN SUNGAI SIREH,KELANG,Klang,,,none,
TMN SUNGAI UDANG,KELANG,Klang,,,none,
TMN SUNGAI YU INDAH,HUJUNG PERMATANG,Kuala Selangor,3.3673826,101.2227531,scheme,"Taman Sungai Yu Indah, Tanjong Karang, Kuala Selangor, Selangor, 45500, Malaysia"
TMN SUNGAI YU INDAH,UJONG PERMATANG,Kuala Selangor,3.3673826,101.2227531,scheme,"Taman Sungai Yu Indah, Tanjong Karang, Kuala Selangor, Selangor, 45500, Malaysia"
TMN SUNTEX,CHERAS,Hulu Langat,3.0717131,101.7633526,scheme,"Taman Suntex, Linkway to You City III, You City Retail, Cheras, Kajang Municipal Council, Hulu Langat, Selangor, 43200, "
TMN SUNVILLE,CHERAS,Hulu Langat,,,none,
TMN SUNWAY SEMENYIH,SEMENYIH,Hulu Langat,2.9725949,101.8452799,road,"Jalan Sunway 6/2A, Bandar Sunway Semenyih, Semenyih, Kajang Municipal Council, Hulu Langat, Selangor, 43500, Malaysia"
TMN SUPREME,MUKIM KUALA LUMPUR,Kuala Lumpur,3.0987674,101.748304,scheme,"Taman Supreme, Taman Cheras, Cheras, Kuala Lumpur, 56100, Malaysia"
TMN SURIA BESTARI,PEKAN BATANG BERJUNTAI,Kuala Selangor,3.3762079,101.4124686,scheme,"Taman Suria, Bestari Jaya, Kuala Selangor, Selangor, Malaysia"
TMN SURIA INDAH,PEKAN TANJUNG KARANG,Kuala Selangor,,,none,
TMN SURIA JAYA,CHERAS,Hulu Langat,3.0642998,101.7518772,scheme,"Taman Suria Jaya, Cheras, Kajang Municipal Council, Hulu Langat, Selangor, 43200, Malaysia"
TMN SURIA JAYA,PEKAN CHERAS,Hulu Langat,3.0642998,101.7518772,scheme,"Taman Suria Jaya, Cheras, Kajang Municipal Council, Hulu Langat, Selangor, 43200, Malaysia"
TMN SURIA PENDAMAR,PEKAN PENDAMARAN,Klang,,,none,
TMN SURIA RESIDEN,HULU LANGAT,Hulu Langat,3.0798393,101.7765941,road,"Jalan Suria Residen 1/1, Cheras, Kajang Municipal Council, Hulu Langat, Selangor, 56000, Malaysia"
TMN SURIA SAUJANA,KAJANG,Hulu Langat,3.01546,101.8106375,road,"Jalan Saujana Suria 5, Taman Puncak Saujana, Kajang Municipal Council, Hulu Langat, Selangor, 43000, Malaysia"
TMN SURIA TROPIKA,DENGKIL,Sepang,2.9750907,101.6787927,scheme,"Taman Suria Tropika, Sepang, Selangor, Malaysia"
TMN SURIA WARISAN,PEKAN BARU SALAK TINGGI,Sepang,,,none,
"TMN SURIA, BESTARI JAYA",BATANG BERJUNTAI,Kuala Selangor,3.3762079,101.4124686,scheme,"Taman Suria, Bestari Jaya, Kuala Selangor, Selangor, Malaysia"
"TMN SURIA, BESTARI JAYA",PEKAN BATANG BERJUNTAI,Kuala Selangor,3.3762079,101.4124686,scheme,"Taman Suria, Bestari Jaya, Kuala Selangor, Selangor, Malaysia"
TMN SUTERA (KAJANG),KAJANG,Hulu Langat,3.008582,101.7594727,scheme,"Taman Sutera 3, Cheras, Kajang Municipal Council, Hulu Langat, Selangor, 43000, Malaysia"
TMN SUTERA (KAJANG),PEKAN KAJANG,Hulu Langat,3.008582,101.7594727,scheme,"Taman Sutera 3, Cheras, Kajang Municipal Council, Hulu Langat, Selangor, 43000, Malaysia"
TMN SUTERA MAS,BANDAR BARU BANGI,Hulu Langat,,,none,
TMN TAMING EMAS,BANDAR BARU BANGI,Hulu Langat,2.985951,101.7842504,scheme,"Taman Taming Emas, Kampung Kwan Tung Baru, Kajang Municipal Council, Hulu Langat, Selangor, 43000, Malaysia"
TMN TAMING INDAH,CHERAS,Hulu Langat,3.0422248,101.8040973,scheme,"Taman Taming Indah 2, Bandar Mahkota Cheras, Kajang Municipal Council, Hulu Langat, Selangor, 43000, Malaysia"
TMN TAMING INDAH 2,CHERAS,Hulu Langat,3.0422248,101.8040973,scheme,"Taman Taming Indah 2, Bandar Mahkota Cheras, Kajang Municipal Council, Hulu Langat, Selangor, 43000, Malaysia"
TMN TAMING JAYA,KAJANG,Hulu Langat,3.0245431,101.7414556,scheme,"Taman Taming Jaya, Balakong, Cheras, Kajang Municipal Council, Hulu Langat, Selangor, Malaysia"
TMN TAMING JAYA,PEKAN KAJANG,Hulu Langat,3.0245431,101.7414556,scheme,"Taman Taming Jaya, Balakong, Cheras, Kajang Municipal Council, Hulu Langat, Selangor, Malaysia"
TMN TAMING MAJU,PEKAN KAJANG,Hulu Langat,3.0166727,101.759377,scheme,"Taman Taming Maju, Balakong, Cheras, Kajang Municipal Council, Hulu Langat, Selangor, Malaysia"
TMN TAMING MUTIARA,CHERAS,Hulu Langat,3.0563717,101.805534,road,"Jalan Taming Mutiara 3, Taming Mutiara, Bandar Mahkota Cheras, Kajang Municipal Council, Hulu Langat, Selangor, 43000, M"
TMN TAMING SETIA,CHERAS,Hulu Langat,,,none,
TMN TAN YEW LAI,MUKIM PETALING,Kuala Lumpur,3.0722264,101.6628554,scheme,"Taman Tan Yew Lai, Overseas Union Garden, Kuala Lumpur, Malaysia"
TMN TANAH EMAS,BANDAR JENJARUM/SG JARUM,Kuala Langat,,,none,
TMN TANJONG KARANG,TANJUNG KARANG,Kuala Selangor,3.3673826,101.2227531,scheme,"Taman Sungai Yu Indah, Tanjong Karang, Kuala Selangor, Selangor, 45500, Malaysia"
TMN TANMING IMPIAN,BANDAR KAJANG,Hulu Langat,,,none,
TMN TANMING MAJU,PEKAN KAJANG,Hulu Langat,,,none,
TMN TANMING RIA,KAJANG,Hulu Langat,3.0220787,101.7460405,road,"Jalan Taming Ria 3, Taman Taming Ria, Balakong, Cheras, Kajang Municipal Council, Hulu Langat, Selangor, 43300, Malaysia"
TMN TANMING RIA,PEKAN KAJANG,Hulu Langat,,,none,
TMN TASIK DAMAI,MUKIM PETALING,Kuala Lumpur,3.0572678,101.7087922,scheme,"meadows + glades, Sungai Besi, Kuala Lumpur, Malaysia"
TMN TASIK PUCHONG,DENGKIL,Sepang,2.9670389,101.6091182,scheme,"Taman Tasik Puchong, Sepang, Selangor, Malaysia"
TMN TASIK SEMENYIH,SEMENYIH,Hulu Langat,2.9494422,101.8719289,scheme,"Taman Tasik Semenyih, Semenyih, Kajang Municipal Council, Hulu Langat, Selangor, 43500, Malaysia"
TMN TASIK SEMENYIH PERMAI,SEMENYIH,Hulu Langat,,,none,
TMN TASIK SG. CHUA,BANDAR KAJANG,Hulu Langat,2.9937492,101.7726267,scheme,"Pangsapuri Taman Tasik SG Chua (Opp), Jalan Bukit Angkat, Kampung Bukit Angkat, Kajang Municipal Council, Hulu Langat, S"
TMN TEKNIK JAYA,KELANG,Klang,,,none,
TMN TELOK,BANDAR TELOK PANGLIMA GARANG,Kuala Langat,2.9033588,101.4682265,scheme,"Taman TelokBulatan Telok Panglima Garang, Teluk Panglima Garang, Kuala Langat, Selangor, 42600, Malaysia"
TMN TELOK,PEKAN TELUK,Kuala Langat,2.9033588,101.4682265,scheme,"Taman TelokBulatan Telok Panglima Garang, Teluk Panglima Garang, Kuala Langat, Selangor, 42600, Malaysia"
TMN TELOK,TELOK PANGLIMA GARANG,Kuala Langat,2.9053828,101.4670316,scheme,"Jalan Taman Halijahton, Taman TelokBulatan Telok Panglima Garang, Teluk Panglima Garang, Kuala Langat, Selangor, 42600, "
TMN TELOK INDAH,TELOK PANGLIMA GARANG,Kuala Langat,,,none,
"TMN TELOK KAPAS,RANTAU PANJANG",KAPAR,Klang,,,none,
TMN TELOK MOLEK,PEKAN TELUK,Kuala Langat,,,none,
TMN TELOK MOLEK,TELOK PANGLIMA GARANG,Kuala Langat,2.9027008,101.4711422,road,"Jalan Dendang 38, Taman TelokBulatan Telok Panglima Garang, Teluk Panglima Garang, Kuala Langat, Selangor, 42600, Malays"
TMN TELOK PULAI,BANDAR KELANG,Klang,2.9861917,101.4312907,road,"Jalan Akasia 8, Akasia Precinct, Bandar Botanic, Port Klang, Klang City, Klang, Selangor, 41200, Malaysia"
TMN TELOK PULAI,KELANG,Klang,,,none,
TMN TELUK GEDONG INDAH,KELANG,Klang,2.9812204,101.4019826,road,"Jalan Sama Gagah 20, Taman Teluk Gedung Indah, Kampung Nelayan Telok Gong, Klang City, Klang, Selangor, 42009, Malaysia"
TMN TELUK PULAI,BANDAR KELANG,Klang,3.0421803,101.4282037,scheme,"Taman Teluk Pulai, Jalan Pulai, Teluk Pulai, Klang City, Klang, Selangor, 41400, Malaysia"
TMN TELUK PULAI,KELANG,Klang,3.0321246,101.4261598,scheme,"Nichiren Shoshu Malaysia Propagation Centre, Jalan Hilir, Taman Gembira, Teluk Pulai, Port Klang, Klang City, Klang, Sel"
TMN TELUK PULAI INDAH,BANDAR KELANG,Klang,3.0250682,101.4393111,scheme,"Taman Petaling Indah, Persiaran Seraya, Taman Petaling Indah, Teluk Pulai, Klang City, Klang, Selangor, 41200, Malaysia"
TMN TELUK PULAI INDAH,KELANG,Klang,3.0250682,101.4393111,scheme,"Taman Petaling Indah, Persiaran Seraya, Taman Petaling Indah, Teluk Pulai, Klang City, Klang, Selangor, 41200, Malaysia"
TMN TEMENGGUNG,BANDAR KUALA SELANGOR,Kuala Selangor,3.0072974,101.4784563,scheme,"Taman Sentosa Police Station, 25, Jalan Temenggung 1, Taman Sentosa Perdana, Bandar Sentosa, Kuala Lumpur, Klang, Selang"
TMN TEMPUA @ MAJUMASJAYA,PEKAN ASAM JAWA,Kuala Selangor,,,none,
TMN TENAGA,BANDAR KAJANG,Hulu Langat,2.9591702,101.7893277,scheme,"Taman Tenaga, Kajang 2, Kajang Municipal Council, Hulu Langat, Selangor, 43650, Malaysia"
TMN TENAGA,KAJANG,Hulu Langat,2.9591702,101.7893277,scheme,"Taman Tenaga, Kajang 2, Kajang Municipal Council, Hulu Langat, Selangor, 43650, Malaysia"
TMN TENAGA,MUKIM KUALA LUMPUR,Kuala Lumpur,3.112191,101.7257983,scheme,"Taman Tenaga, Pudu Ulu, Cheras, Kuala Lumpur, 55300, Malaysia"
TMN TENAGA BAKTI (P/L 7230),KAPAR,Klang,,,none,
"TMN TENAGA, PUCHONG",PETALING,Petaling,3.0550532,101.6293795,scheme,"Taman Tenaga, Bukit Tandang, Puchong, Subang Jaya City Council, Petaling, Selangor, Malaysia"
TMN TENGKU BENDAHARA AZMAN SHAH,PEKAN PORT SWETTENHAM,Klang,,,none,
TMN TENTERAM(PEKAN SG PELEK),PEKAN SUNGAI PELIK,Sepang,2.6384894,101.7123267,scheme,"Taman Tenteram, Sungai Pelek, Sepang, Selangor, 45950, Malaysia"
TMN TEPI SUNGAI,BANDAR KELANG,Klang,3.0464085,101.433926,scheme,"Komersial Taman teluk Pulai, Jalan Tepi Sungai, Taman Melawis, Kampung Atap, Klang City, Klang, Selangor, 41400, Malaysi"
TMN TEPI SUNGAI,KELANG,Klang,3.0464085,101.433926,scheme,"Komersial Taman teluk Pulai, Jalan Tepi Sungai, Taman Melawis, Kampung Atap, Klang City, Klang, Selangor, 41400, Malaysi"
TMN TERATAI,KAPAR,Klang,2.9661897,101.5566609,scheme,"Taman Teratai 1, Kampung Lombong, Shah Alam, Klang, Selangor, Malaysia"
TMN TERATAI (R/M BBST),BARU BARU SALAK TINGGI,Sepang,2.812492,101.740796,scheme,"Taman Teratai, Kampung Giching Hulu, Bandar Baru Salak Tinggi, Sepang, Selangor, 43900, Malaysia"
TMN TERATAI IDAMAN,KAJANG,Hulu Langat,2.9764763,101.7628962,scheme,"Taman Teratai Idaman, Kampung Sungai Ramal Dalam, Kajang Municipal Council, Hulu Langat, Selangor, Malaysia"
TMN TERATAI MEWAH,MUKIM SETAPAK,Kuala Lumpur,3.2030561,101.7111463,scheme,"Teratai Mewah Condominium, Setapak, Kampung Padang Balang, Kuala Lumpur, Malaysia"
TMN TG KARANG,TANJUNG KARANG,Kuala Selangor,3.3673826,101.2227531,scheme,"Taman Sungai Yu Indah, Tanjong Karang, Kuala Selangor, Selangor, 45500, Malaysia"
TMN TIARA EAST (SEMENYIH),SEMENYIH,Hulu Langat,2.9476087,101.8548015,road,"Jalan TE 4, Semenyih, Kajang Municipal Council, Hulu Langat, Selangor, 43500, Malaysia"
TMN TIARA SOUTH (SEMENYIH),SEMENYIH,Hulu Langat,2.9302063,101.8424076,road,"Jalan Tiara South 2, Bandar Rinching, Semenyih, Kajang Municipal Council, Hulu Langat, Selangor, 43700, Malaysia"
TMN TIMAH,PEKAN DENGKIL,Sepang,2.858867,101.6749104,scheme,"Taman Timah, Kampung Cemperai, Dengkil, Sepang, Selangor, Malaysia"
TMN TIMURAN (S/L 2416),KAPAR,Klang,,,none,
TMN TITIWANGSA,HULU LANGAT,Hulu Langat,3.1151921,101.8261563,road,"Jalan 1, Kampung Sungai Semungkis, Batu 14 Hulu Langat, Kajang Municipal Council, Hulu Langat, Selangor, 43100, Malaysia"
TMN TOK MUDA,KAPAR,Klang,,,none,
TMN TOK MUDA BAHAGIA,KAPAR,Klang,,,none,
TMN TOK MUDA P/L 4346,KAPAR,Klang,3.1426604,101.3425018,road,"Jalan Sagu 6A/KU14, Kapar, Klang City, Klang, Selangor, 42200, Malaysia"
TMN TOK MUDA SEJAHTERA,KAPAR,Klang,,,none,
TMN TOPEZ,DENGKIL,Sepang,,,none,
TMN TROPICANA CHERAS,CHERAS,Hulu Langat,3.0289844,101.788976,road,"Jalan Tropicana Cheras 1, Tropicana Cheras, Cheras, Kajang Municipal Council, Hulu Langat, Selangor, 43200, Malaysia"
TMN TROPIKA,PEKAN KG SUNGAI TANGKAS,Hulu Langat,3.0759454,101.7862521,scheme,"Taman Tropika Langat, Kampung Melaka, Kampung Bukit Raya, Kajang Municipal Council, Hulu Langat, Selangor, Malaysia"
TMN TTDI GROVE KAJANG,BANDAR KAJANG,Hulu Langat,,,none,
TMN TTDI GROVE KAJANG,KAJANG,Hulu Langat,2.9987454,101.810566,road,"Jalan TTDI Grove 2/1A, TTDI Grove, Kajang Municipal Council, Hulu Langat, Selangor, 43000, Malaysia"
TMN TTDI GROVE SEMENYIH,SEMENYIH,Hulu Langat,,,none,
TMN TUN DR ISMAIL,MUKIM KUALA LUMPUR,Kuala Lumpur,3.1361414,101.6307373,scheme,"Taman Tun Dr Ismail, Jalan Damansara, Kuala Lumpur, 60000, Malaysia"
TMN TUN PERAK,PEKAN CHERAS,Hulu Langat,3.0625706,101.7584127,scheme,"Taman Tun Perak, Cheras, Kajang Municipal Council, Hulu Langat, Selangor, 43200, Malaysia"
TMN TUN PERAK,PEKAN KAJANG,Hulu Langat,3.0625706,101.7584127,scheme,"Taman Tun Perak, Cheras, Kajang Municipal Council, Hulu Langat, Selangor, 43200, Malaysia"
TMN UDA JAYA,AMPANG,Hulu Langat,3.1543433,101.7677978,scheme,"Taman Uda Jaya, Jalan Dedap, Ampang, Ampang Jaya Municipal Council, Hulu Langat, Selangor, 68000, Malaysia"
TMN UDANG CENDANA,KELANG,Klang,,,none,
TMN UDANG KUNING,KELANG,Klang,,,none,
TMN ULU TIRAM JAYA (P/L 19931),TANJONG KARANG,Kuala Selangor,,,none,
TMN ULU TIRAM JAYA (P/L 19931),TANJUNG KARANG,Kuala Selangor,,,none,
TMN UNIVERSITI,KAJANG,Hulu Langat,2.9436616,101.7958968,scheme,"Taman Universiti, Kampung Sungai Tangkas, Kajang Municipal Council, Hulu Langat, Selangor, 43650, Malaysia"
TMN UNIVERSITI,PEKAN KG SUNGAI TANGKAS,Hulu Langat,2.9436616,101.7958968,scheme,"Taman Universiti, Kampung Sungai Tangkas, Kajang Municipal Council, Hulu Langat, Selangor, 43650, Malaysia"
TMN UNIVERSITI INDAH,PEKAN SERDANG,Petaling,3.0073642,101.6910636,scheme,"Taman Universiti Indah, Seri Kembangan, Subang Jaya City Council, Petaling, Selangor, Malaysia"
TMN UNIVERSITI INDAH,PETALING,Petaling,3.0073642,101.6910636,scheme,"Taman Universiti Indah, Seri Kembangan, Subang Jaya City Council, Petaling, Selangor, Malaysia"
TMN VILLA TROPIKA,PEKAN KG SUNGAI TANGKAS,Hulu Langat,,,none,
TMN VISTA EMAS,PEKAN KG SUNGAI TANGKAS,Hulu Langat,2.9463206,101.7960751,scheme,"Playground Taman Vista Emas, Jalan Vista Emas 4A, Taman Universiti, Kampung Sungai Tangkas, Kajang Municipal Council, Hu"
TMN VISTA HILL,CHERAS,Hulu Langat,3.0435127,101.7819223,road,"Jalan Mahkota 10, Cheras, Kajang Municipal Council, Hulu Langat, Selangor, 43200, Malaysia"
TMN WAHYU,MUKIM BATU,Kuala Lumpur,3.2144933,101.6721874,scheme,"Taman Wahyu, Jalan Ipoh, Taman Wahyu, Batu, Kuala Lumpur, 51200, Malaysia"
"TMN WANGI, KLANG (TEPI SUNGAI)",BANDAR KELANG,Klang,3.1307934,101.3737741,scheme,"Taman Seri Wangi, Kapar, Klang City, Klang, Selangor, Malaysia"
"TMN WANGI, KLANG (TEPI SUNGAI)",KELANG,Klang,3.1307934,101.3737741,scheme,"Taman Seri Wangi, Kapar, Klang City, Klang, Selangor, Malaysia"
"TMN WANGI, PEKAN KAPAR",PEKAN KAPAR,Klang,,,none,
"TMN WANGI, SEKSYEN 25",KELANG,Klang,,,none,
TMN WANGSA,HULU LANGAT,Hulu Langat,3.0843552,101.7698339,scheme,"Taman Wangsa Cheras, Taman Segar Perdana, Cheras, Kajang Municipal Council, Hulu Langat, Selangor, Malaysia"
TMN WANGSA (P/L 10445),KELANG,Klang,3.1868674,101.7691246,scheme,"Taman Wangsa Ukay, Bukit Antarabangsa, Ulu Kelang, Ampang Jaya Municipal Council, Gombak, Selangor, Malaysia"
TMN WANGSA 2 (P/L 10493 & 10475),KELANG,Klang,3.1868674,101.7691246,scheme,"Taman Wangsa Ukay, Bukit Antarabangsa, Ulu Kelang, Ampang Jaya Municipal Council, Gombak, Selangor, Malaysia"
TMN WANGSA BAIDURI,BANDAR SUBANG JAYA,Petaling,3.0795382,101.5989844,scheme,"Taman Wangsa Baiduri, SS 12, Pusat Bandar Subang Jaya, Subang Jaya City Council, Petaling, Selangor, Malaysia"
TMN WANGSA BAIDURI,BDR SUNWAY,Petaling,3.0795382,101.5989844,scheme,"Taman Wangsa Baiduri, SS 12, Pusat Bandar Subang Jaya, Subang Jaya City Council, Petaling, Selangor, Malaysia"
TMN WANGSA BAIDURI,DAMANSARA,Petaling,3.0795382,101.5989844,scheme,"Taman Wangsa Baiduri, SS 12, Pusat Bandar Subang Jaya, Subang Jaya City Council, Petaling, Selangor, Malaysia"
"TMN WANGSA, P/L 10445",KELANG,Klang,,,none,
TMN WARISAN (P/L 965),BANDAR KUALA SELANGOR,Kuala Selangor,3.3309465,101.2578527,scheme,"Taman Warisan, Bandar Malawati, Kuala Selangor, Selangor, 45000, Malaysia"
TMN WARISAN BAYU,DENGKIL,Sepang,2.8229473,101.6892555,scheme,"Taman Warisan Bayu, Sepang, Selangor, Malaysia"
TMN WARISAN HIJAUAN,DENGKIL,Sepang,2.8747271,101.6551175,road,"Jalan CW 1, Casa Wood, KITA @ Cybersouth, Cybersouth City, Dengkil, Sepang, Selangor, 62200, Malaysia"
TMN WARISAN KOTA (P/L 3200),KELANG,Klang,,,none,
TMN WARISAN PUTRA,DENGKIL,Sepang,2.8786781,101.6981582,road,"Jalan Banting-Semenyih, Kampung Semarang, Dengkil, Sepang, Selangor, 43800, Malaysia"
TMN WAWASAN,HULU LANGAT,Hulu Langat,3.1215801,101.8089805,scheme,"Taman Wawasan, Batu 14 Hulu Langat, Kajang Municipal Council, Hulu Langat, Selangor, Malaysia"
"TMN WAWASAN, TANJUNG KARANG",BANDAR TANJUNG KARANG,Kuala Selangor,,,none,
TMN WILAYAH SELAYANG,MUKIM BATU,Kuala Lumpur,3.2336417,101.6470735,scheme,"Jalan Taman Intan Baiduri, Taman Intan Baiduri, Batu Caves, Kuala Lumpur, Gombak, Selangor, 52100, Malaysia"
TMN WIRA MUTIARA,CHERAS,Hulu Langat,3.0573602,101.8067607,road,"Jalan Wira Mutiara, Wira Mutiara, Bandar Mahkota Cheras, Kajang Municipal Council, Hulu Langat, Selangor, 43000, Malaysi"
TMN WIRA SRI ANDALAS,KELANG,Klang,,,none,
"TMN WIRA, PEKAN MERU",KAPAR,Klang,,,none,
"TMN WIRA, PEKAN MERU",PEKAN MERU,Klang,,,none,
TMN YAKIN (P/L 2898),KELANG,Klang,,,none,
TMN YAKIN (SUB LOT 2898),KELANG,Klang,,,none,
TMN YANG MING,BATANG BERJUNTAI,Kuala Selangor,3.3799161,101.4032269,scheme,"Taman Yang Ming, Bestari Jaya, Kuala Selangor, Selangor, 45600, Malaysia"
TMN YARL,MUKIM PETALING,Kuala Lumpur,3.0721447,101.6680804,scheme,"Taman Yarl, Overseas Union Garden, Kuala Lumpur, Malaysia"
TMN YAYASAN,BANDAR JENJARUM/SG JARUM,Kuala Langat,2.8671686,101.4937043,scheme,"Taman Yayasan, Jenjarom, Kuala Langat, Selangor, 42600, Malaysia"
TMN YAYASAN,PEKAN JENJAROM,Kuala Langat,2.8671686,101.4937043,scheme,"Taman Yayasan, Jenjarom, Kuala Langat, Selangor, 42600, Malaysia"
TMN YAYASAN,TANJUNG 12,Kuala Langat,2.8671686,101.4937043,scheme,"Taman Yayasan, Jenjarom, Kuala Langat, Selangor, 42600, Malaysia"
"TMN YAYASAN, KUALA SELANGOR",BANDAR KUALA SELANGOR,Kuala Selangor,3.3273796,101.2530604,scheme,"Taman Yayasan, Bandar Malawati, Kuala Selangor, Selangor, Malaysia"
TMN YU,PEKAN KUALA SUNGAI BULUH,Kuala Selangor,3.261902,101.3025698,scheme,"Taman Yu, Sasaran, Kuala Selangor, Selangor, Malaysia"
TMN ZAMRUD,BANDAR KAJANG,Hulu Langat,2.9871169,101.8032003,scheme,"Taman Zamrud, Kajang Municipal Council, Hulu Langat, Selangor, Malaysia"
TMN ZAMRUD,KAJANG,Hulu Langat,2.9871169,101.8032003,scheme,"Taman Zamrud, Kajang Municipal Council, Hulu Langat, Selangor, Malaysia"
TMN ZEN PARK,CHERAS,Hulu Langat,3.0807357,101.7509547,scheme,"Cheras Zen Park, Cheras, Kajang Municipal Council, Hulu Langat, Selangor, 43200, Malaysia"
TMN ZEN PARK,PEKAN CHERAS,Hulu Langat,3.0807357,101.7509547,scheme,"Cheras Zen Park, Cheras, Kajang Municipal Council, Hulu Langat, Selangor, 43200, Malaysia"
TMN. BATU UNTUNG,BATU (KUALA LANGAT),Kuala Langat,2.6898212,101.5042228,road,"Jalan Batu Untung, Kampung Batu Laut, Kuala Langat, Selangor, Malaysia"
TMN. DAMAI INDAH,PEKAN SIMPANG MORIB,Kuala Langat,2.7798791,101.4649186,scheme,"Taman Damai Indah, Simpang Morib, Banting, Kuala Langat, Selangor, Malaysia"
TMN. JUGRA JAYA,BANDAR,Kuala Langat,2.8207493,101.4495521,scheme,"Taman Jugra Jaya, Kampung Seri Jugra, Sungai Raba, Kuala Langat, Selangor, Malaysia"
TMN. KANCHONG LAUT,MORIB,Kuala Langat,2.7098191,101.4644269,scheme,"Taman Kanchong Laut, Jalan Banting - Port Dickson, Kanchong Laut, Banting, Kuala Langat, Selangor, Malaysia"
"TMN. MESRA, KANCHONG DARAT",PEKAN BUKIT CHANGGANG,Kuala Langat,,,none,
TMN. PELANGI BARU,BANDAR TANJUNG SEPAT,Kuala Langat,,,none,
"TMN. PELANGI, TG. SEPAT",BANDAR TANJUNG SEPAT,Kuala Langat,2.6608198,101.5520961,scheme,"Taman Pelangi, Pekan Tanjung Sepat, Kuala Langat, Selangor, 42800, Malaysia"
TMN. PERMAI JAYA,BANDAR,Kuala Langat,,,none,
TMN. SRI DESA,PEKAN TONGKAH,Kuala Langat,,,none,
TMN. SRI KUNDANG,BATU (KUALA LANGAT),Kuala Langat,2.6865065,101.5291482,road,"Jalan Batu 37 Kundang, Kampung Batu Laut, Kuala Langat, Selangor, 42800, Malaysia"
TMN. SRI MAJU (P/L 3696),TANJUNG 12,Kuala Langat,,,none,
TMN. SRI MAJU (P/L 427),BANDAR TANJUNG SEPAT,Kuala Langat,,,none,
TMN. SRI MUHIBBAH,KELANANG,Kuala Langat,2.8011899,101.4465315,road,"Jalan Muhibah, Taman Seri Muhibbah, Kampung Kelanang, Kuala Langat, Selangor, 42960, Malaysia"
TMN. SRI MUHIBBAH,PEKAN KELANANG BT 6,Kuala Langat,,,none,
TMN. SRI SAWAH,BANDAR,Kuala Langat,2.8655025,101.4583845,scheme,"Taman Sri Sawah, Kampung Sawah, Banting, Kuala Langat, Selangor, Malaysia"
TMN. TANJUNG,BANDAR TANJUNG SEPAT,Kuala Langat,2.6579574,101.5645468,scheme,"Taman Sri Tanjung, Pekan Tanjung Sepat, Kuala Langat, Selangor, 42800, Malaysia"
TMN. TANJUNG,BATU (KUALA LANGAT),Kuala Langat,2.6579574,101.5645468,scheme,"Taman Sri Tanjung, Pekan Tanjung Sepat, Kuala Langat, Selangor, 42800, Malaysia"
TONG LEE MANSION,KUALA LUMPUR TOWN CENTRE,Kuala Lumpur,,,none,
TONG NAM BUILDING,KUALA LUMPUR TOWN CENTRE,Kuala Lumpur,,,none,
TONG SOON MANSION,KUALA LUMPUR TOWN CENTRE,Kuala Lumpur,3.1279182,101.686028,scheme,"Tong Soon Mansion, Brickfields, Kuala Lumpur, Malaysia"
TONG WENG MANSION,KUALA LUMPUR TOWN CENTRE,Kuala Lumpur,3.1278826,101.6878247,scheme,"Tong Weng Mansion, Jalan Berhala, Brickfields, Kuala Lumpur, 50470, Malaysia"
TONG YIK MANSION,KUALA LUMPUR TOWN CENTRE,Kuala Lumpur,,,none,
TRIA SEPUTEH RESIDENCES,KUALA LUMPUR TOWN CENTRE,Kuala Lumpur,,,none,
TRICOURT (TAMAN SRI SENTOSA ),MUKIM PETALING,Kuala Lumpur,3.0712802,101.6514757,scheme,"1K Tricourt (Opp), Jalan Seri Sentosa 8, Taman Sri Manja, PJS 3, Petaling Jaya South, Kuala Lumpur, Petaling, Selangor, "
TRIFOLIA @ SG. JATI,KELANG,Klang,,,none,
TRILLIUM @ PERDANA LAKEVIEW EAST,DENGKIL,Sepang,,,none,
TRINITY AQUATA,MUKIM PETALING,Kuala Lumpur,3.0793019,101.7041544,scheme,"Trinity Aquata, 2, Bandar Tun Razak, Salak South, Kuala Lumpur, 57100, Malaysia"
TRINITY LEMANJA,MUKIM BATU,Kuala Lumpur,3.2093557,101.6386096,scheme,"Trinity Lemanja, Jalan Kuang Bertam 9, Taman Kepong, Kepong, Kuala Lumpur, 52100, Malaysia"
TRINITY PENTAMONT MONT KIARA,MUKIM BATU,Kuala Lumpur,3.170757,101.6484468,scheme,"Trinity Pentamont, Mont Kiara, Kuala Lumpur, Malaysia"
TROPICANA CITY (BUKIT ANTARABANGSA),BANDAR HULU KELANG,Gombak,,,none,
TROPICANA GOLF & COUNTRY CLUB,BDR DAMANSARA,Petaling,3.1297768,101.5933896,road,"Jalan TR 3/1, Tropicana Golf & Country Resort, PJU 3, Ara Damansara, Petaling Jaya, Petaling, Selangor, 47410, Malaysia"
TROPICANA GOLF & COUNTRY CLUB,DAMANSARA,Petaling,,,none,
TROPICANA GOLF & COUNTRY CLUB,SUNGAI BULUH,Petaling,,,none,
TROPICANA GRANDE - PJU 3,BDR DAMANSARA,Petaling,3.1318369,101.5946389,scheme,"Tropicana Grande, Persiaran Tropicana, Tropicana Golf & Country Resort, PJU 3, Bandar Utama, Petaling Jaya, Petaling, Se"
TROPICANA HEIGHTS (SEMENYIH),BANDAR BATU 18 SEMENYIH,Hulu Langat,2.9649092,101.8111379,scheme,"Tropicana Heights, Kajang 2, Semenyih, Kajang Municipal Council, Hulu Langat, Selangor, Malaysia"
TROPICANA HEIGHTS (SEMENYIH),PEKAN BATU 18 ULU LANGAT,Hulu Langat,2.9649092,101.8111379,scheme,"Tropicana Heights, Kajang 2, Semenyih, Kajang Municipal Council, Hulu Langat, Selangor, Malaysia"
TROPIKA KEMENSAH,HULU KLANG,Gombak,3.2204766,101.7597636,scheme,"Tropika Kemensah, Kampung Kemensah, Ulu Kelang, Ampang Jaya Municipal Council, Gombak, Selangor, Malaysia"
TROPIKA MELAWATI,BANDAR HULU KELANG,Gombak,3.2220126,101.7561404,scheme,"Jalan Tropika Melawati 1, Ulu Kelang, Ampang Jaya Municipal Council, Gombak, Selangor, 53100, Malaysia"
TROPIKA MELAWATI,HULU KLANG,Gombak,3.2220126,101.7561404,scheme,"Jalan Tropika Melawati 1, Ulu Kelang, Ampang Jaya Municipal Council, Gombak, Selangor, 53100, Malaysia"
TROPIKA PARADISE-USJ 17 S.JAYA,PEKAN SUBANG JAYA,Petaling,,,none,
TROPIKA PUTRA,RAWANG,Gombak,3.2337077,101.5563591,scheme,"Tropika Putra, Kuang, Selayang Municipal Council, Gombak, Selangor, Malaysia"
TROPIKAL APARMENT-PJS 10 TMN SRI SUBANG,BDR SUNWAY,Petaling,,,none,
TROPIKAL APARMENT-PJS 10 TMN SRI SUBANG,DAMANSARA,Petaling,,,none,
TTDI JAYA,BUKIT RAJA,Petaling,3.101204,101.5539601,scheme,"TTDI Jaya, Section U2, Shah Alam, Petaling, Selangor, Malaysia"
TTDI JAYA,DAMANSARA,Petaling,3.1437821,101.6212538,scheme,"TTDI, Damansara–Puchong Expressway, SS 21, Bandar Utama, Petaling Jaya, Petaling, Selangor, 60000, Malaysia"
TTDI JAYA,PEKAN HICOM,Petaling,3.101204,101.5539601,scheme,"TTDI Jaya, Section U2, Shah Alam, Petaling, Selangor, Malaysia"
TUAI BARAT RESIDENCE -  SETIA ALAM,BUKIT RAJA,Petaling,,,none,
TULIP APARTMENT,AMPANG,Hulu Langat,3.137104,101.7522863,scheme,"Tulip Apartment, Pandan Indah, Ampang, Ampang Jaya Municipal Council, Hulu Langat, Selangor, Malaysia"
TURFVIEW APART - SERI KEMBANGAN,PEKAN SERDANG,Petaling,,,none,
TUSCANY,MUKIM KUALA LUMPUR,Kuala Lumpur,,,none,
TWIN PALM,CHERAS,Hulu Langat,,,none,
TWIN PALMS KEMENSAH,HULU KLANG,Gombak,3.2175552,101.7661124,scheme,"Twin Palms, Kampung Kemensah, Ulu Kelang, Ampang Jaya Municipal Council, Gombak, Selangor, Malaysia"
TWO TWELVE CONDOMINIUM,KUALA LUMPUR TOWN CENTRE,Kuala Lumpur,,,none,
TWY DUPLEX CONDOS MONT KIARA,MUKIM BATU,Kuala Lumpur,,,none,
U-THANT RESIDENCE,KUALA LUMPUR TOWN CENTRE,Kuala Lumpur,3.1572928,101.7261452,scheme,"U-Thant Residence, 28, Kampung Datuk Keramat, Kuala Lumpur, Malaysia"
U10 HEIGHT (NUSA RHU TOWNSHIP),BUKIT RAJA,Petaling,3.0651152,101.5606318,scheme,"Subang Height West, Subang Hi-Tech, Batu Tiga, Subang Jaya City Council, Petaling, Selangor, Malaysia"
U4- JUTA PERMAI,SUNGAI BULUH,Petaling,,,none,
U9 SHAH ALAM - CAHAYA HEIGHTS (SPK),BUKIT RAJA,Petaling,,,none,
UBN APARTMENT,KUALA LUMPUR TOWN CENTRE,Kuala Lumpur,3.153147,101.7066346,scheme,"UBN Apartment, Lorong P. Ramlee, Kampung Cendana, Kuala Lumpur, 50250, Malaysia"
UKAY BAYU (UKAY HEIGHTS),BANDAR HULU KELANG,Gombak,3.1684994,101.7588462,scheme,"Ukay Bayu, Bukit Antarabangsa, Ulu Kelang, Ampang Jaya Municipal Council, Gombak, Selangor, Malaysia"
UKAY BISTARI,BANDAR HULU KELANG,Gombak,3.199891,101.7662041,scheme,"Taman Ukay Bistari, Ukay Perdana, Ulu Kelang, Ampang Jaya Municipal Council, Gombak, Selangor, 54200, Malaysia"
UKAY BISTARI,HULU KLANG,Gombak,3.199891,101.7662041,scheme,"Taman Ukay Bistari, Ukay Perdana, Ulu Kelang, Ampang Jaya Municipal Council, Gombak, Selangor, 54200, Malaysia"
UKAY HEIGHT,AMPANG,Gombak,3.1629319,101.7595922,scheme,"Taman Ukay Height, Ulu Kelang, Ampang Jaya Municipal Council, Gombak, Selangor, 68000, Malaysia"
UKAY HEIGHT,BANDAR HULU KELANG,Gombak,3.1629319,101.7595922,scheme,"Taman Ukay Height, Ulu Kelang, Ampang Jaya Municipal Council, Gombak, Selangor, 68000, Malaysia"
UKAY HEIGHT,HULU KLANG,Gombak,3.1629319,101.7595922,scheme,"Taman Ukay Height, Ulu Kelang, Ampang Jaya Municipal Council, Gombak, Selangor, 68000, Malaysia"
UKAY PERDANA,BANDAR HULU KELANG,Gombak,3.2066072,101.7773303,scheme,"Ukay Perdana, Ulu Kelang, Ampang Jaya Municipal Council, Gombak, Selangor, 54200, Malaysia"
UKAY PERDANA,HULU KLANG,Gombak,3.2066072,101.7773303,scheme,"Ukay Perdana, Ulu Kelang, Ampang Jaya Municipal Council, Gombak, Selangor, 54200, Malaysia"
UNION HEIGHTS(STRATA),MUKIM PETALING,Kuala Lumpur,3.070612,101.6682893,scheme,"Union Heights Condominium, Taman Yarl, Overseas Union Garden, Kuala Lumpur, Malaysia"
UNIPARK CONDOMINIUM,BARU BARU SALAK TINGGI,Sepang,2.9761147,101.7399677,scheme,"Unipark Condominium, Seksyen 11, Bandar Baru Bangi, Sepang, Selangor, Malaysia"
UNIPARK CONDOMINIUM,BDR BARU BANGI,Sepang,2.9761147,101.7399677,scheme,"Unipark Condominium, Seksyen 11, Bandar Baru Bangi, Sepang, Selangor, Malaysia"
UNITED GARDEN  (TMN LEE YAN LIAN),MUKIM PETALING,Kuala Lumpur,3.084099,101.67619,scheme,"United Garden, Kuchai Lama, Kuala Lumpur, Malaysia"
UNITED POINT RESIDENCE,MUKIM BATU,Kuala Lumpur,3.191196,101.653965,scheme,"United Point Residence, Segambut, Kepong, Kuala Lumpur, Malaysia"
UNIVERSITI TOWER - SEK.11 PJ,BANDAR PETALING JAYA,Petaling,,,none,
UNIVILLAGE (PANGSAPURI UNIVILLAGE),SEMENYIH,Hulu Langat,2.9430096,101.8725869,scheme,"univillage, Semenyih, Kajang Municipal Council, Hulu Langat, Selangor, Malaysia"
URBANA RESIDENCES ARA DAMANSARA,DAMANSARA,Petaling,3.1117316,101.5819591,scheme,"Urbana Residences, PJU 1A, Ara Damansara, Petaling Jaya, Petaling, Selangor, Malaysia"
USJ 1,DAMANSARA,Petaling,3.0414268,101.5984535,scheme,"USJ 1, UEP Subang Jaya, Puchong, Subang Jaya City Council, Petaling, Selangor, Malaysia"
USJ 1,PEKAN PENAGA,Petaling,3.0414268,101.5984535,scheme,"USJ 1, UEP Subang Jaya, Puchong, Subang Jaya City Council, Petaling, Selangor, Malaysia"
USJ 1,PEKAN SUBANG JAYA,Petaling,3.0414268,101.5984535,scheme,"USJ 1, UEP Subang Jaya, Puchong, Subang Jaya City Council, Petaling, Selangor, Malaysia"
USJ 11,DAMANSARA,Petaling,3.0460693,101.5794945,scheme,"USJ 11, UEP Subang Jaya, Subang Jaya City Council, Petaling, Selangor, Malaysia"
USJ 11,PEKAN SUBANG JAYA,Petaling,3.0460693,101.5794945,scheme,"USJ 11, UEP Subang Jaya, Subang Jaya City Council, Petaling, Selangor, Malaysia"
USJ 12,DAMANSARA,Petaling,3.0408723,101.5738641,scheme,"USJ 12, UEP Subang Jaya, Subang Jaya City Council, Petaling, Selangor, Malaysia"
USJ 12,PEKAN SUBANG JAYA,Petaling,3.0408723,101.5738641,scheme,"USJ 12, UEP Subang Jaya, Subang Jaya City Council, Petaling, Selangor, Malaysia"
USJ 13,PEKAN SUBANG JAYA,Petaling,3.0379844,101.5837955,scheme,"USJ 13, UEP Subang Jaya, Puchong, Subang Jaya City Council, Petaling, Selangor, Malaysia"
USJ 14,PEKAN SUBANG JAYA,Petaling,3.0407392,101.5910778,scheme,"USJ 14, UEP Subang Jaya, Puchong, Subang Jaya City Council, Petaling, Selangor, Malaysia"
USJ 16,PEKAN SUBANG JAYA,Petaling,3.034094,101.5764775,scheme,"USJ 16, UEP Subang Jaya, Subang Jaya City Council, Petaling, Selangor, Malaysia"
USJ 17,PEKAN SUBANG JAYA,Petaling,3.0324859,101.5801606,scheme,"USJ 17, UEP Subang Jaya, Subang Jaya City Council, Petaling, Selangor, Malaysia"
USJ 18,PEKAN SUBANG JAYA,Petaling,3.0333995,101.5852629,scheme,"USJ 18, UEP Subang Jaya, Puchong, Subang Jaya City Council, Petaling, Selangor, 47630, Malaysia"
USJ 19,PEKAN SUBANG JAYA,Petaling,3.0342171,101.5897698,scheme,"USJ 19, UEP Subang Jaya, Puchong, Subang Jaya City Council, Petaling, Selangor, Malaysia"
USJ 2,PEKAN SUBANG JAYA,Petaling,3.0598614,101.5861578,scheme,"USJ 2, UEP Subang Jaya, Puchong, Subang Jaya City Council, Petaling, Selangor, Malaysia"
USJ 20,DAMANSARA,Petaling,3.0286347,101.5857688,scheme,"USJ 20, UEP Subang Jaya, Puchong, Subang Jaya City Council, Petaling, Selangor, 47640, Malaysia"
USJ 20,PEKAN SUBANG JAYA,Petaling,3.0286347,101.5857688,scheme,"USJ 20, UEP Subang Jaya, Puchong, Subang Jaya City Council, Petaling, Selangor, 47640, Malaysia"
USJ 22,PEKAN SUBANG JAYA,Petaling,3.0235818,101.5833557,scheme,"USJ 22, UEP Subang Jaya, Puchong, Subang Jaya City Council, Petaling, Selangor, Malaysia"
USJ 23,PEKAN SUBANG JAYA,Petaling,3.0188011,101.5833103,scheme,"USJ 23, UEP Subang Jaya, Puchong, Subang Jaya City Council, Petaling, Selangor, Malaysia"
USJ 24,PEKAN SUBANG JAYA,Petaling,3.0136174,101.583136,scheme,"USJ 24, UEP Subang Jaya, Puchong, Subang Jaya City Council, Petaling, Selangor, Malaysia"
USJ 26,DAMANSARA,Petaling,3.0158115,101.5811974,scheme,"USJ 26, UEP Subang Jaya, Puchong, Subang Jaya City Council, Petaling, Selangor, Malaysia"
USJ 26,PEKAN SUBANG JAYA,Petaling,3.0158115,101.5811974,scheme,"USJ 26, UEP Subang Jaya, Puchong, Subang Jaya City Council, Petaling, Selangor, Malaysia"
USJ 27,DAMANSARA,Petaling,3.0135409,101.5814532,scheme,"USJ 27, UEP Subang Jaya, Puchong, Subang Jaya City Council, Petaling, Selangor, Malaysia"
USJ 27,PEKAN SUBANG JAYA,Petaling,3.0135409,101.5814532,scheme,"USJ 27, UEP Subang Jaya, Puchong, Subang Jaya City Council, Petaling, Selangor, Malaysia"
USJ 3,BANDAR SUBANG JAYA,Petaling,3.0561286,101.571503,scheme,"USJ 3, Subang Hi-Tech, UEP Subang Jaya, Subang Jaya City Council, Petaling, Selangor, Malaysia"
USJ 3,DAMANSARA,Petaling,3.0561286,101.571503,scheme,"USJ 3, Subang Hi-Tech, UEP Subang Jaya, Subang Jaya City Council, Petaling, Selangor, Malaysia"
USJ 3,PEKAN SUBANG JAYA,Petaling,3.0561286,101.571503,scheme,"USJ 3, Subang Hi-Tech, UEP Subang Jaya, Subang Jaya City Council, Petaling, Selangor, Malaysia"
USJ 4,PEKAN SUBANG JAYA,Petaling,3.0530872,101.5751988,scheme,"USJ 4, UEP Subang Jaya, Subang Jaya City Council, Petaling, Selangor, 47620, Malaysia"
USJ 5,BANDAR SUBANG JAYA,Petaling,3.0539613,101.5808513,scheme,"USJ 5, UEP Subang Jaya, Subang Jaya City Council, Petaling, Selangor, 47610, Malaysia"
USJ 5,PEKAN SUBANG JAYA,Petaling,3.0539613,101.5808513,scheme,"USJ 5, UEP Subang Jaya, Subang Jaya City Council, Petaling, Selangor, 47610, Malaysia"
USJ 6,BANDAR SUBANG JAYA,Petaling,3.0521964,101.5879093,scheme,"USJ 6, UEP Subang Jaya, Puchong, Subang Jaya City Council, Petaling, Selangor, Malaysia"
USJ 6,PEKAN SUBANG JAYA,Petaling,3.0521964,101.5879093,scheme,"USJ 6, UEP Subang Jaya, Puchong, Subang Jaya City Council, Petaling, Selangor, Malaysia"
USJ 8,PEKAN SUBANG JAYA,Petaling,3.0460052,101.5913895,scheme,"USJ 8, UEP Subang Jaya, Puchong, Subang Jaya City Council, Petaling, Selangor, Malaysia"
USJ 9,BANDAR SUBANG JAYA,Petaling,3.0419757,101.5854824,scheme,"USJ 9, UEP Subang Jaya, Puchong, Subang Jaya City Council, Petaling, Selangor, Malaysia"
USJ 9,PEKAN SUBANG JAYA,Petaling,3.0419757,101.5854824,scheme,"USJ 9, UEP Subang Jaya, Puchong, Subang Jaya City Council, Petaling, Selangor, Malaysia"
USJ HEIGHT,DAMANSARA,Petaling,,,none,
USJ HEIGHT,PEKAN SUBANG JAYA,Petaling,,,none,
USJ ONE AVENUE-USJ 1,PEKAN PENAGA,Petaling,,,none,
USJ ONE PARK KONDO,PEKAN PENAGA,Petaling,,,none,
V RESIDENSI,BANDAR SELAYANG,Gombak,3.2736728,101.6528087,scheme,"V-Residensi, Selayang Municipal Council, Gombak, Selangor, Malaysia"
V RESIDENSI,RAWANG,Gombak,3.2736728,101.6528087,scheme,"V-Residensi, Selayang Municipal Council, Gombak, Selangor, Malaysia"
VALENCIA,BANDAR SUNGAI BULOH,Gombak,3.2133406,101.5874368,scheme,"Valencia, Selayang Municipal Council, Gombak, Selangor, Malaysia"
VALENCIA,PEKAN SUNGAI BULOH,Gombak,3.2133406,101.5874368,scheme,"Valencia, Selayang Municipal Council, Gombak, Selangor, Malaysia"
VANTAGE POINT (TAMAN DESA PETALING),MUKIM PETALING,Kuala Lumpur,3.0861396,101.7014399,scheme,"Vantage Point, Jalan 4/125, New Salak South Village, Bandar Sri Permaisuri, Salak South, Kuala Lumpur, 57100, Malaysia"
VASANA 25 (SEPUTEH),KUALA LUMPUR TOWN CENTRE,Kuala Lumpur,3.1193346,101.6845646,scheme,"Vasana 25 @ Seputeh Heights, Seputeh, Kuala Lumpur, Malaysia"
VENICE HILL,HULU LANGAT,Hulu Langat,3.0798552,101.7735864,scheme,"Venice Hill Condominium, Cheras, Kajang Municipal Council, Hulu Langat, Selangor, Malaysia"
VERANDO RESIDENCE,BDR PETALING JAYA SELATAN,Petaling,3.0812403,101.6262234,scheme,"Verando Residence, PJS 5, Petaling Jaya South, Petaling Jaya, Petaling, Selangor, Malaysia"
VERDANA @ NORTH KIARA,MUKIM BATU,Kuala Lumpur,,,none,
VERONA TOWN VILLAS,MUKIM KUALA LUMPUR,Kuala Lumpur,,,none,
VERTICAS RESIDENSI,KUALA LUMPUR TOWN CENTRE,Kuala Lumpur,3.1476384,101.7045452,scheme,"Verticas Residensi, 10, Bukit Bintang, Kuala Lumpur, 50200, Malaysia"
VILA RIA CONDO,HULU KLANG,Gombak,,,none,
VILLA  ANGKASA,MUKIM SETAPAK,Kuala Lumpur,,,none,
VILLA AMAN,KUALA LUMPUR TOWN CENTRE,Kuala Lumpur,3.1594999,101.7403922,scheme,"Villa Aman, Ampang Hilir, Kampung Datuk Keramat, Kuala Lumpur, Malaysia"
VILLA AMPANG,KUALA LUMPUR TOWN CENTRE,Kuala Lumpur,3.1597013,101.734215,scheme,"Villa Ampang Condomunium, 3, Ampang Hilir, Kampung Datuk Keramat, Kuala Lumpur, 50538, Malaysia"
VILLA ANGKASA,MUKIM SETAPAK,Kuala Lumpur,,,none,
VILLA ANGSANA,MUKIM BATU,Kuala Lumpur,3.1930339,101.6842023,scheme,"Villa Angsana, Batu, Kuala Lumpur, Malaysia"
VILLA ANGSANA,MUKIM PETALING,Kuala Lumpur,3.1930339,101.6842023,scheme,"Villa Angsana, Batu, Kuala Lumpur, Malaysia"
VILLA ARMADA,MUKIM KUALA LUMPUR,Kuala Lumpur,3.0996028,101.6893704,scheme,"Armada Villa, Taman Desa, Kuala Lumpur, Malaysia"
VILLA ASTANA,BANDAR BATU 18 SEMENYIH,Hulu Langat,2.9837237,101.8231855,scheme,"Jalan Villa Astana 2, Semenyih, Kajang Municipal Council, Hulu Langat, Selangor, 43000, Malaysia"
VILLA BAHAGIA,MUKIM PETALING,Kuala Lumpur,3.0788391,101.6965469,scheme,"Villa Bahagia B, Jalan Mentari 3, Taman Naga Emas, Sri Petaling, Kuala Lumpur, 57000, Malaysia"
VILLA BUKIT TUNKU,MUKIM BATU,Kuala Lumpur,3.1695774,101.6797256,scheme,"Villa Bukit Tunku, Kampung Kasipillay, Kuala Lumpur, Malaysia"
VILLA CRYSTAL,MUKIM BATU,Kuala Lumpur,3.1838083,101.6499051,scheme,"Villa Crystal, Segambut, Kepong, Kuala Lumpur, Malaysia"
VILLA DAMANSARA,PEKAN BARU SG BULUH,Petaling,3.1531949,101.5868864,scheme,"Villa Damansara, PJU 5, Kota Damansara, Petaling Jaya, Petaling, Selangor, Malaysia"
VILLA DANAU,MUKIM SETAPAK,Kuala Lumpur,3.1033127,101.6898291,scheme,"Danau Villa, Taman Desa, Kuala Lumpur, Malaysia"
VILLA DUTA COND TMN BKT MULIA,HULU KLANG,Gombak,,,none,
VILLA FLORA  (TAMAN TUN DR ISMAIL),MUKIM KUALA LUMPUR,Kuala Lumpur,3.1548233,101.6238133,scheme,"Villa Flora Condominiums, Taman Tun Dr Ismail, Kuala Lumpur, 60000, Malaysia"
VILLA FLORA  (TTDI FASA 7),MUKIM KUALA LUMPUR,Kuala Lumpur,3.1548233,101.6238133,scheme,"Villa Flora Condominiums, Taman Tun Dr Ismail, Kuala Lumpur, 60000, Malaysia"
VILLA HEIGHT,BANDAR BATU 18 SEMENYIH,Hulu Langat,2.9846225,101.8207342,scheme,"Taman Villa Height, Kajang Municipal Council, Hulu Langat, Selangor, 43000, Malaysia"
VILLA HEIGHT 2,BANDAR BATU 18 SEMENYIH,Hulu Langat,2.9846225,101.8207342,scheme,"Taman Villa Height, Kajang Municipal Council, Hulu Langat, Selangor, 43000, Malaysia"
VILLA HEIGHT 2,SEMENYIH,Hulu Langat,2.9846225,101.8207342,scheme,"Taman Villa Height, Kajang Municipal Council, Hulu Langat, Selangor, 43000, Malaysia"
VILLA IMPIAN,DENGKIL,Sepang,2.8213532,101.6967555,scheme,"Villa Impian, Kota Warisan, Sepang, Selangor, Malaysia"
VILLA KEMANSAH,HULU KLANG,Gombak,,,none,
VILLA KRISTAL HEIGHTS,SETAPAK,Gombak,3.2535573,101.7053761,scheme,"Villa Kristal Heights, Gombak, Selayang Municipal Council, Gombak, Selangor, Malaysia"
VILLA LAGENDA CONDO,MUKIM BATU,Kuala Lumpur,,,none,
VILLA LAKSAMANA,BANDAR SELAYANG,Gombak,3.2457138,101.6770015,scheme,"Jalan Villa Laksamana, Kampung Nakhoda, Kampung Laksamana, Batu Caves, Selayang Municipal Council, Gombak, Selangor, 681"
VILLA LAMAN TASEK,MUKIM KUALA LUMPUR,Kuala Lumpur,,,none,
VILLA MAAROF,MUKIM KUALA LUMPUR,Kuala Lumpur,,,none,
VILLA MAKMUR CONDOMINIUM,MUKIM BATU,Kuala Lumpur,,,none,
VILLA MALAWATI,BANDAR KUALA SELANGOR,Kuala Selangor,3.3429505,101.2500239,scheme,"Villa Malawati, Pasir Penambang, Kuala Selangor, Selangor, Malaysia"
VILLA MAS TOWNHOUSE,MUKIM BATU,Kuala Lumpur,,,none,
VILLA MEWAH,MUKIM PETALING,Kuala Lumpur,3.0751923,101.6929386,scheme,"Villa Mewah, Sri Petaling, Kuala Lumpur, 57000, Malaysia"
VILLA MONT KIARA,MUKIM BATU,Kuala Lumpur,3.1689007,101.6520171,scheme,"Villa Mont Kiara, Mont Kiara, Kuala Lumpur, Malaysia"
VILLA ORKID,MUKIM BATU,Kuala Lumpur,3.1778097,101.6447505,scheme,"Villa Orkid Condominium, Kuala Lumpur, 51200, Malaysia"
VILLA OUG CONDO,MUKIM PETALING,Kuala Lumpur,,,none,
VILLA PARK-TMN BKT SERDANG SEK.2,PETALING,Petaling,,,none,
VILLA PAVILION APARTMENT-TMN BKT SERDANG,PETALING,Petaling,,,none,
VILLA PAWANA,MUKIM AMPANG,Kuala Lumpur,3.1722157,101.7315206,scheme,"Villa Pawana, Kampung Datuk Keramat, Kuala Lumpur, Malaysia"
VILLA PENCHALA,MUKIM KUALA LUMPUR,Kuala Lumpur,,,none,
VILLA PINES SEGAMBUT,MUKIM BATU,Kuala Lumpur,3.1818294,101.6566665,scheme,"Villa Pines, Segambut, Kepong, Kuala Lumpur, Malaysia"
VILLA PUTERI CONDO,KUALA LUMPUR TOWN CENTRE,Kuala Lumpur,,,none,
VILLA PUTRA,KUALA LUMPUR TOWN CENTRE,Kuala Lumpur,3.1653004,101.6921812,scheme,"Villa Putra, 33, Chow Kit, Sentul, Kuala Lumpur, 50480, Malaysia"
VILLA SAUJANIS,MUKIM BATU,Kuala Lumpur,,,none,
VILLA SCOTT,KUALA LUMPUR TOWN CENTRE,Kuala Lumpur,3.1335764,101.6923712,scheme,"Villa Scott Condominium, 33, Brickfields, Kuala Lumpur, Malaysia"
VILLA SENJA,BANDAR KUNDANG,Gombak,,,none,
"VILLA SENTOSA, TMN SENTOSA",KELANG,Klang,3.0061897,101.4865653,scheme,"Perdana Villa, Bandar Sentosa, Klang City, Klang, Selangor, 41200, Malaysia"
VILLA SERI PUTERI,MUKIM KUALA LUMPUR,Kuala Lumpur,3.1161537,101.7300619,scheme,"Villa Seri Puteri, Pudu Ulu, Cheras, Kuala Lumpur, Malaysia"
VILLA SETIA,MUKIM KUALA LUMPUR,Kuala Lumpur,3.2007911,101.7356838,scheme,"Alpha Villa Apartment, 12, Jalan 2/27A, Wangsa Maju, Kuala Lumpur, 53300, Malaysia"
VILLA SRI MANJA,BDR PETALING JAYA SELATAN,Petaling,3.0754736,101.6412276,scheme,"Villa Sri Manja, PJS 3, Petaling Jaya South, Petaling Jaya, Petaling, Selangor, Malaysia"
VILLA SRI UKAY,BANDAR HULU KELANG,Gombak,3.1839888,101.7621742,scheme,"Villa Sri Ukay, Bukit Antarabangsa, Ulu Kelang, Ampang Jaya Municipal Council, Gombak, Selangor, Malaysia"
VILLA SUNGAI LONG,BANDAR CHERAS,Hulu Langat,3.0355775,101.7866193,scheme,"Jalan Suria Villa, Taman Rakan, Cheras, Kajang Municipal Council, Hulu Langat, Selangor, 43000, Malaysia"
VILLA UNIVERSITI,SETAPAK,Gombak,,,none,
VILLA VISTA CHERAS,MUKIM KUALA LUMPUR,Kuala Lumpur,,,none,
VILLA VISTA CONDO,MUKIM KUALA LUMPUR,Kuala Lumpur,,,none,
VILLA WANGSAMAS CONDO,MUKIM SETAPAK,Kuala Lumpur,,,none,
VILLA WANGSAMAS CONDOMINIUM,MUKIM SETAPAK,Kuala Lumpur,,,none,
VILLA YARL,MUKIM PETALING,Kuala Lumpur,3.0723428,101.6673938,scheme,"Villa Yarl OUG, Taman Yarl, Overseas Union Garden, Kuala Lumpur, Malaysia"
VILLAMAS APART - BDR PUCHONG JAYA,PETALING,Petaling,,,none,
VILLARIA CONDOMINIUM-PJS 5,BDR PETALING JAYA SELATAN,Petaling,,,none,
"VIM 3, DESA PARK NORTH",KUALA LUMPUR TOWN CENTRE,Kuala Lumpur,,,none,
VINA VERSATILE HOMES,CHERAS,Hulu Langat,,,none,
VISION RESIDENCES CONDOMINIUM,DENGKIL,Sepang,,,none,
VISTA ALAM (SERVICE APARTMENT),SUNGAI BULUH,Petaling,3.0708709,101.5248782,scheme,"Vista Alam Serviced Apartment, Section 14, Shah Alam, Petaling, Selangor, Malaysia"
VISTA AMANI,MUKIM KUALA LUMPUR,Kuala Lumpur,3.0963306,101.7146055,scheme,"Vista Amani Condominium, Bandar Sri Permaisuri, Cheras, Kuala Lumpur, Malaysia"
VISTA ANGKASA APARTMENT,MUKIM KUALA LUMPUR,Kuala Lumpur,,,none,
VISTA APARTMENT-PJU 10 D'SARA DAMAI,BDR SUNWAY,Petaling,,,none,
VISTA APARTMENT-PJU 10 D'SARA DAMAI,SUNGAI BULUH,Petaling,,,none,
"VISTA BAYU APARTMENT, BAYU PERDANA",BANDAR KELANG,Klang,,,none,
VISTA DAMAI,KUALA LUMPUR TOWN CENTRE,Kuala Lumpur,3.1628946,101.719268,scheme,"Vista Damai Condominium, 340, Jalan Tun Razak, Kampung Padang, Kampung Datuk Keramat, Kuala Lumpur, 55000, Malaysia"
VISTA DAMANSARA-PJU 6 KAYU ARA,PEKAN KAYU ARA,Petaling,,,none,
VISTA DANAU KOTA RESIDENSI,MUKIM SETAPAK,Kuala Lumpur,,,none,
VISTA HARMONI,MUKIM CHERAS,Kuala Lumpur,3.2049441,101.6903971,scheme,"Vista Harmoni Residences, 19, Kampung Chubadak Hulu, Kampung Padang Balang, Kuala Lumpur, 51100, Malaysia"
VISTA IMPIAN - BKT SERDANG SEK. 10,PETALING,Petaling,,,none,
"VISTA INDAH PUTRA, BAYU PERDANA",BANDAR KELANG,Klang,,,none,
VISTA KIARA,MUKIM BATU,Kuala Lumpur,3.1668783,101.6498811,scheme,"Vista Kiara, Mont Kiara, Kuala Lumpur, Malaysia"
VISTA KOMANWEL,MUKIM PETALING,Kuala Lumpur,3.0598686,101.6859049,scheme,"Vista Komanwel B, Bukit Jalil, Seri Kembangan, Kuala Lumpur, 57000, Malaysia"
VISTA MILLENNIUM-PUCHONG PERDANA,PEKAN PUCHONG PERDANA,Petaling,3.0023076,101.6032003,scheme,"Vista Millennium, Persiaran Desa Millennia, Puchong Perdana, Puchong, Subang Jaya City Council, Petaling, Selangor, 4715"
VISTA MUTIARA,MUKIM BATU,Kuala Lumpur,3.2099942,101.648459,scheme,"Vista Mutiara, Jinjang, Kepong, Kuala Lumpur, Malaysia"
VISTA PINGGIRAN-TMN PINGGIRAN PUTRA,PETALING,Petaling,2.9919348,101.6776529,scheme,"Vista Pinggiran, Jalan Pinggiran Putra, Taman Pinggiran Putra, Putra Permai, Subang Jaya City Council, Petaling, Selango"
VISTA PRIMA- BDR BUKIT PUCHONG,PETALING,Petaling,2.9879667,101.6254994,scheme,"Vista Prima, Bandar Bukit Puchong, Subang Jaya City Council, Petaling, Selangor, Malaysia"
VISTA SG RAMAL,KAJANG,Hulu Langat,2.9744836,101.7553531,scheme,"Vista Sungai Ramal, Kampung Sungai Ramal Dalam, Kajang Municipal Council, Hulu Langat, Selangor, Malaysia"
VISTA SRI TANJUNG,PEKAN SEMENYIH,Hulu Langat,,,none,
VISTA SRI TANJUNG,SEMENYIH,Hulu Langat,,,none,
VISTA SUBANG - ARA DAMANSARA,PEKAN CHEMPAKA,Petaling,,,none,
VISTA TASIK KONDO,MUKIM BATU,Kuala Lumpur,,,none,
VISTA TASIK KONDO,MUKIM KUALA LUMPUR,Kuala Lumpur,,,none,
VISTA WIRA APARTMENT,MUKIM SETAPAK,Kuala Lumpur,,,none,
VISTANA CONDO,KUALA LUMPUR TOWN CENTRE,Kuala Lumpur,,,none,
VISTARIA APARTMENT-PST BDR PUCHONG,PEKAN PUCHONG PERDANA,Petaling,,,none,
VISTARIA RESIDENSI KONDOMINIUM,MUKIM KUALA LUMPUR,Kuala Lumpur,,,none,
VIVA RESIDENCY,KUALA LUMPUR TOWN CENTRE,Kuala Lumpur,3.177932,101.6852551,scheme,"Viva Residency (Block B), Sultan Azlan Shah Road, Million Garden, Kampung Kasipillay, Kuala Lumpur, 51000, Malaysia"
WAIZURI,MUKIM SETAPAK,Kuala Lumpur,,,none,
WANGSA HEIGHTS (BUKIT ANTARABANGSA),BANDAR HULU KELANG,Gombak,,,none,
"WANGSA INTAN, KLANG",BANDAR KELANG,Klang,,,none,
WANGSA MELAWATI,MUKIM SETAPAK,Kuala Lumpur,3.2127238,101.7430908,scheme,"Wangsa Melawati, Middle Ring Road 2, Desa Melawati, Wangsa Maju, Kuala Lumpur, 53300, Malaysia"
WANGSA MELAWATI,MUKIM ULU KELANG,Kuala Lumpur,3.2016238,101.7476854,scheme,"Jalan Wangsa Melawati 4, Taman Wangsa Melawati, Ulu Kelang, Kuala Lumpur, Gombak, Selangor, 53300, Malaysia"
WANGSA METROVIEW,MUKIM SETAPAK,Kuala Lumpur,3.2047381,101.7356723,scheme,"Wangsa Metroview Condo, Wangsa Maju, Kuala Lumpur, Malaysia"
WANGSA PERMAI,BANDAR KEPONG,Gombak,3.2092536,101.6103398,scheme,"Taman Wangsa Permai, Selayang Municipal Council, Gombak, Selangor, Malaysia"
WANGSA PERMAI,BATU,Gombak,3.2092536,101.6103398,scheme,"Taman Wangsa Permai, Selayang Municipal Council, Gombak, Selangor, Malaysia"
WANGSA UKAY (BUKIT ANTARABANGSA),BANDAR HULU KELANG,Gombak,3.1830049,101.7664847,scheme,"Jalan Wangsa 5A, Taman Wangsa Ukay, Bukit Antarabangsa, Ulu Kelang, Ampang Jaya Municipal Council, Gombak, Selangor, 542"
WANGSA UKAY (BUKIT ANTARABANGSA),HULU KLANG,Gombak,3.1868674,101.7691246,scheme,"Taman Wangsa Ukay, Bukit Antarabangsa, Ulu Kelang, Ampang Jaya Municipal Council, Gombak, Selangor, Malaysia"
WARISAN BESTARI DENGKIL,DENGKIL,Sepang,2.8361921,101.6832978,scheme,"Jalan Warisan Bestari 5, Taman Warisan Bestari, Kampung Orang Asli Sungai Melut, Dengkil, Sepang, Selangor, 43900, Malay"
WARISAN CITY VIEW APARTMENT,KUALA LUMPUR TOWN CENTRE,Kuala Lumpur,,,none,
WASHINGTON TOWER (MEADOW PARK),MUKIM PETALING,Kuala Lumpur,,,none,
WATERFALL TARRACE (TAMAN DESA PETALING),MUKIM PETALING,Kuala Lumpur,,,none,
WEST COURT (TAMAN SRI SENTOSA),MUKIM PETALING,Kuala Lumpur,3.1603005,101.7003372,scheme,"West Court, Vision City, Chow Kit, Kampung Cendana, Kuala Lumpur, 50300, Malaysia"
WICKHAM MANOR,MUKIM AMPANG,Kuala Lumpur,,,none,
WINDOWS ON THE PARK@BDR TUN HUSSIEN ONN,PEKAN CHERAS,Hulu Langat,,,none,
WINNER COURT (TAMAN DESA PETALING),MUKIM PETALING,Kuala Lumpur,3.0833002,101.7079208,scheme,"Winner Court B, Bandar Tun Razak, Salak South, Kuala Lumpur, 57100, Malaysia"
WINNER HEIGHTS (TAMAN DESA PETALING),MUKIM PETALING,Kuala Lumpur,3.0837912,101.7070547,scheme,"Winner Heights, Jalan 2/125, Desa Petaling, Bandar Tun Razak, Salak South, Kuala Lumpur, 56000, Malaysia"
WIRA HEIGHTS,CHERAS,Hulu Langat,3.0385485,101.8057511,scheme,"Jalan Wira Heights 1, SL 4, Bandar Mahkota Cheras, Kajang Municipal Council, Hulu Langat, Selangor, 43000, Malaysia"
WISMA BEE CHAI,KUALA LUMPUR TOWN CENTRE,Kuala Lumpur,,,none,
WISMA CUEPACS,KUALA LUMPUR TOWN CENTRE,Kuala Lumpur,3.1851152,101.6932114,scheme,"Wisma Koperasi Cuepacs, Jalan 15/48A, Sentul Boulevard, Kampung Chubadak Hilir, Kuala Lumpur, 51000, Malaysia"
WISMA HOCK ANN,KUALA LUMPUR TOWN CENTRE,Kuala Lumpur,3.1664204,101.6990361,scheme,"Wisma Hock Ann, 70, Jalan Haji Hussein, Kampung Periuk, Chow Kit, Kampung Bharu, Kuala Lumpur, 50300, Malaysia"
WISMA KONG LEE,KUALA LUMPUR TOWN CENTRE,Kuala Lumpur,,,none,
WISMA SHENCOURT,KUALA LUMPUR TOWN CENTRE,Kuala Lumpur,,,none,
WISMA STEPHENS,KUALA LUMPUR TOWN CENTRE,Kuala Lumpur,,,none,
X2 RESIDENCY,DENGKIL,Sepang,2.9659419,101.5934562,scheme,"X2 Residency, Sepang, Selangor, Malaysia"
YOU CITY (YOU RESIDENCES APARTMENT),PEKAN CHERAS,Hulu Langat,3.072279,101.7634025,scheme,"Linkway to You City III, You CIty III, Cheras, Kajang Municipal Council, Hulu Langat, Selangor, 43200, Malaysia"
ZEFER HILL RESIDENCE-PST BDR PUCHONG,PEKAN PUCHONG JAYA,Petaling,,,none,
ZEHN BUKIT PANTAI KONDOMINIUM,MUKIM KUALA LUMPUR,Kuala Lumpur,,,none,
ZEN RESIDENCE@ASPLENIUM -PST BDR PUCHONG,PETALING,Petaling,,,none,
ZENITH RESIDENCES CONDO-SS7 P.JAYA,BANDAR PETALING JAYA,Petaling,,,none,
ZETA DESKYE ALAM SAUJANA,MUKIM BATU,Kuala Lumpur,,,none,
ZEVA RESIDENCE-SERI KEMBANGAN,PETALING,Petaling,2.9925852,101.6768848,scheme,"Zeva Residence Block B, Jalan Putra Permai, Putra Permai, Subang Jaya City Council, Petaling, Selangor, 43300, Malaysia"
